run_id,model,class,threshold,nb_model,nb_treat_all,nb_treat_none,nb_clinical_rule,prevalence
0,Logistic Regression,overt_hypothyroid,0.01,0.022558922558922556,0.013047138047138045,0.0,0.0207351290684624,0.0229
0,Logistic Regression,overt_hypothyroid,0.02,0.02226473922902494,0.0029761904761904726,0.0,0.020634920634920634,0.0229
0,Logistic Regression,overt_hypothyroid,0.03,0.02197164948453608,-0.007302405498281789,0.0,0.020532646048109966,0.0229
0,Logistic Regression,overt_hypothyroid,0.04,0.021701388888888888,-0.01779513888888889,0.0,0.02042824074074074,0.0229
0,Logistic Regression,overt_hypothyroid,0.05,0.021491228070175436,-0.028508771929824563,0.0,0.020321637426900584,0.0229
0,Logistic Regression,overt_hypothyroid,0.06,0.02127659574468085,-0.039450354609929086,0.0,0.020212765957446806,0.0229
0,Logistic Regression,overt_hypothyroid,0.07,0.021139486260454,-0.050627240143369154,0.0,0.020101553166069295,0.0229
0,Logistic Regression,overt_hypothyroid,0.08,0.020863526570048307,-0.06204710144927536,0.0,0.019987922705314007,0.0229
0,Logistic Regression,overt_hypothyroid,0.09,0.02065018315018315,-0.0737179487179487,0.0,0.01987179487179487,0.0229
0,Logistic Regression,overt_hypothyroid,0.1,0.020447530864197528,-0.08564814814814814,0.0,0.019753086419753086,0.0229
0,Logistic Regression,overt_hypothyroid,0.11,0.020341760299625467,-0.09784644194756553,0.0,0.01963171036204744,0.0229
0,Logistic Regression,overt_hypothyroid,0.12,0.020075757575757573,-0.11032196969696967,0.0,0.01950757575757576,0.0229
0,Logistic Regression,overt_hypothyroid,0.13,0.019907407407407405,-0.12308429118773948,0.0,0.019380587484035757,0.0229
0,Logistic Regression,overt_hypothyroid,0.14,0.01975129198966408,-0.13614341085271317,0.0,0.01925064599483204,0.0229
0,Logistic Regression,overt_hypothyroid,0.15,0.019485294117647056,-0.14950980392156865,0.0,0.019117647058823527,0.0229
0,Logistic Regression,overt_hypothyroid,0.16,0.019477513227513225,-0.16319444444444445,0.0,0.01898148148148148,0.0229
0,Logistic Regression,overt_hypothyroid,0.17,0.01936077643908969,-0.17720883534136547,0.0,0.018842034805890227,0.0229
0,Logistic Regression,overt_hypothyroid,0.18,0.019105691056910568,-0.19156504065040653,0.0,0.01869918699186992,0.0229
0,Logistic Regression,overt_hypothyroid,0.19,0.019007201646090533,-0.20627572016460904,0.0,0.01855281207133059,0.0229
0,Logistic Regression,overt_hypothyroid,0.2,0.01892361111111111,-0.22135416666666666,0.0,0.018402777777777775,0.0229
0,Logistic Regression,overt_hypothyroid,0.21,0.018670886075949366,-0.23681434599156118,0.0,0.018248945147679323,0.0229
0,Logistic Regression,overt_hypothyroid,0.22,0.01841168091168091,-0.25267094017094016,0.0,0.01809116809116809,0.0229
0,Logistic Regression,overt_hypothyroid,0.23,0.018145743145743146,-0.2689393939393939,0.0,0.017929292929292927,0.0229
0,Logistic Regression,overt_hypothyroid,0.24,0.01787280701754386,-0.28563596491228077,0.0,0.017763157894736842,0.0229
0,Logistic Regression,overt_hypothyroid,0.25,0.01759259259259259,-0.30277777777777776,0.0,0.01759259259259259,0.0229
0,Logistic Regression,overt_hypothyroid,0.26,0.017304804804804803,-0.3203828828828829,0.0,0.017417417417417418,0.0229
0,Logistic Regression,overt_hypothyroid,0.27,0.017009132420091323,-0.33847031963470325,0.0,0.01723744292237443,0.0229
0,Logistic Regression,overt_hypothyroid,0.28,0.016705246913580246,-0.3570601851851853,0.0,0.017052469135802467,0.0229
0,Logistic Regression,overt_hypothyroid,0.29,0.01639280125195618,-0.37617370892018787,0.0,0.016862284820031298,0.0229
0,Logistic Regression,overt_hypothyroid,0.3,0.01607142857142857,-0.39583333333333337,0.0,0.016666666666666666,0.0229
0,Logistic Regression,subclinical_hypothyroid,0.01,0.04396745230078563,0.04180695847362514,0.0,0.04924242424242425,0.0514
0,Logistic Regression,subclinical_hypothyroid,0.02,0.03857709750566893,0.03202947845804988,0.0,0.048469387755102046,0.0514
0,Logistic Regression,subclinical_hypothyroid,0.03,0.03553837342497136,0.022050400916380296,0.0,0.047680412371134025,0.0514
0,Logistic Regression,subclinical_hypothyroid,0.04,0.0337673611111111,0.011863425925925923,0.0,0.046875,0.0514
0,Logistic Regression,subclinical_hypothyroid,0.05,0.033442982456140344,0.0014619883040935602,0.0,0.04605263157894737,0.0514
0,Logistic Regression,subclinical_hypothyroid,0.06,0.034145981087470446,-0.00916075650118204,0.0,0.04521276595744681,0.0514
0,Logistic Regression,subclinical_hypothyroid,0.07,0.03497610513739546,-0.02001194743130226,0.0,0.04435483870967742,0.0514
0,Logistic Regression,subclinical_hypothyroid,0.08,0.035326086956521736,-0.03109903381642512,0.0,0.04347826086956522,0.0514
0,Logistic Regression,subclinical_hypothyroid,0.09,0.03559218559218559,-0.04242979242979242,0.0,0.042582417582417584,0.0514
0,Logistic Regression,subclinical_hypothyroid,0.1,0.03564814814814815,-0.054012345679012336,0.0,0.04166666666666667,0.0514
0,Logistic Regression,subclinical_hypothyroid,0.11,0.03508114856429463,-0.06585518102372034,0.0,0.04073033707865169,0.0514
0,Logistic Regression,subclinical_hypothyroid,0.12,0.03481691919191919,-0.0779671717171717,0.0,0.03977272727272728,0.0514
0,Logistic Regression,subclinical_hypothyroid,0.13,0.03468231162196679,-0.09035759897828864,0.0,0.03879310344827586,0.0514
0,Logistic Regression,subclinical_hypothyroid,0.14,0.03454457364341085,-0.10303617571059433,0.0,0.03779069767441861,0.0514
0,Logistic Regression,subclinical_hypothyroid,0.15,0.034109477124182996,-0.11601307189542488,0.0,0.03676470588235294,0.0514
0,Logistic Regression,subclinical_hypothyroid,0.16,0.033531746031746024,-0.1292989417989418,0.0,0.03571428571428571,0.0514
0,Logistic Regression,subclinical_hypothyroid,0.17,0.03289825970548862,-0.142904953145917,0.0,0.03463855421686747,0.0514
0,Logistic Regression,subclinical_hypothyroid,0.18,0.032638888888888884,-0.15684281842818432,0.0,0.03353658536585366,0.0514
0,Logistic Regression,subclinical_hypothyroid,0.19,0.03249314128943759,-0.17112482853223593,0.0,0.03240740740740741,0.0514
0,Logistic Regression,subclinical_hypothyroid,0.2,0.032986111111111105,-0.1857638888888889,0.0,0.03125,0.0514
0,Logistic Regression,subclinical_hypothyroid,0.21,0.03385196905766526,-0.2007735583684951,0.0,0.030063291139240507,0.0514
0,Logistic Regression,subclinical_hypothyroid,0.22,0.03376068376068376,-0.21616809116809116,0.0,0.02884615384615385,0.0514
0,Logistic Regression,subclinical_hypothyroid,0.23,0.03292748917748918,-0.23196248196248198,0.0,0.027597402597402603,0.0514
0,Logistic Regression,subclinical_hypothyroid,0.24,0.032529239766081866,-0.2481725146198831,0.0,0.026315789473684213,0.0514
0,Logistic Regression,subclinical_hypothyroid,0.25,0.032638888888888884,-0.2648148148148148,0.0,0.025000000000000005,0.0514
0,Logistic Regression,subclinical_hypothyroid,0.26,0.032357357357357355,-0.28190690690690695,0.0,0.02364864864864865,0.0514
0,Logistic Regression,subclinical_hypothyroid,0.27,0.031611491628614916,-0.2994672754946728,0.0,0.022260273972602742,0.0514
0,Logistic Regression,subclinical_hypothyroid,0.28,0.031674382716049373,-0.3175154320987655,0.0,0.020833333333333332,0.0514
0,Logistic Regression,subclinical_hypothyroid,0.29,0.03153364632237871,-0.33607198748043826,0.0,0.01936619718309859,0.0514
0,Logistic Regression,subclinical_hypothyroid,0.3,0.0314484126984127,-0.3551587301587302,0.0,0.017857142857142856,0.0514
0,Random Forest,overt_hypothyroid,0.01,0.022629068462401793,0.013047138047138045,0.0,0.0207351290684624,0.0229
0,Random Forest,overt_hypothyroid,0.02,0.022448979591836733,0.0029761904761904726,0.0,0.020634920634920634,0.0229
0,Random Forest,overt_hypothyroid,0.03,0.022444158075601375,-0.007302405498281789,0.0,0.020532646048109966,0.0229
0,Random Forest,overt_hypothyroid,0.04,0.0224537037037037,-0.01779513888888889,0.0,0.02042824074074074,0.0229
0,Random Forest,overt_hypothyroid,0.05,0.022551169590643273,-0.028508771929824563,0.0,0.020321637426900584,0.0229
0,Random Forest,overt_hypothyroid,0.06,0.022606382978723402,-0.039450354609929086,0.0,0.020212765957446806,0.0229
0,Random Forest,overt_hypothyroid,0.07,0.02270758661887694,-0.050627240143369154,0.0,0.020101553166069295,0.0229
0,Random Forest,overt_hypothyroid,0.08,0.02267512077294686,-0.06204710144927536,0.0,0.019987922705314007,0.0229
0,Random Forest,overt_hypothyroid,0.09,0.02271062271062271,-0.0737179487179487,0.0,0.01987179487179487,0.0229
0,Random Forest,overt_hypothyroid,0.1,0.022685185185185183,-0.08564814814814814,0.0,0.019753086419753086,0.0229
0,Random Forest,overt_hypothyroid,0.11,0.022659176029962546,-0.09784644194756553,0.0,0.01963171036204744,0.0229
0,Random Forest,overt_hypothyroid,0.12,0.022632575757575758,-0.11032196969696967,0.0,0.01950757575757576,0.0229
0,Random Forest,overt_hypothyroid,0.13,0.022605363984674328,-0.12308429118773948,0.0,0.019380587484035757,0.0229
0,Random Forest,overt_hypothyroid,0.14,0.02257751937984496,-0.13614341085271317,0.0,0.01925064599483204,0.0229
0,Random Forest,overt_hypothyroid,0.15,0.022549019607843137,-0.14950980392156865,0.0,0.019117647058823527,0.0229
0,Random Forest,overt_hypothyroid,0.16,0.02251984126984127,-0.16319444444444445,0.0,0.01898148148148148,0.0229
0,Random Forest,overt_hypothyroid,0.17,0.022632195448460506,-0.17720883534136547,0.0,0.018842034805890227,0.0229
0,Random Forest,overt_hypothyroid,0.18,0.022611788617886177,-0.19156504065040653,0.0,0.01869918699186992,0.0229
0,Random Forest,overt_hypothyroid,0.19,0.022590877914951988,-0.20627572016460904,0.0,0.01855281207133059,0.0229
0,Random Forest,overt_hypothyroid,0.2,0.022569444444444444,-0.22135416666666666,0.0,0.018402777777777775,0.0229
0,Random Forest,overt_hypothyroid,0.21,0.02254746835443038,-0.23681434599156118,0.0,0.018248945147679323,0.0229
0,Random Forest,overt_hypothyroid,0.22,0.022524928774928774,-0.25267094017094016,0.0,0.01809116809116809,0.0229
0,Random Forest,overt_hypothyroid,0.23,0.02250180375180375,-0.2689393939393939,0.0,0.017929292929292927,0.0229
0,Random Forest,overt_hypothyroid,0.24,0.022478070175438594,-0.28563596491228077,0.0,0.017763157894736842,0.0229
0,Random Forest,overt_hypothyroid,0.25,0.0224537037037037,-0.30277777777777776,0.0,0.01759259259259259,0.0229
0,Random Forest,overt_hypothyroid,0.26,0.022428678678678676,-0.3203828828828829,0.0,0.017417417417417418,0.0229
0,Random Forest,overt_hypothyroid,0.27,0.022402968036529677,-0.33847031963470325,0.0,0.01723744292237443,0.0229
0,Random Forest,overt_hypothyroid,0.28,0.022376543209876542,-0.3570601851851853,0.0,0.017052469135802467,0.0229
0,Random Forest,overt_hypothyroid,0.29,0.022349374021909233,-0.37617370892018787,0.0,0.016862284820031298,0.0229
0,Random Forest,overt_hypothyroid,0.3,0.02232142857142857,-0.39583333333333337,0.0,0.016666666666666666,0.0229
0,Random Forest,subclinical_hypothyroid,0.01,0.04842171717171717,0.04180695847362514,0.0,0.04924242424242425,0.0514
0,Random Forest,subclinical_hypothyroid,0.02,0.047349773242630386,0.03202947845804988,0.0,0.048469387755102046,0.0514
0,Random Forest,subclinical_hypothyroid,0.03,0.048339060710194726,0.022050400916380296,0.0,0.047680412371134025,0.0514
0,Random Forest,subclinical_hypothyroid,0.04,0.049826388888888885,0.011863425925925923,0.0,0.046875,0.0514
0,Random Forest,subclinical_hypothyroid,0.05,0.04996345029239766,0.0014619883040935602,0.0,0.04605263157894737,0.0514
0,Random Forest,subclinical_hypothyroid,0.06,0.04997044917257683,-0.00916075650118204,0.0,0.04521276595744681,0.0514
0,Random Forest,subclinical_hypothyroid,0.07,0.04992532855436081,-0.02001194743130226,0.0,0.04435483870967742,0.0514
0,Random Forest,subclinical_hypothyroid,0.08,0.050120772946859904,-0.03109903381642512,0.0,0.04347826086956522,0.0514
0,Random Forest,subclinical_hypothyroid,0.09,0.05001526251526251,-0.04242979242979242,0.0,0.042582417582417584,0.0514
0,Random Forest,subclinical_hypothyroid,0.1,0.05023148148148148,-0.054012345679012336,0.0,0.04166666666666667,0.0514
0,Random Forest,subclinical_hypothyroid,0.11,0.050187265917602995,-0.06585518102372034,0.0,0.04073033707865169,0.0514
0,Random Forest,subclinical_hypothyroid,0.12,0.05006313131313131,-0.0779671717171717,0.0,0.03977272727272728,0.0514
0,Random Forest,subclinical_hypothyroid,0.13,0.05014367816091954,-0.09035759897828864,0.0,0.03879310344827586,0.0514
0,Random Forest,subclinical_hypothyroid,0.14,0.0501453488372093,-0.10303617571059433,0.0,0.03779069767441861,0.0514
0,Random Forest,subclinical_hypothyroid,0.15,0.05016339869281045,-0.11601307189542488,0.0,0.03676470588235294,0.0514
0,Random Forest,subclinical_hypothyroid,0.16,0.050066137566137564,-0.1292989417989418,0.0,0.03571428571428571,0.0514
0,Random Forest,subclinical_hypothyroid,0.17,0.05010876840696118,-0.142904953145917,0.0,0.03463855421686747,0.0514
0,Random Forest,subclinical_hypothyroid,0.18,0.050169376693766934,-0.15684281842818432,0.0,0.03353658536585366,0.0514
0,Random Forest,subclinical_hypothyroid,0.19,0.050411522633744855,-0.17112482853223593,0.0,0.03240740740740741,0.0514
0,Random Forest,subclinical_hypothyroid,0.2,0.050520833333333334,-0.1857638888888889,0.0,0.03125,0.0514
0,Random Forest,subclinical_hypothyroid,0.21,0.050650492264416314,-0.2007735583684951,0.0,0.030063291139240507,0.0514
0,Random Forest,subclinical_hypothyroid,0.22,0.05080128205128205,-0.21616809116809116,0.0,0.02884615384615385,0.0514
0,Random Forest,subclinical_hypothyroid,0.23,0.050766594516594515,-0.23196248196248198,0.0,0.027597402597402603,0.0514
0,Random Forest,subclinical_hypothyroid,0.24,0.05073099415204678,-0.2481725146198831,0.0,0.026315789473684213,0.0514
0,Random Forest,subclinical_hypothyroid,0.25,0.050694444444444445,-0.2648148148148148,0.0,0.025000000000000005,0.0514
0,Random Forest,subclinical_hypothyroid,0.26,0.050656906906906905,-0.28190690690690695,0.0,0.02364864864864865,0.0514
0,Random Forest,subclinical_hypothyroid,0.27,0.05061834094368341,-0.2994672754946728,0.0,0.022260273972602742,0.0514
0,Random Forest,subclinical_hypothyroid,0.28,0.0505787037037037,-0.3175154320987655,0.0,0.020833333333333332,0.0514
0,Random Forest,subclinical_hypothyroid,0.29,0.050537949921752735,-0.33607198748043826,0.0,0.01936619718309859,0.0514
0,Random Forest,subclinical_hypothyroid,0.3,0.05049603174603175,-0.3551587301587302,0.0,0.017857142857142856,0.0514
0,XGBoost,overt_hypothyroid,0.01,0.022895622895622893,0.013047138047138045,0.0,0.0207351290684624,0.0229
0,XGBoost,overt_hypothyroid,0.02,0.022874149659863945,0.0029761904761904726,0.0,0.020634920634920634,0.0229
0,XGBoost,overt_hypothyroid,0.03,0.022852233676975944,-0.007302405498281789,0.0,0.020532646048109966,0.0229
0,XGBoost,overt_hypothyroid,0.04,0.02282986111111111,-0.01779513888888889,0.0,0.02042824074074074,0.0229
0,XGBoost,overt_hypothyroid,0.05,0.022807017543859647,-0.028508771929824563,0.0,0.020321637426900584,0.0229
0,XGBoost,overt_hypothyroid,0.06,0.02278368794326241,-0.039450354609929086,0.0,0.020212765957446806,0.0229
0,XGBoost,overt_hypothyroid,0.07,0.02275985663082437,-0.050627240143369154,0.0,0.020101553166069295,0.0229
0,XGBoost,overt_hypothyroid,0.08,0.02273550724637681,-0.06204710144927536,0.0,0.019987922705314007,0.0229
0,XGBoost,overt_hypothyroid,0.09,0.02271062271062271,-0.0737179487179487,0.0,0.01987179487179487,0.0229
0,XGBoost,overt_hypothyroid,0.1,0.022685185185185183,-0.08564814814814814,0.0,0.019753086419753086,0.0229
0,XGBoost,overt_hypothyroid,0.11,0.022659176029962546,-0.09784644194756553,0.0,0.01963171036204744,0.0229
0,XGBoost,overt_hypothyroid,0.12,0.022632575757575758,-0.11032196969696967,0.0,0.01950757575757576,0.0229
0,XGBoost,overt_hypothyroid,0.13,0.022605363984674328,-0.12308429118773948,0.0,0.019380587484035757,0.0229
0,XGBoost,overt_hypothyroid,0.14,0.02257751937984496,-0.13614341085271317,0.0,0.01925064599483204,0.0229
0,XGBoost,overt_hypothyroid,0.15,0.022549019607843137,-0.14950980392156865,0.0,0.019117647058823527,0.0229
0,XGBoost,overt_hypothyroid,0.16,0.02251984126984127,-0.16319444444444445,0.0,0.01898148148148148,0.0229
0,XGBoost,overt_hypothyroid,0.17,0.022489959839357428,-0.17720883534136547,0.0,0.018842034805890227,0.0229
0,XGBoost,overt_hypothyroid,0.18,0.022611788617886177,-0.19156504065040653,0.0,0.01869918699186992,0.0229
0,XGBoost,overt_hypothyroid,0.19,0.022590877914951988,-0.20627572016460904,0.0,0.01855281207133059,0.0229
0,XGBoost,overt_hypothyroid,0.2,0.022569444444444444,-0.22135416666666666,0.0,0.018402777777777775,0.0229
0,XGBoost,overt_hypothyroid,0.21,0.02254746835443038,-0.23681434599156118,0.0,0.018248945147679323,0.0229
0,XGBoost,overt_hypothyroid,0.22,0.022524928774928774,-0.25267094017094016,0.0,0.01809116809116809,0.0229
0,XGBoost,overt_hypothyroid,0.23,0.02250180375180375,-0.2689393939393939,0.0,0.017929292929292927,0.0229
0,XGBoost,overt_hypothyroid,0.24,0.022478070175438594,-0.28563596491228077,0.0,0.017763157894736842,0.0229
0,XGBoost,overt_hypothyroid,0.25,0.0224537037037037,-0.30277777777777776,0.0,0.01759259259259259,0.0229
0,XGBoost,overt_hypothyroid,0.26,0.022428678678678676,-0.3203828828828829,0.0,0.017417417417417418,0.0229
0,XGBoost,overt_hypothyroid,0.27,0.022402968036529677,-0.33847031963470325,0.0,0.01723744292237443,0.0229
0,XGBoost,overt_hypothyroid,0.28,0.022376543209876542,-0.3570601851851853,0.0,0.017052469135802467,0.0229
0,XGBoost,overt_hypothyroid,0.29,0.022349374021909233,-0.37617370892018787,0.0,0.016862284820031298,0.0229
0,XGBoost,overt_hypothyroid,0.3,0.02232142857142857,-0.39583333333333337,0.0,0.016666666666666666,0.0229
0,XGBoost,subclinical_hypothyroid,0.01,0.05124158249158249,0.04180695847362514,0.0,0.04924242424242425,0.0514
0,XGBoost,subclinical_hypothyroid,0.02,0.051232993197278906,0.03202947845804988,0.0,0.048469387755102046,0.0514
0,XGBoost,subclinical_hypothyroid,0.03,0.05119558991981672,0.022050400916380296,0.0,0.047680412371134025,0.0514
0,XGBoost,subclinical_hypothyroid,0.04,0.05115740740740741,0.011863425925925923,0.0,0.046875,0.0514
0,XGBoost,subclinical_hypothyroid,0.05,0.05113304093567251,0.0014619883040935602,0.0,0.04605263157894737,0.0514
0,XGBoost,subclinical_hypothyroid,0.06,0.05107860520094563,-0.00916075650118204,0.0,0.04521276595744681,0.0514
0,XGBoost,subclinical_hypothyroid,0.07,0.051127538829151734,-0.02001194743130226,0.0,0.04435483870967742,0.0514
0,XGBoost,subclinical_hypothyroid,0.08,0.050452898550724636,-0.03109903381642512,0.0,0.04347826086956522,0.0514
0,XGBoost,subclinical_hypothyroid,0.09,0.05041971916971917,-0.04242979242979242,0.0,0.042582417582417584,0.0514
0,XGBoost,subclinical_hypothyroid,0.1,0.0503858024691358,-0.054012345679012336,0.0,0.04166666666666667,0.0514
0,XGBoost,subclinical_hypothyroid,0.11,0.05035112359550562,-0.06585518102372034,0.0,0.04073033707865169,0.0514
0,XGBoost,subclinical_hypothyroid,0.12,0.050315656565656564,-0.0779671717171717,0.0,0.03977272727272728,0.0514
0,XGBoost,subclinical_hypothyroid,0.13,0.050279374201788,-0.09035759897828864,0.0,0.03879310344827586,0.0514
0,XGBoost,subclinical_hypothyroid,0.14,0.05024224806201551,-0.10303617571059433,0.0,0.03779069767441861,0.0514
0,XGBoost,subclinical_hypothyroid,0.15,0.050204248366013074,-0.11601307189542488,0.0,0.03676470588235294,0.0514
0,XGBoost,subclinical_hypothyroid,0.16,0.05016534391534391,-0.1292989417989418,0.0,0.03571428571428571,0.0514
0,XGBoost,subclinical_hypothyroid,0.17,0.050125502008032126,-0.142904953145917,0.0,0.03463855421686747,0.0514
0,XGBoost,subclinical_hypothyroid,0.18,0.05008468834688347,-0.15684281842818432,0.0,0.03353658536585366,0.0514
0,XGBoost,subclinical_hypothyroid,0.19,0.05004286694101509,-0.17112482853223593,0.0,0.03240740740740741,0.0514
0,XGBoost,subclinical_hypothyroid,0.2,0.04930555555555556,-0.1857638888888889,0.0,0.03125,0.0514
0,XGBoost,subclinical_hypothyroid,0.21,0.04926160337552743,-0.2007735583684951,0.0,0.030063291139240507,0.0514
0,XGBoost,subclinical_hypothyroid,0.22,0.04921652421652422,-0.21616809116809116,0.0,0.02884615384615385,0.0514
0,XGBoost,subclinical_hypothyroid,0.23,0.04917027417027417,-0.23196248196248198,0.0,0.027597402597402603,0.0514
0,XGBoost,subclinical_hypothyroid,0.24,0.04912280701754386,-0.2481725146198831,0.0,0.026315789473684213,0.0514
0,XGBoost,subclinical_hypothyroid,0.25,0.04930555555555556,-0.2648148148148148,0.0,0.025000000000000005,0.0514
0,XGBoost,subclinical_hypothyroid,0.26,0.04926801801801802,-0.28190690690690695,0.0,0.02364864864864865,0.0514
0,XGBoost,subclinical_hypothyroid,0.27,0.04922945205479452,-0.2994672754946728,0.0,0.022260273972602742,0.0514
0,XGBoost,subclinical_hypothyroid,0.28,0.04918981481481482,-0.3175154320987655,0.0,0.020833333333333332,0.0514
0,XGBoost,subclinical_hypothyroid,0.29,0.04914906103286385,-0.33607198748043826,0.0,0.01936619718309859,0.0514
0,XGBoost,subclinical_hypothyroid,0.3,0.04940476190476191,-0.3551587301587302,0.0,0.017857142857142856,0.0514
1,Logistic Regression,overt_hypothyroid,0.01,0.022572951739618406,0.013047138047138045,0.0,0.020054713804713804,0.0229
1,Logistic Regression,overt_hypothyroid,0.02,0.022335600907029476,0.0029761904761904726,0.0,0.019968820861678005,0.0229
1,Logistic Regression,overt_hypothyroid,0.03,0.022100515463917524,-0.007302405498281789,0.0,0.019881156930126005,0.0229
1,Logistic Regression,overt_hypothyroid,0.04,0.02193287037037037,-0.01779513888888889,0.0,0.01979166666666667,0.0229
1,Logistic Regression,overt_hypothyroid,0.05,0.021710526315789472,-0.028508771929824563,0.0,0.01970029239766082,0.0229
1,Logistic Regression,overt_hypothyroid,0.06,0.02149822695035461,-0.039450354609929086,0.0,0.019606973995271868,0.0229
1,Logistic Regression,overt_hypothyroid,0.07,0.021348566308243725,-0.050627240143369154,0.0,0.019511648745519715,0.0229
1,Logistic Regression,overt_hypothyroid,0.08,0.021105072463768113,-0.06204710144927536,0.0,0.01941425120772947,0.0229
1,Logistic Regression,overt_hypothyroid,0.09,0.020924908424908423,-0.0737179487179487,0.0,0.019314713064713065,0.0229
1,Logistic Regression,overt_hypothyroid,0.1,0.02067901234567901,-0.08564814814814814,0.0,0.019212962962962963,0.0229
1,Logistic Regression,overt_hypothyroid,0.11,0.020427590511860175,-0.09784644194756553,0.0,0.01910892634207241,0.0229
1,Logistic Regression,overt_hypothyroid,0.12,0.020170454545454543,-0.11032196969696967,0.0,0.019002525252525253,0.0229
1,Logistic Regression,overt_hypothyroid,0.13,0.020114942528735632,-0.12308429118773948,0.0,0.018893678160919542,0.0229
1,Logistic Regression,overt_hypothyroid,0.14,0.019864341085271315,-0.13614341085271317,0.0,0.018782299741602067,0.0229
1,Logistic Regression,overt_hypothyroid,0.15,0.019730392156862744,-0.14950980392156865,0.0,0.01866830065359477,0.0229
1,Logistic Regression,overt_hypothyroid,0.16,0.01960978835978836,-0.16319444444444445,0.0,0.0185515873015873,0.0229
1,Logistic Regression,overt_hypothyroid,0.17,0.01936077643908969,-0.17720883534136547,0.0,0.018432061579651944,0.0229
1,Logistic Regression,overt_hypothyroid,0.18,0.01925813008130081,-0.19156504065040653,0.0,0.018309620596205962,0.0229
1,Logistic Regression,overt_hypothyroid,0.19,0.01917009602194787,-0.20627572016460904,0.0,0.018184156378600824,0.0229
1,Logistic Regression,overt_hypothyroid,0.2,0.01892361111111111,-0.22135416666666666,0.0,0.018055555555555557,0.0229
1,Logistic Regression,overt_hypothyroid,0.21,0.018670886075949366,-0.23681434599156118,0.0,0.017923699015471167,0.0229
1,Logistic Regression,overt_hypothyroid,0.22,0.018607549857549855,-0.25267094017094016,0.0,0.01778846153846154,0.0229
1,Logistic Regression,overt_hypothyroid,0.23,0.0183531746031746,-0.2689393939393939,0.0,0.0176497113997114,0.0229
1,Logistic Regression,overt_hypothyroid,0.24,0.018092105263157892,-0.28563596491228077,0.0,0.017507309941520468,0.0229
1,Logistic Regression,overt_hypothyroid,0.25,0.017824074074074072,-0.30277777777777776,0.0,0.017361111111111112,0.0229
1,Logistic Regression,overt_hypothyroid,0.26,0.017548798798798795,-0.3203828828828829,0.0,0.01721096096096096,0.0229
1,Logistic Regression,overt_hypothyroid,0.27,0.017265981735159815,-0.33847031963470325,0.0,0.01705669710806697,0.0229
1,Logistic Regression,overt_hypothyroid,0.28,0.016280864197530866,-0.3570601851851853,0.0,0.016898148148148148,0.0229
1,Logistic Regression,overt_hypothyroid,0.29,0.015982003129890454,-0.37617370892018787,0.0,0.016735133020344288,0.0229
1,Logistic Regression,overt_hypothyroid,0.3,0.015674603174603174,-0.39583333333333337,0.0,0.016567460317460318,0.0229
1,Logistic Regression,subclinical_hypothyroid,0.01,0.04380611672278339,0.04180695847362514,0.0,0.04858305274971941,0.0514
1,Logistic Regression,subclinical_hypothyroid,0.02,0.038690476190476185,0.03202947845804988,0.0,0.04784580498866213,0.0514
1,Logistic Regression,subclinical_hypothyroid,0.03,0.035731672394043526,0.022050400916380296,0.0,0.04709335624284078,0.0514
1,Logistic Regression,subclinical_hypothyroid,0.04,0.03382523148148148,0.011863425925925923,0.0,0.04632523148148148,0.0514
1,Logistic Regression,subclinical_hypothyroid,0.05,0.03326023391812866,0.0014619883040935602,0.0,0.04554093567251462,0.0514
1,Logistic Regression,subclinical_hypothyroid,0.06,0.03481087470449172,-0.00916075650118204,0.0,0.04473995271867612,0.0514
1,Logistic Regression,subclinical_hypothyroid,0.07,0.03455794504181601,-0.02001194743130226,0.0,0.04392174432497013,0.0514
1,Logistic Regression,subclinical_hypothyroid,0.08,0.03568840579710145,-0.03109903381642512,0.0,0.043085748792270534,0.0514
1,Logistic Regression,subclinical_hypothyroid,0.09,0.035798229548229546,-0.04242979242979242,0.0,0.042231379731379734,0.0514
1,Logistic Regression,subclinical_hypothyroid,0.1,0.03634259259259259,-0.054012345679012336,0.0,0.04135802469135802,0.0514
1,Logistic Regression,subclinical_hypothyroid,0.11,0.036025280898876404,-0.06585518102372034,0.0,0.04046504369538077,0.0514
1,Logistic Regression,subclinical_hypothyroid,0.12,0.036047979797979794,-0.0779671717171717,0.0,0.03955176767676768,0.0514
1,Logistic Regression,subclinical_hypothyroid,0.13,0.036135057471264366,-0.09035759897828864,0.0,0.03861749680715198,0.0514
1,Logistic Regression,subclinical_hypothyroid,0.14,0.03635335917312661,-0.10303617571059433,0.0,0.03766149870801033,0.0514
1,Logistic Regression,subclinical_hypothyroid,0.15,0.036560457516339864,-0.11601307189542488,0.0,0.03668300653594771,0.0514
1,Logistic Regression,subclinical_hypothyroid,0.16,0.036177248677248676,-0.1292989417989418,0.0,0.03568121693121693,0.0514
1,Logistic Regression,subclinical_hypothyroid,0.17,0.035885207496653276,-0.142904953145917,0.0,0.03465528781793842,0.0514
1,Logistic Regression,subclinical_hypothyroid,0.18,0.0361449864498645,-0.15684281842818432,0.0,0.03360433604336043,0.0514
1,Logistic Regression,subclinical_hypothyroid,0.19,0.03542524005486969,-0.17112482853223593,0.0,0.03252743484224965,0.0514
1,Logistic Regression,subclinical_hypothyroid,0.2,0.03628472222222222,-0.1857638888888889,0.0,0.03142361111111111,0.0514
1,Logistic Regression,subclinical_hypothyroid,0.21,0.03606715893108298,-0.2007735583684951,0.0,0.030291842475386778,0.0514
1,Logistic Regression,subclinical_hypothyroid,0.22,0.03611111111111111,-0.21616809116809116,0.0,0.02913105413105413,0.0514
1,Logistic Regression,subclinical_hypothyroid,0.23,0.03603896103896104,-0.23196248196248198,0.0,0.027940115440115442,0.0514
1,Logistic Regression,subclinical_hypothyroid,0.24,0.03559941520467835,-0.2481725146198831,0.0,0.02671783625730994,0.0514
1,Logistic Regression,subclinical_hypothyroid,0.25,0.03564814814814815,-0.2648148148148148,0.0,0.025462962962962965,0.0514
1,Logistic Regression,subclinical_hypothyroid,0.26,0.03552927927927928,-0.28190690690690695,0.0,0.02417417417417417,0.0514
1,Logistic Regression,subclinical_hypothyroid,0.27,0.03623477929984779,-0.2994672754946728,0.0,0.022850076103500757,0.0514
1,Logistic Regression,subclinical_hypothyroid,0.28,0.03626543209876543,-0.3175154320987655,0.0,0.021489197530864194,0.0514
1,Logistic Regression,subclinical_hypothyroid,0.29,0.03607198748043818,-0.33607198748043826,0.0,0.020089984350547724,0.0514
1,Logistic Regression,subclinical_hypothyroid,0.3,0.03591269841269841,-0.3551587301587302,0.0,0.018650793650793647,0.0514
1,Random Forest,overt_hypothyroid,0.01,0.0226010101010101,0.013047138047138045,0.0,0.020054713804713804,0.0229
1,Random Forest,overt_hypothyroid,0.02,0.022477324263038546,0.0029761904761904726,0.0,0.019968820861678005,0.0229
1,Random Forest,overt_hypothyroid,0.03,0.02233676975945017,-0.007302405498281789,0.0,0.019881156930126005,0.0229
1,Random Forest,overt_hypothyroid,0.04,0.022366898148148146,-0.01779513888888889,0.0,0.01979166666666667,0.0229
1,Random Forest,overt_hypothyroid,0.05,0.0222953216374269,-0.028508771929824563,0.0,0.01970029239766082,0.0229
1,Random Forest,overt_hypothyroid,0.06,0.022207446808510636,-0.039450354609929086,0.0,0.019606973995271868,0.0229
1,Random Forest,overt_hypothyroid,0.07,0.022080346475507766,-0.050627240143369154,0.0,0.019511648745519715,0.0229
1,Random Forest,overt_hypothyroid,0.08,0.022252415458937195,-0.06204710144927536,0.0,0.01941425120772947,0.0229
1,Random Forest,overt_hypothyroid,0.09,0.022229853479853477,-0.0737179487179487,0.0,0.019314713064713065,0.0229
1,Random Forest,overt_hypothyroid,0.1,0.02222222222222222,-0.08564814814814814,0.0,0.019212962962962963,0.0229
1,Random Forest,overt_hypothyroid,0.11,0.022230024968789012,-0.09784644194756553,0.0,0.01910892634207241,0.0229
1,Random Forest,overt_hypothyroid,0.12,0.022253787878787876,-0.11032196969696967,0.0,0.019002525252525253,0.0229
1,Random Forest,overt_hypothyroid,0.13,0.022190293742017878,-0.12308429118773948,0.0,0.018893678160919542,0.0229
1,Random Forest,overt_hypothyroid,0.14,0.02212532299741602,-0.13614341085271317,0.0,0.018782299741602067,0.0229
1,Random Forest,overt_hypothyroid,0.15,0.022181372549019605,-0.14950980392156865,0.0,0.01866830065359477,0.0229
1,Random Forest,overt_hypothyroid,0.16,0.02212301587301587,-0.16319444444444445,0.0,0.0185515873015873,0.0229
1,Random Forest,overt_hypothyroid,0.17,0.02206325301204819,-0.17720883534136547,0.0,0.018432061579651944,0.0229
1,Random Forest,overt_hypothyroid,0.18,0.0220020325203252,-0.19156504065040653,0.0,0.018309620596205962,0.0229
1,Random Forest,overt_hypothyroid,0.19,0.021939300411522634,-0.20627572016460904,0.0,0.018184156378600824,0.0229
1,Random Forest,overt_hypothyroid,0.2,0.021875,-0.22135416666666666,0.0,0.018055555555555557,0.0229
1,Random Forest,overt_hypothyroid,0.21,0.021809071729957805,-0.23681434599156118,0.0,0.017923699015471167,0.0229
1,Random Forest,overt_hypothyroid,0.22,0.02174145299145299,-0.25267094017094016,0.0,0.01778846153846154,0.0229
1,Random Forest,overt_hypothyroid,0.23,0.02167207792207792,-0.2689393939393939,0.0,0.0176497113997114,0.0229
1,Random Forest,overt_hypothyroid,0.24,0.021600877192982454,-0.28563596491228077,0.0,0.017507309941520468,0.0229
1,Random Forest,overt_hypothyroid,0.25,0.021527777777777778,-0.30277777777777776,0.0,0.017361111111111112,0.0229
1,Random Forest,overt_hypothyroid,0.26,0.021452702702702702,-0.3203828828828829,0.0,0.01721096096096096,0.0229
1,Random Forest,overt_hypothyroid,0.27,0.021375570776255706,-0.33847031963470325,0.0,0.01705669710806697,0.0229
1,Random Forest,overt_hypothyroid,0.28,0.021296296296296296,-0.3570601851851853,0.0,0.016898148148148148,0.0229
1,Random Forest,overt_hypothyroid,0.29,0.021214788732394366,-0.37617370892018787,0.0,0.016735133020344288,0.0229
1,Random Forest,overt_hypothyroid,0.3,0.02113095238095238,-0.39583333333333337,0.0,0.016567460317460318,0.0229
1,Random Forest,subclinical_hypothyroid,0.01,0.05008417508417508,0.04180695847362514,0.0,0.04858305274971941,0.0514
1,Random Forest,subclinical_hypothyroid,0.02,0.050439342403628115,0.03202947845804988,0.0,0.04784580498866213,0.0514
1,Random Forest,subclinical_hypothyroid,0.03,0.050465349369988546,0.022050400916380296,0.0,0.04709335624284078,0.0514
1,Random Forest,subclinical_hypothyroid,0.04,0.050376157407407404,0.011863425925925923,0.0,0.04632523148148148,0.0514
1,Random Forest,subclinical_hypothyroid,0.05,0.05036549707602339,0.0014619883040935602,0.0,0.04554093567251462,0.0514
1,Random Forest,subclinical_hypothyroid,0.06,0.05032505910165484,-0.00916075650118204,0.0,0.04473995271867612,0.0514
1,Random Forest,subclinical_hypothyroid,0.07,0.050186678614097965,-0.02001194743130226,0.0,0.04392174432497013,0.0514
1,Random Forest,subclinical_hypothyroid,0.08,0.050241545893719805,-0.03109903381642512,0.0,0.043085748792270534,0.0514
1,Random Forest,subclinical_hypothyroid,0.09,0.050221306471306466,-0.04242979242979242,0.0,0.042231379731379734,0.0514
1,Random Forest,subclinical_hypothyroid,0.1,0.05023148148148148,-0.054012345679012336,0.0,0.04135802469135802,0.0514
1,Random Forest,subclinical_hypothyroid,0.11,0.050101435705368284,-0.06585518102372034,0.0,0.04046504369538077,0.0514
1,Random Forest,subclinical_hypothyroid,0.12,0.05006313131313131,-0.0779671717171717,0.0,0.03955176767676768,0.0514
1,Random Forest,subclinical_hypothyroid,0.13,0.05003991060025543,-0.09035759897828864,0.0,0.03861749680715198,0.0514
1,Random Forest,subclinical_hypothyroid,0.14,0.04991925064599483,-0.10303617571059433,0.0,0.03766149870801033,0.0514
1,Random Forest,subclinical_hypothyroid,0.15,0.05016339869281045,-0.11601307189542488,0.0,0.03668300653594771,0.0514
1,Random Forest,subclinical_hypothyroid,0.16,0.050066137566137564,-0.1292989417989418,0.0,0.03568121693121693,0.0514
1,Random Forest,subclinical_hypothyroid,0.17,0.050251004016064256,-0.142904953145917,0.0,0.03465528781793842,0.0514
1,Random Forest,subclinical_hypothyroid,0.18,0.05032181571815718,-0.15684281842818432,0.0,0.03360433604336043,0.0514
1,Random Forest,subclinical_hypothyroid,0.19,0.050411522633744855,-0.17112482853223593,0.0,0.03252743484224965,0.0514
1,Random Forest,subclinical_hypothyroid,0.2,0.05034722222222222,-0.1857638888888889,0.0,0.03142361111111111,0.0514
1,Random Forest,subclinical_hypothyroid,0.21,0.05028129395218003,-0.2007735583684951,0.0,0.030291842475386778,0.0514
1,Random Forest,subclinical_hypothyroid,0.22,0.05021367521367521,-0.21616809116809116,0.0,0.02913105413105413,0.0514
1,Random Forest,subclinical_hypothyroid,0.23,0.050144300144300144,-0.23196248196248198,0.0,0.027940115440115442,0.0514
1,Random Forest,subclinical_hypothyroid,0.24,0.05007309941520468,-0.2481725146198831,0.0,0.02671783625730994,0.0514
1,Random Forest,subclinical_hypothyroid,0.25,0.049999999999999996,-0.2648148148148148,0.0,0.025462962962962965,0.0514
1,Random Forest,subclinical_hypothyroid,0.26,0.049924924924924924,-0.28190690690690695,0.0,0.02417417417417417,0.0514
1,Random Forest,subclinical_hypothyroid,0.27,0.04984779299847793,-0.2994672754946728,0.0,0.022850076103500757,0.0514
1,Random Forest,subclinical_hypothyroid,0.28,0.04976851851851852,-0.3175154320987655,0.0,0.021489197530864194,0.0514
1,Random Forest,subclinical_hypothyroid,0.29,0.0499706572769953,-0.33607198748043826,0.0,0.020089984350547724,0.0514
1,Random Forest,subclinical_hypothyroid,0.3,0.04990079365079365,-0.3551587301587302,0.0,0.018650793650793647,0.0514
1,XGBoost,overt_hypothyroid,0.01,0.022874579124579124,0.013047138047138045,0.0,0.020054713804713804,0.0229
1,XGBoost,overt_hypothyroid,0.02,0.022831632653061224,0.0029761904761904726,0.0,0.019968820861678005,0.0229
1,XGBoost,overt_hypothyroid,0.03,0.022809278350515463,-0.007302405498281789,0.0,0.019881156930126005,0.0229
1,XGBoost,overt_hypothyroid,0.04,0.02277199074074074,-0.01779513888888889,0.0,0.01979166666666667,0.0229
1,XGBoost,overt_hypothyroid,0.05,0.022733918128654967,-0.028508771929824563,0.0,0.01970029239766082,0.0229
1,XGBoost,overt_hypothyroid,0.06,0.022739361702127658,-0.039450354609929086,0.0,0.019606973995271868,0.0229
1,XGBoost,overt_hypothyroid,0.07,0.02270758661887694,-0.050627240143369154,0.0,0.019511648745519715,0.0229
1,XGBoost,overt_hypothyroid,0.08,0.02267512077294686,-0.06204710144927536,0.0,0.01941425120772947,0.0229
1,XGBoost,overt_hypothyroid,0.09,0.02264194139194139,-0.0737179487179487,0.0,0.019314713064713065,0.0229
1,XGBoost,overt_hypothyroid,0.1,0.022608024691358024,-0.08564814814814814,0.0,0.019212962962962963,0.0229
1,XGBoost,overt_hypothyroid,0.11,0.02257334581772784,-0.09784644194756553,0.0,0.01910892634207241,0.0229
1,XGBoost,overt_hypothyroid,0.12,0.022537878787878787,-0.11032196969696967,0.0,0.019002525252525253,0.0229
1,XGBoost,overt_hypothyroid,0.13,0.022501596424010215,-0.12308429118773948,0.0,0.018893678160919542,0.0229
1,XGBoost,overt_hypothyroid,0.14,0.022464470284237724,-0.13614341085271317,0.0,0.018782299741602067,0.0229
1,XGBoost,overt_hypothyroid,0.15,0.02242647058823529,-0.14950980392156865,0.0,0.01866830065359477,0.0229
1,XGBoost,overt_hypothyroid,0.16,0.022387566137566137,-0.16319444444444445,0.0,0.0185515873015873,0.0229
1,XGBoost,overt_hypothyroid,0.17,0.02234772423025435,-0.17720883534136547,0.0,0.018432061579651944,0.0229
1,XGBoost,overt_hypothyroid,0.18,0.02230691056910569,-0.19156504065040653,0.0,0.018309620596205962,0.0229
1,XGBoost,overt_hypothyroid,0.19,0.02226508916323731,-0.20627572016460904,0.0,0.018184156378600824,0.0229
1,XGBoost,overt_hypothyroid,0.2,0.02222222222222222,-0.22135416666666666,0.0,0.018055555555555557,0.0229
1,XGBoost,overt_hypothyroid,0.21,0.022178270042194092,-0.23681434599156118,0.0,0.017923699015471167,0.0229
1,XGBoost,overt_hypothyroid,0.22,0.022133190883190882,-0.25267094017094016,0.0,0.01778846153846154,0.0229
1,XGBoost,overt_hypothyroid,0.23,0.022086940836940835,-0.2689393939393939,0.0,0.0176497113997114,0.0229
1,XGBoost,overt_hypothyroid,0.24,0.022039473684210525,-0.28563596491228077,0.0,0.017507309941520468,0.0229
1,XGBoost,overt_hypothyroid,0.25,0.021990740740740738,-0.30277777777777776,0.0,0.017361111111111112,0.0229
1,XGBoost,overt_hypothyroid,0.26,0.021940690690690687,-0.3203828828828829,0.0,0.01721096096096096,0.0229
1,XGBoost,overt_hypothyroid,0.27,0.021889269406392693,-0.33847031963470325,0.0,0.01705669710806697,0.0229
1,XGBoost,overt_hypothyroid,0.28,0.02183641975308642,-0.3570601851851853,0.0,0.016898148148148148,0.0229
1,XGBoost,overt_hypothyroid,0.29,0.021782081377151798,-0.37617370892018787,0.0,0.016735133020344288,0.0229
1,XGBoost,overt_hypothyroid,0.3,0.021726190476190475,-0.39583333333333337,0.0,0.016567460317460318,0.0229
1,XGBoost,subclinical_hypothyroid,0.01,0.051304713804713804,0.04180695847362514,0.0,0.04858305274971941,0.0514
1,XGBoost,subclinical_hypothyroid,0.02,0.050538548752834464,0.03202947845804988,0.0,0.04784580498866213,0.0514
1,XGBoost,subclinical_hypothyroid,0.03,0.0504581901489118,0.022050400916380296,0.0,0.04709335624284078,0.0514
1,XGBoost,subclinical_hypothyroid,0.04,0.05040509259259259,0.011863425925925923,0.0,0.04632523148148148,0.0514
1,XGBoost,subclinical_hypothyroid,0.05,0.05032894736842105,0.0014619883040935602,0.0,0.04554093567251462,0.0514
1,XGBoost,subclinical_hypothyroid,0.06,0.05029550827423168,-0.00916075650118204,0.0,0.04473995271867612,0.0514
1,XGBoost,subclinical_hypothyroid,0.07,0.04952956989247312,-0.02001194743130226,0.0,0.04392174432497013,0.0514
1,XGBoost,subclinical_hypothyroid,0.08,0.04945652173913044,-0.03109903381642512,0.0,0.043085748792270534,0.0514
1,XGBoost,subclinical_hypothyroid,0.09,0.049450549450549455,-0.04242979242979242,0.0,0.042231379731379734,0.0514
1,XGBoost,subclinical_hypothyroid,0.1,0.04945987654320988,-0.054012345679012336,0.0,0.04135802469135802,0.0514
1,XGBoost,subclinical_hypothyroid,0.11,0.049399188514357054,-0.06585518102372034,0.0,0.04046504369538077,0.0514
1,XGBoost,subclinical_hypothyroid,0.12,0.049337121212121214,-0.0779671717171717,0.0,0.03955176767676768,0.0514
1,XGBoost,subclinical_hypothyroid,0.13,0.04927362707535122,-0.09035759897828864,0.0,0.03861749680715198,0.0514
1,XGBoost,subclinical_hypothyroid,0.14,0.049208656330749355,-0.10303617571059433,0.0,0.03766149870801033,0.0514
1,XGBoost,subclinical_hypothyroid,0.15,0.049142156862745104,-0.11601307189542488,0.0,0.03668300653594771,0.0514
1,XGBoost,subclinical_hypothyroid,0.16,0.049074074074074076,-0.1292989417989418,0.0,0.03568121693121693,0.0514
1,XGBoost,subclinical_hypothyroid,0.17,0.04900435073627845,-0.142904953145917,0.0,0.03465528781793842,0.0514
1,XGBoost,subclinical_hypothyroid,0.18,0.048932926829268295,-0.15684281842818432,0.0,0.03360433604336043,0.0514
1,XGBoost,subclinical_hypothyroid,0.19,0.04885973936899863,-0.17112482853223593,0.0,0.03252743484224965,0.0514
1,XGBoost,subclinical_hypothyroid,0.2,0.04878472222222222,-0.1857638888888889,0.0,0.03142361111111111,0.0514
1,XGBoost,subclinical_hypothyroid,0.21,0.048707805907172996,-0.2007735583684951,0.0,0.030291842475386778,0.0514
1,XGBoost,subclinical_hypothyroid,0.22,0.048824786324786325,-0.21616809116809116,0.0,0.02913105413105413,0.0514
1,XGBoost,subclinical_hypothyroid,0.23,0.04875541125541126,-0.23196248196248198,0.0,0.027940115440115442,0.0514
1,XGBoost,subclinical_hypothyroid,0.24,0.048684210526315795,-0.2481725146198831,0.0,0.02671783625730994,0.0514
1,XGBoost,subclinical_hypothyroid,0.25,0.04861111111111111,-0.2648148148148148,0.0,0.025462962962962965,0.0514
1,XGBoost,subclinical_hypothyroid,0.26,0.04853603603603604,-0.28190690690690695,0.0,0.02417417417417417,0.0514
1,XGBoost,subclinical_hypothyroid,0.27,0.04845890410958904,-0.2994672754946728,0.0,0.022850076103500757,0.0514
1,XGBoost,subclinical_hypothyroid,0.28,0.048379629629629634,-0.3175154320987655,0.0,0.021489197530864194,0.0514
1,XGBoost,subclinical_hypothyroid,0.29,0.0482981220657277,-0.33607198748043826,0.0,0.020089984350547724,0.0514
1,XGBoost,subclinical_hypothyroid,0.3,0.048214285714285716,-0.3551587301587302,0.0,0.018650793650793647,0.0514
2,Logistic Regression,overt_hypothyroid,0.01,0.022481762065095397,0.013047138047138045,0.0,0.020784231200897868,0.0229
2,Logistic Regression,overt_hypothyroid,0.02,0.022208049886621315,0.0029761904761904726,0.0,0.020734126984126983,0.0229
2,Logistic Regression,overt_hypothyroid,0.03,0.022036082474226802,-0.007302405498281789,0.0,0.02068298969072165,0.0229
2,Logistic Regression,overt_hypothyroid,0.04,0.021759259259259256,-0.01779513888888889,0.0,0.020630787037037034,0.0229
2,Logistic Regression,overt_hypothyroid,0.05,0.021600877192982454,-0.028508771929824563,0.0,0.02057748538011696,0.0229
2,Logistic Regression,overt_hypothyroid,0.06,0.021365248226950354,-0.039450354609929086,0.0,0.02052304964539007,0.0229
2,Logistic Regression,overt_hypothyroid,0.07,0.021139486260454,-0.050627240143369154,0.0,0.020467443249701314,0.0229
2,Logistic Regression,overt_hypothyroid,0.08,0.020923913043478258,-0.06204710144927536,0.0,0.02041062801932367,0.0229
2,Logistic Regression,overt_hypothyroid,0.09,0.020718864468864468,-0.0737179487179487,0.0,0.020352564102564103,0.0229
2,Logistic Regression,overt_hypothyroid,0.1,0.020447530864197528,-0.08564814814814814,0.0,0.02029320987654321,0.0229
2,Logistic Regression,overt_hypothyroid,0.11,0.020427590511860175,-0.09784644194756553,0.0,0.020232521847690386,0.0229
2,Logistic Regression,overt_hypothyroid,0.12,0.020170454545454543,-0.11032196969696967,0.0,0.020170454545454543,0.0229
2,Logistic Regression,overt_hypothyroid,0.13,0.02001117496807152,-0.12308429118773948,0.0,0.020106960408684545,0.0229
2,Logistic Regression,overt_hypothyroid,0.14,0.019864341085271315,-0.13614341085271317,0.0,0.020041989664082688,0.0229
2,Logistic Regression,overt_hypothyroid,0.15,0.019730392156862744,-0.14950980392156865,0.0,0.01997549019607843,0.0229
2,Logistic Regression,overt_hypothyroid,0.16,0.019477513227513225,-0.16319444444444445,0.0,0.019907407407407405,0.0229
2,Logistic Regression,overt_hypothyroid,0.17,0.01936077643908969,-0.17720883534136547,0.0,0.01983768406961178,0.0229
2,Logistic Regression,overt_hypothyroid,0.18,0.019105691056910568,-0.19156504065040653,0.0,0.019766260162601624,0.0229
2,Logistic Regression,overt_hypothyroid,0.19,0.019007201646090533,-0.20627572016460904,0.0,0.01969307270233196,0.0229
2,Logistic Regression,overt_hypothyroid,0.2,0.01892361111111111,-0.22135416666666666,0.0,0.019618055555555555,0.0229
2,Logistic Regression,overt_hypothyroid,0.21,0.018670886075949366,-0.23681434599156118,0.0,0.01954113924050633,0.0229
2,Logistic Regression,overt_hypothyroid,0.22,0.01841168091168091,-0.25267094017094016,0.0,0.01946225071225071,0.0229
2,Logistic Regression,overt_hypothyroid,0.23,0.0183531746031746,-0.2689393939393939,0.0,0.01938131313131313,0.0229
2,Logistic Regression,overt_hypothyroid,0.24,0.018092105263157892,-0.28563596491228077,0.0,0.019298245614035085,0.0229
2,Logistic Regression,overt_hypothyroid,0.25,0.017824074074074072,-0.30277777777777776,0.0,0.019212962962962963,0.0229
2,Logistic Regression,overt_hypothyroid,0.26,0.01779279279279279,-0.3203828828828829,0.0,0.019125375375375373,0.0229
2,Logistic Regression,overt_hypothyroid,0.27,0.017779680365296802,-0.33847031963470325,0.0,0.01903538812785388,0.0229
2,Logistic Regression,overt_hypothyroid,0.28,0.017785493827160492,-0.3570601851851853,0.0,0.018942901234567898,0.0229
2,Logistic Regression,overt_hypothyroid,0.29,0.017527386541471048,-0.37617370892018787,0.0,0.018847809076682313,0.0229
2,Logistic Regression,overt_hypothyroid,0.3,0.01726190476190476,-0.39583333333333337,0.0,0.01875,0.0229
2,Logistic Regression,subclinical_hypothyroid,0.01,0.04263468013468013,0.04180695847362514,0.0,0.05,0.0514
2,Logistic Regression,subclinical_hypothyroid,0.02,0.03595521541950113,0.03202947845804988,0.0,0.049291383219954646,0.0514
2,Logistic Regression,subclinical_hypothyroid,0.03,0.03141466208476518,0.022050400916380296,0.0,0.04856815578465063,0.0514
2,Logistic Regression,subclinical_hypothyroid,0.04,0.028964120370370366,0.011863425925925923,0.0,0.04782986111111111,0.0514
2,Logistic Regression,subclinical_hypothyroid,0.05,0.02748538011695906,0.0014619883040935602,0.0,0.04707602339181287,0.0514
2,Logistic Regression,subclinical_hypothyroid,0.06,0.027142434988179663,-0.00916075650118204,0.0,0.046306146572104016,0.0514
2,Logistic Regression,subclinical_hypothyroid,0.07,0.02891278375149343,-0.02001194743130226,0.0,0.04551971326164875,0.0514
2,Logistic Regression,subclinical_hypothyroid,0.08,0.029468599033816423,-0.03109903381642512,0.0,0.04471618357487923,0.0514
2,Logistic Regression,subclinical_hypothyroid,0.09,0.03140262515262515,-0.04242979242979242,0.0,0.04389499389499389,0.0514
2,Logistic Regression,subclinical_hypothyroid,0.1,0.031635802469135804,-0.054012345679012336,0.0,0.043055555555555555,0.0514
2,Logistic Regression,subclinical_hypothyroid,0.11,0.03156210986267166,-0.06585518102372034,0.0,0.04219725343320849,0.0514
2,Logistic Regression,subclinical_hypothyroid,0.12,0.031218434343434343,-0.0779671717171717,0.0,0.04131944444444444,0.0514
2,Logistic Regression,subclinical_hypothyroid,0.13,0.030946679438058743,-0.09035759897828864,0.0,0.040421455938697316,0.0514
2,Logistic Regression,subclinical_hypothyroid,0.14,0.030361757105943146,-0.10303617571059433,0.0,0.03950258397932817,0.0514
2,Logistic Regression,subclinical_hypothyroid,0.15,0.03018790849673202,-0.11601307189542488,0.0,0.03856209150326797,0.0514
2,Logistic Regression,subclinical_hypothyroid,0.16,0.029695767195767192,-0.1292989417989418,0.0,0.03759920634920635,0.0514
2,Logistic Regression,subclinical_hypothyroid,0.17,0.029200133868808563,-0.142904953145917,0.0,0.03661311914323962,0.0514
2,Logistic Regression,subclinical_hypothyroid,0.18,0.02943766937669376,-0.15684281842818432,0.0,0.0356029810298103,0.0514
2,Logistic Regression,subclinical_hypothyroid,0.19,0.028583676268861453,-0.17112482853223593,0.0,0.034567901234567905,0.0514
2,Logistic Regression,subclinical_hypothyroid,0.2,0.029340277777777774,-0.1857638888888889,0.0,0.03350694444444444,0.0514
2,Logistic Regression,subclinical_hypothyroid,0.21,0.029052390998593525,-0.2007735583684951,0.0,0.03241912798874824,0.0514
2,Logistic Regression,subclinical_hypothyroid,0.22,0.02945156695156695,-0.21616809116809116,0.0,0.0313034188034188,0.0514
2,Logistic Regression,subclinical_hypothyroid,0.23,0.028986291486291487,-0.23196248196248198,0.0,0.03015873015873016,0.0514
2,Logistic Regression,subclinical_hypothyroid,0.24,0.028801169590643272,-0.2481725146198831,0.0,0.028983918128654966,0.0514
2,Logistic Regression,subclinical_hypothyroid,0.25,0.02824074074074074,-0.2648148148148148,0.0,0.027777777777777776,0.0514
2,Logistic Regression,subclinical_hypothyroid,0.26,0.02845345345345345,-0.28190690690690695,0.0,0.026539039039039036,0.0514
2,Logistic Regression,subclinical_hypothyroid,0.27,0.02801560121765601,-0.2994672754946728,0.0,0.02526636225266362,0.0514
2,Logistic Regression,subclinical_hypothyroid,0.28,0.02735339506172839,-0.3175154320987655,0.0,0.023958333333333328,0.0514
2,Logistic Regression,subclinical_hypothyroid,0.29,0.027562597809076675,-0.33607198748043826,0.0,0.02261345852895148,0.0514
2,Logistic Regression,subclinical_hypothyroid,0.3,0.027579365079365075,-0.3551587301587302,0.0,0.021230158730158728,0.0514
2,Random Forest,overt_hypothyroid,0.01,0.02266414141414141,0.013047138047138045,0.0,0.020784231200897868,0.0229
2,Random Forest,overt_hypothyroid,0.02,0.02251984126984127,0.0029761904761904726,0.0,0.020734126984126983,0.0229
2,Random Forest,overt_hypothyroid,0.03,0.022487113402061856,-0.007302405498281789,0.0,0.02068298969072165,0.0229
2,Random Forest,overt_hypothyroid,0.04,0.022511574074074073,-0.01779513888888889,0.0,0.020630787037037034,0.0229
2,Random Forest,overt_hypothyroid,0.05,0.022624269005847953,-0.028508771929824563,0.0,0.02057748538011696,0.0229
2,Random Forest,overt_hypothyroid,0.06,0.022606382978723402,-0.039450354609929086,0.0,0.02052304964539007,0.0229
2,Random Forest,overt_hypothyroid,0.07,0.02265531660692951,-0.050627240143369154,0.0,0.020467443249701314,0.0229
2,Random Forest,overt_hypothyroid,0.08,0.022614734299516905,-0.06204710144927536,0.0,0.02041062801932367,0.0229
2,Random Forest,overt_hypothyroid,0.09,0.022573260073260073,-0.0737179487179487,0.0,0.020352564102564103,0.0229
2,Random Forest,overt_hypothyroid,0.1,0.022608024691358024,-0.08564814814814814,0.0,0.02029320987654321,0.0229
2,Random Forest,overt_hypothyroid,0.11,0.022745006242197253,-0.09784644194756553,0.0,0.020232521847690386,0.0229
2,Random Forest,overt_hypothyroid,0.12,0.022727272727272724,-0.11032196969696967,0.0,0.020170454545454543,0.0229
2,Random Forest,overt_hypothyroid,0.13,0.02270913154533844,-0.12308429118773948,0.0,0.020106960408684545,0.0229
2,Random Forest,overt_hypothyroid,0.14,0.022690568475452196,-0.13614341085271317,0.0,0.020041989664082688,0.0229
2,Random Forest,overt_hypothyroid,0.15,0.022794117647058822,-0.14950980392156865,0.0,0.01997549019607843,0.0229
2,Random Forest,overt_hypothyroid,0.16,0.022784391534391532,-0.16319444444444445,0.0,0.019907407407407405,0.0229
2,Random Forest,overt_hypothyroid,0.17,0.022774431057563587,-0.17720883534136547,0.0,0.01983768406961178,0.0229
2,Random Forest,overt_hypothyroid,0.18,0.02276422764227642,-0.19156504065040653,0.0,0.019766260162601624,0.0229
2,Random Forest,overt_hypothyroid,0.19,0.022753772290809327,-0.20627572016460904,0.0,0.01969307270233196,0.0229
2,Random Forest,overt_hypothyroid,0.2,0.022743055555555555,-0.22135416666666666,0.0,0.019618055555555555,0.0229
2,Random Forest,overt_hypothyroid,0.21,0.022732067510548522,-0.23681434599156118,0.0,0.01954113924050633,0.0229
2,Random Forest,overt_hypothyroid,0.22,0.022720797720797718,-0.25267094017094016,0.0,0.01946225071225071,0.0229
2,Random Forest,overt_hypothyroid,0.23,0.022709235209235207,-0.2689393939393939,0.0,0.01938131313131313,0.0229
2,Random Forest,overt_hypothyroid,0.24,0.02269736842105263,-0.28563596491228077,0.0,0.019298245614035085,0.0229
2,Random Forest,overt_hypothyroid,0.25,0.022685185185185183,-0.30277777777777776,0.0,0.019212962962962963,0.0229
2,Random Forest,overt_hypothyroid,0.26,0.022672672672672672,-0.3203828828828829,0.0,0.019125375375375373,0.0229
2,Random Forest,overt_hypothyroid,0.27,0.022659817351598173,-0.33847031963470325,0.0,0.01903538812785388,0.0229
2,Random Forest,overt_hypothyroid,0.28,0.022646604938271604,-0.3570601851851853,0.0,0.018942901234567898,0.0229
2,Random Forest,overt_hypothyroid,0.29,0.02263302034428795,-0.37617370892018787,0.0,0.018847809076682313,0.0229
2,Random Forest,overt_hypothyroid,0.3,0.02261904761904762,-0.39583333333333337,0.0,0.01875,0.0229
2,Random Forest,subclinical_hypothyroid,0.01,0.046752244668911334,0.04180695847362514,0.0,0.05,0.0514
2,Random Forest,subclinical_hypothyroid,0.02,0.046513605442176864,0.03202947845804988,0.0,0.049291383219954646,0.0514
2,Random Forest,subclinical_hypothyroid,0.03,0.04793098510882016,0.022050400916380296,0.0,0.04856815578465063,0.0514
2,Random Forest,subclinical_hypothyroid,0.04,0.049247685185185186,0.011863425925925923,0.0,0.04782986111111111,0.0514
2,Random Forest,subclinical_hypothyroid,0.05,0.04985380116959064,0.0014619883040935602,0.0,0.04707602339181287,0.0514
2,Random Forest,subclinical_hypothyroid,0.06,0.05005910165484633,-0.00916075650118204,0.0,0.046306146572104016,0.0514
2,Random Forest,subclinical_hypothyroid,0.07,0.05002986857825567,-0.02001194743130226,0.0,0.04551971326164875,0.0514
2,Random Forest,subclinical_hypothyroid,0.08,0.049818840579710144,-0.03109903381642512,0.0,0.04471618357487923,0.0514
2,Random Forest,subclinical_hypothyroid,0.09,0.0496031746031746,-0.04242979242979242,0.0,0.04389499389499389,0.0514
2,Random Forest,subclinical_hypothyroid,0.1,0.04938271604938271,-0.054012345679012336,0.0,0.043055555555555555,0.0514
2,Random Forest,subclinical_hypothyroid,0.11,0.04915730337078651,-0.06585518102372034,0.0,0.04219725343320849,0.0514
2,Random Forest,subclinical_hypothyroid,0.12,0.04892676767676767,-0.0779671717171717,0.0,0.04131944444444444,0.0514
2,Random Forest,subclinical_hypothyroid,0.13,0.04889846743295019,-0.09035759897828864,0.0,0.040421455938697316,0.0514
2,Random Forest,subclinical_hypothyroid,0.14,0.04867571059431525,-0.10303617571059433,0.0,0.03950258397932817,0.0514
2,Random Forest,subclinical_hypothyroid,0.15,0.04844771241830065,-0.11601307189542488,0.0,0.03856209150326797,0.0514
2,Random Forest,subclinical_hypothyroid,0.16,0.048346560846560846,-0.1292989417989418,0.0,0.03759920634920635,0.0514
2,Random Forest,subclinical_hypothyroid,0.17,0.04840194109772423,-0.142904953145917,0.0,0.03661311914323962,0.0514
2,Random Forest,subclinical_hypothyroid,0.18,0.04818766937669376,-0.15684281842818432,0.0,0.0356029810298103,0.0514
2,Random Forest,subclinical_hypothyroid,0.19,0.047968106995884774,-0.17112482853223593,0.0,0.034567901234567905,0.0514
2,Random Forest,subclinical_hypothyroid,0.2,0.04774305555555555,-0.1857638888888889,0.0,0.03350694444444444,0.0514
2,Random Forest,subclinical_hypothyroid,0.21,0.047512306610407874,-0.2007735583684951,0.0,0.03241912798874824,0.0514
2,Random Forest,subclinical_hypothyroid,0.22,0.047275641025641024,-0.21616809116809116,0.0,0.0313034188034188,0.0514
2,Random Forest,subclinical_hypothyroid,0.23,0.04703282828282828,-0.23196248196248198,0.0,0.03015873015873016,0.0514
2,Random Forest,subclinical_hypothyroid,0.24,0.04678362573099415,-0.2481725146198831,0.0,0.028983918128654966,0.0514
2,Random Forest,subclinical_hypothyroid,0.25,0.04652777777777778,-0.2648148148148148,0.0,0.027777777777777776,0.0514
2,Random Forest,subclinical_hypothyroid,0.26,0.04626501501501501,-0.28190690690690695,0.0,0.026539039039039036,0.0514
2,Random Forest,subclinical_hypothyroid,0.27,0.04599505327245053,-0.2994672754946728,0.0,0.02526636225266362,0.0514
2,Random Forest,subclinical_hypothyroid,0.28,0.04571759259259259,-0.3175154320987655,0.0,0.023958333333333328,0.0514
2,Random Forest,subclinical_hypothyroid,0.29,0.045432316118935834,-0.33607198748043826,0.0,0.02261345852895148,0.0514
2,Random Forest,subclinical_hypothyroid,0.3,0.04513888888888889,-0.3551587301587302,0.0,0.021230158730158728,0.0514
2,XGBoost,overt_hypothyroid,0.01,0.022909652076318742,0.013047138047138045,0.0,0.020784231200897868,0.0229
2,XGBoost,overt_hypothyroid,0.02,0.022902494331065757,0.0029761904761904726,0.0,0.020734126984126983,0.0229
2,XGBoost,overt_hypothyroid,0.03,0.022895189003436425,-0.007302405498281789,0.0,0.02068298969072165,0.0229
2,XGBoost,overt_hypothyroid,0.04,0.02288773148148148,-0.01779513888888889,0.0,0.020630787037037034,0.0229
2,XGBoost,overt_hypothyroid,0.05,0.022916666666666665,-0.028508771929824563,0.0,0.02057748538011696,0.0229
2,XGBoost,overt_hypothyroid,0.06,0.022916666666666665,-0.039450354609929086,0.0,0.02052304964539007,0.0229
2,XGBoost,overt_hypothyroid,0.07,0.022916666666666665,-0.050627240143369154,0.0,0.020467443249701314,0.0229
2,XGBoost,overt_hypothyroid,0.08,0.022916666666666665,-0.06204710144927536,0.0,0.02041062801932367,0.0229
2,XGBoost,overt_hypothyroid,0.09,0.022916666666666665,-0.0737179487179487,0.0,0.020352564102564103,0.0229
2,XGBoost,overt_hypothyroid,0.1,0.022916666666666665,-0.08564814814814814,0.0,0.02029320987654321,0.0229
2,XGBoost,overt_hypothyroid,0.11,0.022916666666666665,-0.09784644194756553,0.0,0.020232521847690386,0.0229
2,XGBoost,overt_hypothyroid,0.12,0.022916666666666665,-0.11032196969696967,0.0,0.020170454545454543,0.0229
2,XGBoost,overt_hypothyroid,0.13,0.022916666666666665,-0.12308429118773948,0.0,0.020106960408684545,0.0229
2,XGBoost,overt_hypothyroid,0.14,0.022916666666666665,-0.13614341085271317,0.0,0.020041989664082688,0.0229
2,XGBoost,overt_hypothyroid,0.15,0.022916666666666665,-0.14950980392156865,0.0,0.01997549019607843,0.0229
2,XGBoost,overt_hypothyroid,0.16,0.022916666666666665,-0.16319444444444445,0.0,0.019907407407407405,0.0229
2,XGBoost,overt_hypothyroid,0.17,0.022916666666666665,-0.17720883534136547,0.0,0.01983768406961178,0.0229
2,XGBoost,overt_hypothyroid,0.18,0.022916666666666665,-0.19156504065040653,0.0,0.019766260162601624,0.0229
2,XGBoost,overt_hypothyroid,0.19,0.022916666666666665,-0.20627572016460904,0.0,0.01969307270233196,0.0229
2,XGBoost,overt_hypothyroid,0.2,0.022916666666666665,-0.22135416666666666,0.0,0.019618055555555555,0.0229
2,XGBoost,overt_hypothyroid,0.21,0.022916666666666665,-0.23681434599156118,0.0,0.01954113924050633,0.0229
2,XGBoost,overt_hypothyroid,0.22,0.022916666666666665,-0.25267094017094016,0.0,0.01946225071225071,0.0229
2,XGBoost,overt_hypothyroid,0.23,0.022916666666666665,-0.2689393939393939,0.0,0.01938131313131313,0.0229
2,XGBoost,overt_hypothyroid,0.24,0.022916666666666665,-0.28563596491228077,0.0,0.019298245614035085,0.0229
2,XGBoost,overt_hypothyroid,0.25,0.022916666666666665,-0.30277777777777776,0.0,0.019212962962962963,0.0229
2,XGBoost,overt_hypothyroid,0.26,0.022916666666666665,-0.3203828828828829,0.0,0.019125375375375373,0.0229
2,XGBoost,overt_hypothyroid,0.27,0.022916666666666665,-0.33847031963470325,0.0,0.01903538812785388,0.0229
2,XGBoost,overt_hypothyroid,0.28,0.022916666666666665,-0.3570601851851853,0.0,0.018942901234567898,0.0229
2,XGBoost,overt_hypothyroid,0.29,0.022916666666666665,-0.37617370892018787,0.0,0.018847809076682313,0.0229
2,XGBoost,overt_hypothyroid,0.3,0.022916666666666665,-0.39583333333333337,0.0,0.01875,0.0229
2,XGBoost,subclinical_hypothyroid,0.01,0.051227553310886645,0.04180695847362514,0.0,0.05,0.0514
2,XGBoost,subclinical_hypothyroid,0.02,0.05109126984126984,0.03202947845804988,0.0,0.049291383219954646,0.0514
2,XGBoost,subclinical_hypothyroid,0.03,0.05095933562428408,0.022050400916380296,0.0,0.04856815578465063,0.0514
2,XGBoost,subclinical_hypothyroid,0.04,0.05081018518518518,0.011863425925925923,0.0,0.04782986111111111,0.0514
2,XGBoost,subclinical_hypothyroid,0.05,0.050694444444444445,0.0014619883040935602,0.0,0.04707602339181287,0.0514
2,XGBoost,subclinical_hypothyroid,0.06,0.050546690307328605,-0.00916075650118204,0.0,0.046306146572104016,0.0514
2,XGBoost,subclinical_hypothyroid,0.07,0.05039575866188769,-0.02001194743130226,0.0,0.04551971326164875,0.0514
2,XGBoost,subclinical_hypothyroid,0.08,0.050301932367149756,-0.03109903381642512,0.0,0.04471618357487923,0.0514
2,XGBoost,subclinical_hypothyroid,0.09,0.05015262515262515,-0.04242979242979242,0.0,0.04389499389499389,0.0514
2,XGBoost,subclinical_hypothyroid,0.1,0.049999999999999996,-0.054012345679012336,0.0,0.043055555555555555,0.0514
2,XGBoost,subclinical_hypothyroid,0.11,0.049843945068664165,-0.06585518102372034,0.0,0.04219725343320849,0.0514
2,XGBoost,subclinical_hypothyroid,0.12,0.049684343434343435,-0.0779671717171717,0.0,0.04131944444444444,0.0514
2,XGBoost,subclinical_hypothyroid,0.13,0.049624840357598975,-0.09035759897828864,0.0,0.040421455938697316,0.0514
2,XGBoost,subclinical_hypothyroid,0.14,0.04946705426356589,-0.10303617571059433,0.0,0.03950258397932817,0.0514
2,XGBoost,subclinical_hypothyroid,0.15,0.049305555555555554,-0.11601307189542488,0.0,0.03856209150326797,0.0514
2,XGBoost,subclinical_hypothyroid,0.16,0.04914021164021164,-0.1292989417989418,0.0,0.03759920634920635,0.0514
2,XGBoost,subclinical_hypothyroid,0.17,0.04897088353413655,-0.142904953145917,0.0,0.03661311914323962,0.0514
2,XGBoost,subclinical_hypothyroid,0.18,0.04879742547425474,-0.15684281842818432,0.0,0.0356029810298103,0.0514
2,XGBoost,subclinical_hypothyroid,0.19,0.04861968449931413,-0.17112482853223593,0.0,0.034567901234567905,0.0514
2,XGBoost,subclinical_hypothyroid,0.2,0.048437499999999994,-0.1857638888888889,0.0,0.03350694444444444,0.0514
2,XGBoost,subclinical_hypothyroid,0.21,0.04825070323488045,-0.2007735583684951,0.0,0.03241912798874824,0.0514
2,XGBoost,subclinical_hypothyroid,0.22,0.04805911680911681,-0.21616809116809116,0.0,0.0313034188034188,0.0514
2,XGBoost,subclinical_hypothyroid,0.23,0.04786255411255411,-0.23196248196248198,0.0,0.03015873015873016,0.0514
2,XGBoost,subclinical_hypothyroid,0.24,0.04788011695906433,-0.2481725146198831,0.0,0.028983918128654966,0.0514
2,XGBoost,subclinical_hypothyroid,0.25,0.047685185185185185,-0.2648148148148148,0.0,0.027777777777777776,0.0514
2,XGBoost,subclinical_hypothyroid,0.26,0.04748498498498498,-0.28190690690690695,0.0,0.026539039039039036,0.0514
2,XGBoost,subclinical_hypothyroid,0.27,0.047279299847793,-0.2994672754946728,0.0,0.02526636225266362,0.0514
2,XGBoost,subclinical_hypothyroid,0.28,0.0470679012345679,-0.3175154320987655,0.0,0.023958333333333328,0.0514
2,XGBoost,subclinical_hypothyroid,0.29,0.04685054773082942,-0.33607198748043826,0.0,0.02261345852895148,0.0514
2,XGBoost,subclinical_hypothyroid,0.3,0.04662698412698413,-0.3551587301587302,0.0,0.021230158730158728,0.0514
3,Logistic Regression,overt_hypothyroid,0.01,0.022608024691358024,0.013047138047138045,0.0,0.020763187429854096,0.0229
3,Logistic Regression,overt_hypothyroid,0.02,0.022406462585034013,0.0029761904761904726,0.0,0.020691609977324263,0.0229
3,Logistic Regression,overt_hypothyroid,0.03,0.022229381443298966,-0.007302405498281789,0.0,0.020618556701030927,0.0229
3,Logistic Regression,overt_hypothyroid,0.04,0.02204861111111111,-0.01779513888888889,0.0,0.02054398148148148,0.0229
3,Logistic Regression,overt_hypothyroid,0.05,0.021856725146198828,-0.028508771929824563,0.0,0.02046783625730994,0.0229
3,Logistic Regression,overt_hypothyroid,0.06,0.02180851063829787,-0.039450354609929086,0.0,0.020390070921985814,0.0229
3,Logistic Regression,overt_hypothyroid,0.07,0.02160991636798088,-0.050627240143369154,0.0,0.02031063321385902,0.0229
3,Logistic Regression,overt_hypothyroid,0.08,0.021407004830917873,-0.06204710144927536,0.0,0.020229468599033816,0.0229
3,Logistic Regression,overt_hypothyroid,0.09,0.021199633699633697,-0.0737179487179487,0.0,0.020146520146520144,0.0229
3,Logistic Regression,overt_hypothyroid,0.1,0.021219135802469133,-0.08564814814814814,0.0,0.020061728395061727,0.0229
3,Logistic Regression,overt_hypothyroid,0.11,0.02102840199750312,-0.09784644194756553,0.0,0.019975031210986267,0.0229
3,Logistic Regression,overt_hypothyroid,0.12,0.020928030303030302,-0.11032196969696967,0.0,0.019886363636363636,0.0229
3,Logistic Regression,overt_hypothyroid,0.13,0.020737547892720306,-0.12308429118773948,0.0,0.019795657726692208,0.0229
3,Logistic Regression,overt_hypothyroid,0.14,0.020655684754521963,-0.13614341085271317,0.0,0.01970284237726098,0.0229
3,Logistic Regression,overt_hypothyroid,0.15,0.020588235294117643,-0.14950980392156865,0.0,0.0196078431372549,0.0229
3,Logistic Regression,overt_hypothyroid,0.16,0.020403439153439153,-0.16319444444444445,0.0,0.01951058201058201,0.0229
3,Logistic Regression,overt_hypothyroid,0.17,0.020356425702811244,-0.17720883534136547,0.0,0.019410977242302542,0.0229
3,Logistic Regression,overt_hypothyroid,0.18,0.020172764227642276,-0.19156504065040653,0.0,0.019308943089430892,0.0229
3,Logistic Regression,overt_hypothyroid,0.19,0.019984567901234568,-0.20627572016460904,0.0,0.019204389574759943,0.0229
3,Logistic Regression,overt_hypothyroid,0.2,0.019791666666666666,-0.22135416666666666,0.0,0.01909722222222222,0.0229
3,Logistic Regression,overt_hypothyroid,0.21,0.019593881856540082,-0.23681434599156118,0.0,0.018987341772151896,0.0229
3,Logistic Regression,overt_hypothyroid,0.22,0.019586894586894586,-0.25267094017094016,0.0,0.018874643874643875,0.0229
3,Logistic Regression,overt_hypothyroid,0.23,0.01939033189033189,-0.2689393939393939,0.0,0.01875901875901876,0.0229
3,Logistic Regression,overt_hypothyroid,0.24,0.019188596491228067,-0.28563596491228077,0.0,0.01864035087719298,0.0229
3,Logistic Regression,overt_hypothyroid,0.25,0.01898148148148148,-0.30277777777777776,0.0,0.018518518518518517,0.0229
3,Logistic Regression,overt_hypothyroid,0.26,0.01876876876876877,-0.3203828828828829,0.0,0.01839339339339339,0.0229
3,Logistic Regression,overt_hypothyroid,0.27,0.018550228310502282,-0.33847031963470325,0.0,0.0182648401826484,0.0229
3,Logistic Regression,overt_hypothyroid,0.28,0.018325617283950615,-0.3570601851851853,0.0,0.018132716049382713,0.0229
3,Logistic Regression,overt_hypothyroid,0.29,0.01809467918622848,-0.37617370892018787,0.0,0.017996870109546165,0.0229
3,Logistic Regression,overt_hypothyroid,0.3,0.018154761904761903,-0.39583333333333337,0.0,0.017857142857142856,0.0229
3,Logistic Regression,subclinical_hypothyroid,0.01,0.042767957351290686,0.04180695847362514,0.0,0.05062429854096521,0.0514
3,Logistic Regression,subclinical_hypothyroid,0.02,0.03724489795918367,0.03202947845804988,0.0,0.04984410430839002,0.0514
3,Logistic Regression,subclinical_hypothyroid,0.03,0.034206758304696445,0.022050400916380296,0.0,0.04904782359679267,0.0514
3,Logistic Regression,subclinical_hypothyroid,0.04,0.032494212962962954,0.011863425925925923,0.0,0.048234953703703703,0.0514
3,Logistic Regression,subclinical_hypothyroid,0.05,0.03165204678362572,0.0014619883040935602,0.0,0.047404970760233915,0.0514
3,Logistic Regression,subclinical_hypothyroid,0.06,0.033215130023640654,-0.00916075650118204,0.0,0.04655732860520094,0.0514
3,Logistic Regression,subclinical_hypothyroid,0.07,0.03366935483870968,-0.02001194743130226,0.0,0.045691457586618876,0.0514
3,Logistic Regression,subclinical_hypothyroid,0.08,0.033876811594202895,-0.03109903381642512,0.0,0.044806763285024157,0.0514
3,Logistic Regression,subclinical_hypothyroid,0.09,0.033325702075702075,-0.04242979242979242,0.0,0.04390262515262515,0.0514
3,Logistic Regression,subclinical_hypothyroid,0.1,0.033101851851851855,-0.054012345679012336,0.0,0.042978395061728396,0.0514
3,Logistic Regression,subclinical_hypothyroid,0.11,0.03250624219725343,-0.06585518102372034,0.0,0.04203339575530587,0.0514
3,Logistic Regression,subclinical_hypothyroid,0.12,0.03235479797979798,-0.0779671717171717,0.0,0.04106691919191919,0.0514
3,Logistic Regression,subclinical_hypothyroid,0.13,0.032191890166028095,-0.09035759897828864,0.0,0.04007822477650064,0.0514
3,Logistic Regression,subclinical_hypothyroid,0.14,0.031492248062015504,-0.10303617571059433,0.0,0.03906653746770025,0.0514
3,Logistic Regression,subclinical_hypothyroid,0.15,0.03129084967320261,-0.11601307189542488,0.0,0.038031045751633984,0.0514
3,Logistic Regression,subclinical_hypothyroid,0.16,0.031018518518518515,-0.1292989417989418,0.0,0.03697089947089947,0.0514
3,Logistic Regression,subclinical_hypothyroid,0.17,0.03076472556894243,-0.142904953145917,0.0,0.035885207496653276,0.0514
3,Logistic Regression,subclinical_hypothyroid,0.18,0.03050474254742547,-0.15684281842818432,0.0,0.0347730352303523,0.0514
3,Logistic Regression,subclinical_hypothyroid,0.19,0.03021262002743484,-0.17112482853223593,0.0,0.033633401920438954,0.0514
3,Logistic Regression,subclinical_hypothyroid,0.2,0.0296875,-0.1857638888888889,0.0,0.03246527777777777,0.0514
3,Logistic Regression,subclinical_hypothyroid,0.21,0.030159985935302388,-0.2007735583684951,0.0,0.031267580872011244,0.0514
3,Logistic Regression,subclinical_hypothyroid,0.22,0.030235042735042735,-0.21616809116809116,0.0,0.030039173789173788,0.0514
3,Logistic Regression,subclinical_hypothyroid,0.23,0.029816017316017317,-0.23196248196248198,0.0,0.02877886002886003,0.0514
3,Logistic Regression,subclinical_hypothyroid,0.24,0.029020467836257304,-0.2481725146198831,0.0,0.02748538011695906,0.0514
3,Logistic Regression,subclinical_hypothyroid,0.25,0.028472222222222218,-0.2648148148148148,0.0,0.026157407407407407,0.0514
3,Logistic Regression,subclinical_hypothyroid,0.26,0.027965465465465463,-0.28190690690690695,0.0,0.02479354354354354,0.0514
3,Logistic Regression,subclinical_hypothyroid,0.27,0.027501902587519018,-0.2994672754946728,0.0,0.023392313546423134,0.0514
3,Logistic Regression,subclinical_hypothyroid,0.28,0.027083333333333327,-0.3175154320987655,0.0,0.021952160493827155,0.0514
3,Logistic Regression,subclinical_hypothyroid,0.29,0.02642801251956181,-0.33607198748043826,0.0,0.020471439749608758,0.0514
3,Logistic Regression,subclinical_hypothyroid,0.3,0.02609126984126984,-0.3551587301587302,0.0,0.018948412698412694,0.0514
3,Random Forest,overt_hypothyroid,0.01,0.0227202581369248,0.013047138047138045,0.0,0.020763187429854096,0.0229
3,Random Forest,overt_hypothyroid,0.02,0.022576530612244898,0.0029761904761904726,0.0,0.020691609977324263,0.0229
3,Random Forest,overt_hypothyroid,0.03,0.022487113402061856,-0.007302405498281789,0.0,0.020618556701030927,0.0229
3,Random Forest,overt_hypothyroid,0.04,0.022424768518518517,-0.01779513888888889,0.0,0.02054398148148148,0.0229
3,Random Forest,overt_hypothyroid,0.05,0.022404970760233917,-0.028508771929824563,0.0,0.02046783625730994,0.0229
3,Random Forest,overt_hypothyroid,0.06,0.022606382978723402,-0.039450354609929086,0.0,0.020390070921985814,0.0229
3,Random Forest,overt_hypothyroid,0.07,0.022603046594982076,-0.050627240143369154,0.0,0.02031063321385902,0.0229
3,Random Forest,overt_hypothyroid,0.08,0.022614734299516905,-0.06204710144927536,0.0,0.020229468599033816,0.0229
3,Random Forest,overt_hypothyroid,0.09,0.022573260073260073,-0.0737179487179487,0.0,0.020146520146520144,0.0229
3,Random Forest,overt_hypothyroid,0.1,0.022608024691358024,-0.08564814814814814,0.0,0.020061728395061727,0.0229
3,Random Forest,overt_hypothyroid,0.11,0.02257334581772784,-0.09784644194756553,0.0,0.019975031210986267,0.0229
3,Random Forest,overt_hypothyroid,0.12,0.022537878787878787,-0.11032196969696967,0.0,0.019886363636363636,0.0229
3,Random Forest,overt_hypothyroid,0.13,0.022501596424010215,-0.12308429118773948,0.0,0.019795657726692208,0.0229
3,Random Forest,overt_hypothyroid,0.14,0.02257751937984496,-0.13614341085271317,0.0,0.01970284237726098,0.0229
3,Random Forest,overt_hypothyroid,0.15,0.02267156862745098,-0.14950980392156865,0.0,0.0196078431372549,0.0229
3,Random Forest,overt_hypothyroid,0.16,0.0226521164021164,-0.16319444444444445,0.0,0.01951058201058201,0.0229
3,Random Forest,overt_hypothyroid,0.17,0.022632195448460506,-0.17720883534136547,0.0,0.019410977242302542,0.0229
3,Random Forest,overt_hypothyroid,0.18,0.022611788617886177,-0.19156504065040653,0.0,0.019308943089430892,0.0229
3,Random Forest,overt_hypothyroid,0.19,0.022590877914951988,-0.20627572016460904,0.0,0.019204389574759943,0.0229
3,Random Forest,overt_hypothyroid,0.2,0.022569444444444444,-0.22135416666666666,0.0,0.01909722222222222,0.0229
3,Random Forest,overt_hypothyroid,0.21,0.02254746835443038,-0.23681434599156118,0.0,0.018987341772151896,0.0229
3,Random Forest,overt_hypothyroid,0.22,0.022524928774928774,-0.25267094017094016,0.0,0.018874643874643875,0.0229
3,Random Forest,overt_hypothyroid,0.23,0.02250180375180375,-0.2689393939393939,0.0,0.01875901875901876,0.0229
3,Random Forest,overt_hypothyroid,0.24,0.022478070175438594,-0.28563596491228077,0.0,0.01864035087719298,0.0229
3,Random Forest,overt_hypothyroid,0.25,0.0224537037037037,-0.30277777777777776,0.0,0.018518518518518517,0.0229
3,Random Forest,overt_hypothyroid,0.26,0.022672672672672672,-0.3203828828828829,0.0,0.01839339339339339,0.0229
3,Random Forest,overt_hypothyroid,0.27,0.022659817351598173,-0.33847031963470325,0.0,0.0182648401826484,0.0229
3,Random Forest,overt_hypothyroid,0.28,0.022646604938271604,-0.3570601851851853,0.0,0.018132716049382713,0.0229
3,Random Forest,overt_hypothyroid,0.29,0.02263302034428795,-0.37617370892018787,0.0,0.017996870109546165,0.0229
3,Random Forest,overt_hypothyroid,0.3,0.02261904761904762,-0.39583333333333337,0.0,0.017857142857142856,0.0229
3,Random Forest,subclinical_hypothyroid,0.01,0.04649971941638608,0.04180695847362514,0.0,0.05062429854096521,0.0514
3,Random Forest,subclinical_hypothyroid,0.02,0.045096371882086164,0.03202947845804988,0.0,0.04984410430839002,0.0514
3,Random Forest,subclinical_hypothyroid,0.03,0.04537514318442153,0.022050400916380296,0.0,0.04904782359679267,0.0514
3,Random Forest,subclinical_hypothyroid,0.04,0.04739583333333333,0.011863425925925923,0.0,0.048234953703703703,0.0514
3,Random Forest,subclinical_hypothyroid,0.05,0.04791666666666666,0.0014619883040935602,0.0,0.047404970760233915,0.0514
3,Random Forest,subclinical_hypothyroid,0.06,0.04908392434988179,-0.00916075650118204,0.0,0.04655732860520094,0.0514
3,Random Forest,subclinical_hypothyroid,0.07,0.049245818399044204,-0.02001194743130226,0.0,0.045691457586618876,0.0514
3,Random Forest,subclinical_hypothyroid,0.08,0.04939613526570048,-0.03109903381642512,0.0,0.044806763285024157,0.0514
3,Random Forest,subclinical_hypothyroid,0.09,0.04912240537240537,-0.04242979242979242,0.0,0.04390262515262515,0.0514
3,Random Forest,subclinical_hypothyroid,0.1,0.04891975308641975,-0.054012345679012336,0.0,0.042978395061728396,0.0514
3,Random Forest,subclinical_hypothyroid,0.11,0.048728152309612985,-0.06585518102372034,0.0,0.04203339575530587,0.0514
3,Random Forest,subclinical_hypothyroid,0.12,0.048453282828282825,-0.0779671717171717,0.0,0.04106691919191919,0.0514
3,Random Forest,subclinical_hypothyroid,0.13,0.0481720945083014,-0.09035759897828864,0.0,0.04007822477650064,0.0514
3,Random Forest,subclinical_hypothyroid,0.14,0.0478843669250646,-0.10303617571059433,0.0,0.03906653746770025,0.0514
3,Random Forest,subclinical_hypothyroid,0.15,0.04758986928104575,-0.11601307189542488,0.0,0.038031045751633984,0.0514
3,Random Forest,subclinical_hypothyroid,0.16,0.04728835978835978,-0.1292989417989418,0.0,0.03697089947089947,0.0514
3,Random Forest,subclinical_hypothyroid,0.17,0.04697958500669344,-0.142904953145917,0.0,0.035885207496653276,0.0514
3,Random Forest,subclinical_hypothyroid,0.18,0.04696815718157181,-0.15684281842818432,0.0,0.0347730352303523,0.0514
3,Random Forest,subclinical_hypothyroid,0.19,0.04666495198902606,-0.17112482853223593,0.0,0.033633401920438954,0.0514
3,Random Forest,subclinical_hypothyroid,0.2,0.04635416666666666,-0.1857638888888889,0.0,0.03246527777777777,0.0514
3,Random Forest,subclinical_hypothyroid,0.21,0.04603551336146273,-0.2007735583684951,0.0,0.031267580872011244,0.0514
3,Random Forest,subclinical_hypothyroid,0.22,0.04570868945868946,-0.21616809116809116,0.0,0.030039173789173788,0.0514
3,Random Forest,subclinical_hypothyroid,0.23,0.045580808080808076,-0.23196248196248198,0.0,0.02877886002886003,0.0514
3,Random Forest,subclinical_hypothyroid,0.24,0.04546783625730994,-0.2481725146198831,0.0,0.02748538011695906,0.0514
3,Random Forest,subclinical_hypothyroid,0.25,0.04513888888888889,-0.2648148148148148,0.0,0.026157407407407407,0.0514
3,Random Forest,subclinical_hypothyroid,0.26,0.04480105105105105,-0.28190690690690695,0.0,0.02479354354354354,0.0514
3,Random Forest,subclinical_hypothyroid,0.27,0.04375951293759513,-0.2994672754946728,0.0,0.023392313546423134,0.0514
3,Random Forest,subclinical_hypothyroid,0.28,0.043402777777777776,-0.3175154320987655,0.0,0.021952160493827155,0.0514
3,Random Forest,subclinical_hypothyroid,0.29,0.04303599374021909,-0.33607198748043826,0.0,0.020471439749608758,0.0514
3,Random Forest,subclinical_hypothyroid,0.3,0.04265873015873016,-0.3551587301587302,0.0,0.018948412698412694,0.0514
3,XGBoost,overt_hypothyroid,0.01,0.022895622895622893,0.013047138047138045,0.0,0.020763187429854096,0.0229
3,XGBoost,overt_hypothyroid,0.02,0.022874149659863945,0.0029761904761904726,0.0,0.020691609977324263,0.0229
3,XGBoost,overt_hypothyroid,0.03,0.022852233676975944,-0.007302405498281789,0.0,0.020618556701030927,0.0229
3,XGBoost,overt_hypothyroid,0.04,0.02282986111111111,-0.01779513888888889,0.0,0.02054398148148148,0.0229
3,XGBoost,overt_hypothyroid,0.05,0.022807017543859647,-0.028508771929824563,0.0,0.02046783625730994,0.0229
3,XGBoost,overt_hypothyroid,0.06,0.02282801418439716,-0.039450354609929086,0.0,0.020390070921985814,0.0229
3,XGBoost,overt_hypothyroid,0.07,0.022812126642771803,-0.050627240143369154,0.0,0.02031063321385902,0.0229
3,XGBoost,overt_hypothyroid,0.08,0.022856280193236714,-0.06204710144927536,0.0,0.020229468599033816,0.0229
3,XGBoost,overt_hypothyroid,0.09,0.022847985347985347,-0.0737179487179487,0.0,0.020146520146520144,0.0229
3,XGBoost,overt_hypothyroid,0.1,0.022839506172839506,-0.08564814814814814,0.0,0.020061728395061727,0.0229
3,XGBoost,overt_hypothyroid,0.11,0.022830836454431958,-0.09784644194756553,0.0,0.019975031210986267,0.0229
3,XGBoost,overt_hypothyroid,0.12,0.022821969696969695,-0.11032196969696967,0.0,0.019886363636363636,0.0229
3,XGBoost,overt_hypothyroid,0.13,0.02281289910600255,-0.12308429118773948,0.0,0.019795657726692208,0.0229
3,XGBoost,overt_hypothyroid,0.14,0.02280361757105943,-0.13614341085271317,0.0,0.01970284237726098,0.0229
3,XGBoost,overt_hypothyroid,0.15,0.022794117647058822,-0.14950980392156865,0.0,0.0196078431372549,0.0229
3,XGBoost,overt_hypothyroid,0.16,0.022784391534391532,-0.16319444444444445,0.0,0.01951058201058201,0.0229
3,XGBoost,overt_hypothyroid,0.17,0.022774431057563587,-0.17720883534136547,0.0,0.019410977242302542,0.0229
3,XGBoost,overt_hypothyroid,0.18,0.02276422764227642,-0.19156504065040653,0.0,0.019308943089430892,0.0229
3,XGBoost,overt_hypothyroid,0.19,0.022753772290809327,-0.20627572016460904,0.0,0.019204389574759943,0.0229
3,XGBoost,overt_hypothyroid,0.2,0.022743055555555555,-0.22135416666666666,0.0,0.01909722222222222,0.0229
3,XGBoost,overt_hypothyroid,0.21,0.022732067510548522,-0.23681434599156118,0.0,0.018987341772151896,0.0229
3,XGBoost,overt_hypothyroid,0.22,0.022720797720797718,-0.25267094017094016,0.0,0.018874643874643875,0.0229
3,XGBoost,overt_hypothyroid,0.23,0.022709235209235207,-0.2689393939393939,0.0,0.01875901875901876,0.0229
3,XGBoost,overt_hypothyroid,0.24,0.02269736842105263,-0.28563596491228077,0.0,0.01864035087719298,0.0229
3,XGBoost,overt_hypothyroid,0.25,0.022685185185185183,-0.30277777777777776,0.0,0.018518518518518517,0.0229
3,XGBoost,overt_hypothyroid,0.26,0.022672672672672672,-0.3203828828828829,0.0,0.01839339339339339,0.0229
3,XGBoost,overt_hypothyroid,0.27,0.022659817351598173,-0.33847031963470325,0.0,0.0182648401826484,0.0229
3,XGBoost,overt_hypothyroid,0.28,0.022646604938271604,-0.3570601851851853,0.0,0.018132716049382713,0.0229
3,XGBoost,overt_hypothyroid,0.29,0.02263302034428795,-0.37617370892018787,0.0,0.017996870109546165,0.0229
3,XGBoost,overt_hypothyroid,0.3,0.02261904761904762,-0.39583333333333337,0.0,0.017857142857142856,0.0229
3,XGBoost,subclinical_hypothyroid,0.01,0.05044191919191919,0.04180695847362514,0.0,0.05062429854096521,0.0514
3,XGBoost,subclinical_hypothyroid,0.02,0.05018424036281179,0.03202947845804988,0.0,0.04984410430839002,0.0514
3,XGBoost,subclinical_hypothyroid,0.03,0.04996420389461627,0.022050400916380296,0.0,0.04904782359679267,0.0514
3,XGBoost,subclinical_hypothyroid,0.04,0.04976851851851852,0.011863425925925923,0.0,0.048234953703703703,0.0514
3,XGBoost,subclinical_hypothyroid,0.05,0.04952485380116959,0.0014619883040935602,0.0,0.047404970760233915,0.0514
3,XGBoost,subclinical_hypothyroid,0.06,0.049276004728132386,-0.00916075650118204,0.0,0.04655732860520094,0.0514
3,XGBoost,subclinical_hypothyroid,0.07,0.049126344086021505,-0.02001194743130226,0.0,0.045691457586618876,0.0514
3,XGBoost,subclinical_hypothyroid,0.08,0.048943236714975843,-0.03109903381642512,0.0,0.044806763285024157,0.0514
3,XGBoost,subclinical_hypothyroid,0.09,0.0487026862026862,-0.04242979242979242,0.0,0.04390262515262515,0.0514
3,XGBoost,subclinical_hypothyroid,0.1,0.04845679012345679,-0.054012345679012336,0.0,0.042978395061728396,0.0514
3,XGBoost,subclinical_hypothyroid,0.11,0.04829119850187266,-0.06585518102372034,0.0,0.04203339575530587,0.0514
3,XGBoost,subclinical_hypothyroid,0.12,0.048137626262626264,-0.0779671717171717,0.0,0.04106691919191919,0.0514
3,XGBoost,subclinical_hypothyroid,0.13,0.04789272030651341,-0.09035759897828864,0.0,0.04007822477650064,0.0514
3,XGBoost,subclinical_hypothyroid,0.14,0.047642118863049095,-0.10303617571059433,0.0,0.03906653746770025,0.0514
3,XGBoost,subclinical_hypothyroid,0.15,0.04738562091503268,-0.11601307189542488,0.0,0.038031045751633984,0.0514
3,XGBoost,subclinical_hypothyroid,0.16,0.04738756613756614,-0.1292989417989418,0.0,0.03697089947089947,0.0514
3,XGBoost,subclinical_hypothyroid,0.17,0.04713855421686747,-0.142904953145917,0.0,0.035885207496653276,0.0514
3,XGBoost,subclinical_hypothyroid,0.18,0.046883468834688344,-0.15684281842818432,0.0,0.0347730352303523,0.0514
3,XGBoost,subclinical_hypothyroid,0.19,0.04662208504801098,-0.17112482853223593,0.0,0.033633401920438954,0.0514
3,XGBoost,subclinical_hypothyroid,0.2,0.04635416666666667,-0.1857638888888889,0.0,0.03246527777777777,0.0514
3,XGBoost,subclinical_hypothyroid,0.21,0.04607946554149086,-0.2007735583684951,0.0,0.031267580872011244,0.0514
3,XGBoost,subclinical_hypothyroid,0.22,0.0457977207977208,-0.21616809116809116,0.0,0.030039173789173788,0.0514
3,XGBoost,subclinical_hypothyroid,0.23,0.04550865800865801,-0.23196248196248198,0.0,0.02877886002886003,0.0514
3,XGBoost,subclinical_hypothyroid,0.24,0.045211988304093564,-0.2481725146198831,0.0,0.02748538011695906,0.0514
3,XGBoost,subclinical_hypothyroid,0.25,0.04490740740740741,-0.2648148148148148,0.0,0.026157407407407407,0.0514
3,XGBoost,subclinical_hypothyroid,0.26,0.0445945945945946,-0.28190690690690695,0.0,0.02479354354354354,0.0514
3,XGBoost,subclinical_hypothyroid,0.27,0.04427321156773212,-0.2994672754946728,0.0,0.023392313546423134,0.0514
3,XGBoost,subclinical_hypothyroid,0.28,0.0439429012345679,-0.3175154320987655,0.0,0.021952160493827155,0.0514
3,XGBoost,subclinical_hypothyroid,0.29,0.04360328638497653,-0.33607198748043826,0.0,0.020471439749608758,0.0514
3,XGBoost,subclinical_hypothyroid,0.3,0.0435515873015873,-0.3551587301587302,0.0,0.018948412698412694,0.0514
4,Logistic Regression,overt_hypothyroid,0.01,0.02244668911335578,0.013047138047138045,0.0,0.017283950617283952,0.0229
4,Logistic Regression,overt_hypothyroid,0.02,0.02213718820861678,0.0029761904761904726,0.0,0.017205215419501135,0.0229
4,Logistic Regression,overt_hypothyroid,0.03,0.02186426116838488,-0.007302405498281789,0.0,0.017124856815578467,0.0229
4,Logistic Regression,overt_hypothyroid,0.04,0.021643518518518517,-0.01779513888888889,0.0,0.017042824074074075,0.0229
4,Logistic Regression,overt_hypothyroid,0.05,0.021381578947368418,-0.028508771929824563,0.0,0.016959064327485382,0.0229
4,Logistic Regression,overt_hypothyroid,0.06,0.021099290780141843,-0.039450354609929086,0.0,0.01687352245862884,0.0229
4,Logistic Regression,overt_hypothyroid,0.07,0.020825866188769415,-0.050627240143369154,0.0,0.01678614097968937,0.0229
4,Logistic Regression,overt_hypothyroid,0.08,0.020561594202898548,-0.06204710144927536,0.0,0.01669685990338164,0.0229
4,Logistic Regression,overt_hypothyroid,0.09,0.02051282051282051,-0.0737179487179487,0.0,0.016605616605616606,0.0229
4,Logistic Regression,overt_hypothyroid,0.1,0.020447530864197528,-0.08564814814814814,0.0,0.016512345679012348,0.0229
4,Logistic Regression,overt_hypothyroid,0.11,0.02025593008739076,-0.09784644194756553,0.0,0.01641697877652934,0.0229
4,Logistic Regression,overt_hypothyroid,0.12,0.019981060606060606,-0.11032196969696967,0.0,0.016319444444444445,0.0229
4,Logistic Regression,overt_hypothyroid,0.13,0.019907407407407405,-0.12308429118773948,0.0,0.016219667943805874,0.0229
4,Logistic Regression,overt_hypothyroid,0.14,0.019864341085271315,-0.13614341085271317,0.0,0.016117571059431526,0.0229
4,Logistic Regression,overt_hypothyroid,0.15,0.019607843137254898,-0.14950980392156865,0.0,0.01601307189542484,0.0229
4,Logistic Regression,overt_hypothyroid,0.16,0.019345238095238092,-0.16319444444444445,0.0,0.015906084656084656,0.0229
4,Logistic Regression,overt_hypothyroid,0.17,0.019218540829986613,-0.17720883534136547,0.0,0.015796519410977244,0.0229
4,Logistic Regression,overt_hypothyroid,0.18,0.019105691056910568,-0.19156504065040653,0.0,0.015684281842818427,0.0229
4,Logistic Regression,overt_hypothyroid,0.19,0.019007201646090533,-0.20627572016460904,0.0,0.015569272976680384,0.0229
4,Logistic Regression,overt_hypothyroid,0.2,0.01875,-0.22135416666666666,0.0,0.01545138888888889,0.0229
4,Logistic Regression,overt_hypothyroid,0.21,0.018670886075949366,-0.23681434599156118,0.0,0.015330520393811534,0.0229
4,Logistic Regression,overt_hypothyroid,0.22,0.01841168091168091,-0.25267094017094016,0.0,0.015206552706552707,0.0229
4,Logistic Regression,overt_hypothyroid,0.23,0.0183531746031746,-0.2689393939393939,0.0,0.015079365079365081,0.0229
4,Logistic Regression,overt_hypothyroid,0.24,0.018092105263157892,-0.28563596491228077,0.0,0.014948830409356725,0.0229
4,Logistic Regression,overt_hypothyroid,0.25,0.017824074074074072,-0.30277777777777776,0.0,0.014814814814814815,0.0229
4,Logistic Regression,overt_hypothyroid,0.26,0.017548798798798795,-0.3203828828828829,0.0,0.014677177177177179,0.0229
4,Logistic Regression,overt_hypothyroid,0.27,0.01752283105022831,-0.33847031963470325,0.0,0.014535768645357687,0.0229
4,Logistic Regression,overt_hypothyroid,0.28,0.01724537037037037,-0.3570601851851853,0.0,0.014390432098765431,0.0229
4,Logistic Regression,overt_hypothyroid,0.29,0.016960093896713612,-0.37617370892018787,0.0,0.014241001564945227,0.0229
4,Logistic Regression,overt_hypothyroid,0.3,0.016666666666666663,-0.39583333333333337,0.0,0.014087301587301588,0.0229
4,Logistic Regression,subclinical_hypothyroid,0.01,0.04250841750841751,0.04180695847362514,0.0,0.050582210998877664,0.0514
4,Logistic Regression,subclinical_hypothyroid,0.02,0.036309523809523805,0.03202947845804988,0.0,0.04975907029478458,0.0514
4,Logistic Regression,subclinical_hypothyroid,0.03,0.032166380297823594,0.022050400916380296,0.0,0.048918957617411225,0.0514
4,Logistic Regression,subclinical_hypothyroid,0.04,0.029629629629629624,0.011863425925925923,0.0,0.04806134259259259,0.0514
4,Logistic Regression,subclinical_hypothyroid,0.05,0.028508771929824556,0.0014619883040935602,0.0,0.04718567251461988,0.0514
4,Logistic Regression,subclinical_hypothyroid,0.06,0.030200945626477536,-0.00916075650118204,0.0,0.046291371158392436,0.0514
4,Logistic Regression,subclinical_hypothyroid,0.07,0.030271804062126643,-0.02001194743130226,0.0,0.04537783751493429,0.0514
4,Logistic Regression,subclinical_hypothyroid,0.08,0.03134057971014492,-0.03109903381642512,0.0,0.04444444444444444,0.0514
4,Logistic Regression,subclinical_hypothyroid,0.09,0.03140262515262515,-0.04242979242979242,0.0,0.04349053724053724,0.0514
4,Logistic Regression,subclinical_hypothyroid,0.1,0.030787037037037036,-0.054012345679012336,0.0,0.04251543209876543,0.0514
4,Logistic Regression,subclinical_hypothyroid,0.11,0.02975967540574282,-0.06585518102372034,0.0,0.04151841448189762,0.0514
4,Logistic Regression,subclinical_hypothyroid,0.12,0.029324494949494948,-0.0779671717171717,0.0,0.040498737373737374,0.0514
4,Logistic Regression,subclinical_hypothyroid,0.13,0.029597701149425282,-0.09035759897828864,0.0,0.03945561941251596,0.0514
4,Logistic Regression,subclinical_hypothyroid,0.14,0.02968346253229974,-0.10303617571059433,0.0,0.038388242894056845,0.0514
4,Logistic Regression,subclinical_hypothyroid,0.15,0.02969771241830065,-0.11601307189542488,0.0,0.03729575163398692,0.0514
4,Logistic Regression,subclinical_hypothyroid,0.16,0.029298941798941793,-0.1292989417989418,0.0,0.036177248677248676,0.0514
4,Logistic Regression,subclinical_hypothyroid,0.17,0.028915662650602407,-0.142904953145917,0.0,0.03503179384203481,0.0514
4,Logistic Regression,subclinical_hypothyroid,0.18,0.028827913279132786,-0.15684281842818432,0.0,0.033858401084010836,0.0514
4,Logistic Regression,subclinical_hypothyroid,0.19,0.028420781893004114,-0.17112482853223593,0.0,0.03265603566529492,0.0514
4,Logistic Regression,subclinical_hypothyroid,0.2,0.028124999999999997,-0.1857638888888889,0.0,0.03142361111111111,0.0514
4,Logistic Regression,subclinical_hypothyroid,0.21,0.02776019690576652,-0.2007735583684951,0.0,0.030159985935302388,0.0514
4,Logistic Regression,subclinical_hypothyroid,0.22,0.027884615384615383,-0.21616809116809116,0.0,0.028863960113960113,0.0514
4,Logistic Regression,subclinical_hypothyroid,0.23,0.027326839826839824,-0.23196248196248198,0.0,0.027534271284271286,0.0514
4,Logistic Regression,subclinical_hypothyroid,0.24,0.02704678362573099,-0.2481725146198831,0.0,0.02616959064327485,0.0514
4,Logistic Regression,subclinical_hypothyroid,0.25,0.02708333333333333,-0.2648148148148148,0.0,0.02476851851851852,0.0514
4,Logistic Regression,subclinical_hypothyroid,0.26,0.027233483483483478,-0.28190690690690695,0.0,0.02332957957957958,0.0514
4,Logistic Regression,subclinical_hypothyroid,0.27,0.02596080669710806,-0.2994672754946728,0.0,0.021851217656012174,0.0514
4,Logistic Regression,subclinical_hypothyroid,0.28,0.025192901234567897,-0.3175154320987655,0.0,0.020331790123456785,0.0514
4,Logistic Regression,subclinical_hypothyroid,0.29,0.02387519561815336,-0.33607198748043826,0.0,0.018769561815336455,0.0514
4,Logistic Regression,subclinical_hypothyroid,0.3,0.02311507936507936,-0.3551587301587302,0.0,0.017162698412698407,0.0514
4,Random Forest,overt_hypothyroid,0.01,0.02266414141414141,0.013047138047138045,0.0,0.017283950617283952,0.0229
4,Random Forest,overt_hypothyroid,0.02,0.02261904761904762,0.0029761904761904726,0.0,0.017205215419501135,0.0229
4,Random Forest,overt_hypothyroid,0.03,0.0226159793814433,-0.007302405498281789,0.0,0.017124856815578467,0.0229
4,Random Forest,overt_hypothyroid,0.04,0.022627314814814812,-0.01779513888888889,0.0,0.017042824074074075,0.0229
4,Random Forest,overt_hypothyroid,0.05,0.02258771929824561,-0.028508771929824563,0.0,0.016959064327485382,0.0229
4,Random Forest,overt_hypothyroid,0.06,0.022650709219858154,-0.039450354609929086,0.0,0.01687352245862884,0.0229
4,Random Forest,overt_hypothyroid,0.07,0.022603046594982076,-0.050627240143369154,0.0,0.01678614097968937,0.0229
4,Random Forest,overt_hypothyroid,0.08,0.022614734299516905,-0.06204710144927536,0.0,0.01669685990338164,0.0229
4,Random Forest,overt_hypothyroid,0.09,0.02264194139194139,-0.0737179487179487,0.0,0.016605616605616606,0.0229
4,Random Forest,overt_hypothyroid,0.1,0.022608024691358024,-0.08564814814814814,0.0,0.016512345679012348,0.0229
4,Random Forest,overt_hypothyroid,0.11,0.02257334581772784,-0.09784644194756553,0.0,0.01641697877652934,0.0229
4,Random Forest,overt_hypothyroid,0.12,0.022537878787878787,-0.11032196969696967,0.0,0.016319444444444445,0.0229
4,Random Forest,overt_hypothyroid,0.13,0.022501596424010215,-0.12308429118773948,0.0,0.016219667943805874,0.0229
4,Random Forest,overt_hypothyroid,0.14,0.022464470284237724,-0.13614341085271317,0.0,0.016117571059431526,0.0229
4,Random Forest,overt_hypothyroid,0.15,0.02242647058823529,-0.14950980392156865,0.0,0.01601307189542484,0.0229
4,Random Forest,overt_hypothyroid,0.16,0.022387566137566137,-0.16319444444444445,0.0,0.015906084656084656,0.0229
4,Random Forest,overt_hypothyroid,0.17,0.02234772423025435,-0.17720883534136547,0.0,0.015796519410977244,0.0229
4,Random Forest,overt_hypothyroid,0.18,0.02230691056910569,-0.19156504065040653,0.0,0.015684281842818427,0.0229
4,Random Forest,overt_hypothyroid,0.19,0.02226508916323731,-0.20627572016460904,0.0,0.015569272976680384,0.0229
4,Random Forest,overt_hypothyroid,0.2,0.02222222222222222,-0.22135416666666666,0.0,0.01545138888888889,0.0229
4,Random Forest,overt_hypothyroid,0.21,0.022178270042194092,-0.23681434599156118,0.0,0.015330520393811534,0.0229
4,Random Forest,overt_hypothyroid,0.22,0.022133190883190882,-0.25267094017094016,0.0,0.015206552706552707,0.0229
4,Random Forest,overt_hypothyroid,0.23,0.022086940836940835,-0.2689393939393939,0.0,0.015079365079365081,0.0229
4,Random Forest,overt_hypothyroid,0.24,0.022039473684210525,-0.28563596491228077,0.0,0.014948830409356725,0.0229
4,Random Forest,overt_hypothyroid,0.25,0.021990740740740738,-0.30277777777777776,0.0,0.014814814814814815,0.0229
4,Random Forest,overt_hypothyroid,0.26,0.022184684684684684,-0.3203828828828829,0.0,0.014677177177177179,0.0229
4,Random Forest,overt_hypothyroid,0.27,0.022146118721461185,-0.33847031963470325,0.0,0.014535768645357687,0.0229
4,Random Forest,overt_hypothyroid,0.28,0.02210648148148148,-0.3570601851851853,0.0,0.014390432098765431,0.0229
4,Random Forest,overt_hypothyroid,0.29,0.022065727699530514,-0.37617370892018787,0.0,0.014241001564945227,0.0229
4,Random Forest,overt_hypothyroid,0.3,0.022023809523809522,-0.39583333333333337,0.0,0.014087301587301588,0.0229
4,Random Forest,subclinical_hypothyroid,0.01,0.050210437710437705,0.04180695847362514,0.0,0.050582210998877664,0.0514
4,Random Forest,subclinical_hypothyroid,0.02,0.05038265306122449,0.03202947845804988,0.0,0.04975907029478458,0.0514
4,Random Forest,subclinical_hypothyroid,0.03,0.05035796105383734,0.022050400916380296,0.0,0.048918957617411225,0.0514
4,Random Forest,subclinical_hypothyroid,0.04,0.05026041666666666,0.011863425925925923,0.0,0.04806134259259259,0.0514
4,Random Forest,subclinical_hypothyroid,0.05,0.04996345029239766,0.0014619883040935602,0.0,0.04718567251461988,0.0514
4,Random Forest,subclinical_hypothyroid,0.06,0.04970449172576832,-0.00916075650118204,0.0,0.046291371158392436,0.0514
4,Random Forest,subclinical_hypothyroid,0.07,0.0494026284348865,-0.02001194743130226,0.0,0.04537783751493429,0.0514
4,Random Forest,subclinical_hypothyroid,0.08,0.049154589371980674,-0.03109903381642512,0.0,0.04444444444444444,0.0514
4,Random Forest,subclinical_hypothyroid,0.09,0.048985042735042734,-0.04242979242979242,0.0,0.04349053724053724,0.0514
4,Random Forest,subclinical_hypothyroid,0.1,0.04868827160493827,-0.054012345679012336,0.0,0.04251543209876543,0.0514
4,Random Forest,subclinical_hypothyroid,0.11,0.04847066167290886,-0.06585518102372034,0.0,0.04151841448189762,0.0514
4,Random Forest,subclinical_hypothyroid,0.12,0.04835858585858586,-0.0779671717171717,0.0,0.040498737373737374,0.0514
4,Random Forest,subclinical_hypothyroid,0.13,0.04837962962962963,-0.09035759897828864,0.0,0.03945561941251596,0.0514
4,Random Forest,subclinical_hypothyroid,0.14,0.04811046511627907,-0.10303617571059433,0.0,0.038388242894056845,0.0514
4,Random Forest,subclinical_hypothyroid,0.15,0.04795751633986928,-0.11601307189542488,0.0,0.03729575163398692,0.0514
4,Random Forest,subclinical_hypothyroid,0.16,0.047685185185185185,-0.1292989417989418,0.0,0.036177248677248676,0.0514
4,Random Forest,subclinical_hypothyroid,0.17,0.047406291834002676,-0.142904953145917,0.0,0.03503179384203481,0.0514
4,Random Forest,subclinical_hypothyroid,0.18,0.047120596205962054,-0.15684281842818432,0.0,0.033858401084010836,0.0514
4,Random Forest,subclinical_hypothyroid,0.19,0.0468278463648834,-0.17112482853223593,0.0,0.03265603566529492,0.0514
4,Random Forest,subclinical_hypothyroid,0.2,0.04652777777777778,-0.1857638888888889,0.0,0.03142361111111111,0.0514
4,Random Forest,subclinical_hypothyroid,0.21,0.046404711673699015,-0.2007735583684951,0.0,0.030159985935302388,0.0514
4,Random Forest,subclinical_hypothyroid,0.22,0.046100427350427346,-0.21616809116809116,0.0,0.028863960113960113,0.0514
4,Random Forest,subclinical_hypothyroid,0.23,0.04599567099567099,-0.23196248196248198,0.0,0.027534271284271286,0.0514
4,Random Forest,subclinical_hypothyroid,0.24,0.045906432748538006,-0.2481725146198831,0.0,0.02616959064327485,0.0514
4,Random Forest,subclinical_hypothyroid,0.25,0.04560185185185185,-0.2648148148148148,0.0,0.02476851851851852,0.0514
4,Random Forest,subclinical_hypothyroid,0.26,0.04553303303303303,-0.28190690690690695,0.0,0.02332957957957958,0.0514
4,Random Forest,subclinical_hypothyroid,0.27,0.045481354642313544,-0.2994672754946728,0.0,0.021851217656012174,0.0514
4,Random Forest,subclinical_hypothyroid,0.28,0.045177469135802464,-0.3175154320987655,0.0,0.020331790123456785,0.0514
4,Random Forest,subclinical_hypothyroid,0.29,0.0448650234741784,-0.33607198748043826,0.0,0.018769561815336455,0.0514
4,Random Forest,subclinical_hypothyroid,0.3,0.04454365079365079,-0.3551587301587302,0.0,0.017162698412698407,0.0514
4,XGBoost,overt_hypothyroid,0.01,0.022194163860830528,0.013047138047138045,0.0,0.017283950617283952,0.0229
4,XGBoost,overt_hypothyroid,0.02,0.02147108843537415,0.0029761904761904726,0.0,0.017205215419501135,0.0229
4,XGBoost,overt_hypothyroid,0.03,0.021441867124856816,-0.007302405498281789,0.0,0.017124856815578467,0.0229
4,XGBoost,overt_hypothyroid,0.04,0.020717592592592593,-0.01779513888888889,0.0,0.017042824074074075,0.0229
4,XGBoost,overt_hypothyroid,0.05,0.020687134502923976,-0.028508771929824563,0.0,0.016959064327485382,0.0229
4,XGBoost,overt_hypothyroid,0.06,0.020656028368794325,-0.039450354609929086,0.0,0.01687352245862884,0.0229
4,XGBoost,overt_hypothyroid,0.07,0.020624253285543608,-0.050627240143369154,0.0,0.01678614097968937,0.0229
4,XGBoost,overt_hypothyroid,0.08,0.020591787439613526,-0.06204710144927536,0.0,0.01669685990338164,0.0229
4,XGBoost,overt_hypothyroid,0.09,0.02055860805860806,-0.0737179487179487,0.0,0.016605616605616606,0.0229
4,XGBoost,overt_hypothyroid,0.1,0.02052469135802469,-0.08564814814814814,0.0,0.016512345679012348,0.0229
4,XGBoost,overt_hypothyroid,0.11,0.020490012484394506,-0.09784644194756553,0.0,0.01641697877652934,0.0229
4,XGBoost,overt_hypothyroid,0.12,0.020454545454545454,-0.11032196969696967,0.0,0.016319444444444445,0.0229
4,XGBoost,overt_hypothyroid,0.13,0.02041826309067688,-0.12308429118773948,0.0,0.016219667943805874,0.0229
4,XGBoost,overt_hypothyroid,0.14,0.02038113695090439,-0.13614341085271317,0.0,0.016117571059431526,0.0229
4,XGBoost,overt_hypothyroid,0.15,0.020343137254901958,-0.14950980392156865,0.0,0.01601307189542484,0.0229
4,XGBoost,overt_hypothyroid,0.16,0.020304232804232804,-0.16319444444444445,0.0,0.015906084656084656,0.0229
4,XGBoost,overt_hypothyroid,0.17,0.020406626506024095,-0.17720883534136547,0.0,0.015796519410977244,0.0229
4,XGBoost,overt_hypothyroid,0.18,0.0203760162601626,-0.19156504065040653,0.0,0.015684281842818427,0.0229
4,XGBoost,overt_hypothyroid,0.19,0.020344650205761317,-0.20627572016460904,0.0,0.015569272976680384,0.0229
4,XGBoost,overt_hypothyroid,0.2,0.020312499999999997,-0.22135416666666666,0.0,0.01545138888888889,0.0229
4,XGBoost,overt_hypothyroid,0.21,0.020279535864978902,-0.23681434599156118,0.0,0.015330520393811534,0.0229
4,XGBoost,overt_hypothyroid,0.22,0.020245726495726493,-0.25267094017094016,0.0,0.015206552706552707,0.0229
4,XGBoost,overt_hypothyroid,0.23,0.02021103896103896,-0.2689393939393939,0.0,0.015079365079365081,0.0229
4,XGBoost,overt_hypothyroid,0.24,0.02017543859649123,-0.28563596491228077,0.0,0.014948830409356725,0.0229
4,XGBoost,overt_hypothyroid,0.25,0.020138888888888887,-0.30277777777777776,0.0,0.014814814814814815,0.0229
4,XGBoost,overt_hypothyroid,0.26,0.02010135135135135,-0.3203828828828829,0.0,0.014677177177177179,0.0229
4,XGBoost,overt_hypothyroid,0.27,0.020062785388127852,-0.33847031963470325,0.0,0.014535768645357687,0.0229
4,XGBoost,overt_hypothyroid,0.28,0.020023148148148148,-0.3570601851851853,0.0,0.014390432098765431,0.0229
4,XGBoost,overt_hypothyroid,0.29,0.01998239436619718,-0.37617370892018787,0.0,0.014241001564945227,0.0229
4,XGBoost,overt_hypothyroid,0.3,0.01994047619047619,-0.39583333333333337,0.0,0.014087301587301588,0.0229
4,XGBoost,subclinical_hypothyroid,0.01,0.05112934904601571,0.04180695847362514,0.0,0.050582210998877664,0.0514
4,XGBoost,subclinical_hypothyroid,0.02,0.05090702947845805,0.03202947845804988,0.0,0.04975907029478458,0.0514
4,XGBoost,subclinical_hypothyroid,0.03,0.05072308132875143,0.022050400916380296,0.0,0.048918957617411225,0.0514
4,XGBoost,subclinical_hypothyroid,0.04,0.0505787037037037,0.011863425925925923,0.0,0.04806134259259259,0.0514
4,XGBoost,subclinical_hypothyroid,0.05,0.05036549707602339,0.0014619883040935602,0.0,0.04718567251461988,0.0514
4,XGBoost,subclinical_hypothyroid,0.06,0.050147754137115835,-0.00916075650118204,0.0,0.046291371158392436,0.0514
4,XGBoost,subclinical_hypothyroid,0.07,0.04992532855436081,-0.02001194743130226,0.0,0.04537783751493429,0.0514
4,XGBoost,subclinical_hypothyroid,0.08,0.04969806763285024,-0.03109903381642512,0.0,0.04444444444444444,0.0514
4,XGBoost,subclinical_hypothyroid,0.09,0.049465811965811964,-0.04242979242979242,0.0,0.04349053724053724,0.0514
4,XGBoost,subclinical_hypothyroid,0.1,0.049305555555555554,-0.054012345679012336,0.0,0.04251543209876543,0.0514
4,XGBoost,subclinical_hypothyroid,0.11,0.04907147315855181,-0.06585518102372034,0.0,0.04151841448189762,0.0514
4,XGBoost,subclinical_hypothyroid,0.12,0.048832070707070706,-0.0779671717171717,0.0,0.040498737373737374,0.0514
4,XGBoost,subclinical_hypothyroid,0.13,0.048690932311621964,-0.09035759897828864,0.0,0.03945561941251596,0.0514
4,XGBoost,subclinical_hypothyroid,0.14,0.04844961240310077,-0.10303617571059433,0.0,0.038388242894056845,0.0514
4,XGBoost,subclinical_hypothyroid,0.15,0.04820261437908496,-0.11601307189542488,0.0,0.03729575163398692,0.0514
4,XGBoost,subclinical_hypothyroid,0.16,0.04794973544973545,-0.1292989417989418,0.0,0.036177248677248676,0.0514
4,XGBoost,subclinical_hypothyroid,0.17,0.04769076305220883,-0.142904953145917,0.0,0.03503179384203481,0.0514
4,XGBoost,subclinical_hypothyroid,0.18,0.04742547425474254,-0.15684281842818432,0.0,0.033858401084010836,0.0514
4,XGBoost,subclinical_hypothyroid,0.19,0.04715363511659808,-0.17112482853223593,0.0,0.03265603566529492,0.0514
4,XGBoost,subclinical_hypothyroid,0.2,0.046875,-0.1857638888888889,0.0,0.03142361111111111,0.0514
4,XGBoost,subclinical_hypothyroid,0.21,0.046589310829817154,-0.2007735583684951,0.0,0.030159985935302388,0.0514
4,XGBoost,subclinical_hypothyroid,0.22,0.046296296296296294,-0.21616809116809116,0.0,0.028863960113960113,0.0514
4,XGBoost,subclinical_hypothyroid,0.23,0.04599567099567099,-0.23196248196248198,0.0,0.027534271284271286,0.0514
4,XGBoost,subclinical_hypothyroid,0.24,0.04568713450292397,-0.2481725146198831,0.0,0.02616959064327485,0.0514
4,XGBoost,subclinical_hypothyroid,0.25,0.045370370370370366,-0.2648148148148148,0.0,0.02476851851851852,0.0514
4,XGBoost,subclinical_hypothyroid,0.26,0.04504504504504504,-0.28190690690690695,0.0,0.02332957957957958,0.0514
4,XGBoost,subclinical_hypothyroid,0.27,0.044710806697108064,-0.2994672754946728,0.0,0.021851217656012174,0.0514
4,XGBoost,subclinical_hypothyroid,0.28,0.04436728395061728,-0.3175154320987655,0.0,0.020331790123456785,0.0514
4,XGBoost,subclinical_hypothyroid,0.29,0.04401408450704225,-0.33607198748043826,0.0,0.018769561815336455,0.0514
4,XGBoost,subclinical_hypothyroid,0.3,0.04365079365079365,-0.3551587301587302,0.0,0.017162698412698407,0.0514
5,Logistic Regression,overt_hypothyroid,0.01,0.022615039281705947,0.013047138047138045,0.0,0.020026655443322113,0.0229
5,Logistic Regression,overt_hypothyroid,0.02,0.022363945578231292,0.0029761904761904726,0.0,0.019912131519274377,0.0229
5,Logistic Regression,overt_hypothyroid,0.03,0.021534936998854524,-0.007302405498281789,0.0,0.019795246277205043,0.0229
5,Logistic Regression,overt_hypothyroid,0.04,0.021354166666666667,-0.01779513888888889,0.0,0.019675925925925927,0.0229
5,Logistic Regression,overt_hypothyroid,0.05,0.021198830409356727,-0.028508771929824563,0.0,0.019554093567251463,0.0229
5,Logistic Regression,overt_hypothyroid,0.06,0.021025413711583923,-0.039450354609929086,0.0,0.01942966903073286,0.0229
5,Logistic Regression,overt_hypothyroid,0.07,0.02091547192353644,-0.050627240143369154,0.0,0.01930256869772999,0.0229
5,Logistic Regression,overt_hypothyroid,0.08,0.02071256038647343,-0.06204710144927536,0.0,0.019172705314009664,0.0229
5,Logistic Regression,overt_hypothyroid,0.09,0.020573870573870574,-0.0737179487179487,0.0,0.01903998778998779,0.0229
5,Logistic Regression,overt_hypothyroid,0.1,0.020370370370370372,-0.08564814814814814,0.0,0.01890432098765432,0.0229
5,Logistic Regression,overt_hypothyroid,0.11,0.020162297128589263,-0.09784644194756553,0.0,0.018765605493133584,0.0229
5,Logistic Regression,overt_hypothyroid,0.12,0.02004419191919192,-0.11032196969696967,0.0,0.018623737373737376,0.0229
5,Logistic Regression,overt_hypothyroid,0.13,0.020043103448275864,-0.12308429118773948,0.0,0.01847860791826309,0.0229
5,Logistic Regression,overt_hypothyroid,0.14,0.01996124031007752,-0.13614341085271317,0.0,0.01833010335917313,0.0229
5,Logistic Regression,overt_hypothyroid,0.15,0.01977124183006536,-0.14950980392156865,0.0,0.0181781045751634,0.0229
5,Logistic Regression,overt_hypothyroid,0.16,0.019576719576719578,-0.16319444444444445,0.0,0.018022486772486773,0.0229
5,Logistic Regression,overt_hypothyroid,0.17,0.019377510040160643,-0.17720883534136547,0.0,0.017863119143239625,0.0229
5,Logistic Regression,overt_hypothyroid,0.18,0.01932588075880759,-0.19156504065040653,0.0,0.01769986449864499,0.0229
5,Logistic Regression,overt_hypothyroid,0.19,0.019127229080932784,-0.20627572016460904,0.0,0.01753257887517147,0.0229
5,Logistic Regression,overt_hypothyroid,0.2,0.018923611111111113,-0.22135416666666666,0.0,0.017361111111111112,0.0229
5,Logistic Regression,overt_hypothyroid,0.21,0.018714838255977497,-0.23681434599156118,0.0,0.017185302390998594,0.0229
5,Logistic Regression,overt_hypothyroid,0.22,0.018500712250712252,-0.25267094017094016,0.0,0.017004985754985755,0.0229
5,Logistic Regression,overt_hypothyroid,0.23,0.018281024531024533,-0.2689393939393939,0.0,0.01681998556998557,0.0229
5,Logistic Regression,overt_hypothyroid,0.24,0.018055555555555554,-0.28563596491228077,0.0,0.01663011695906433,0.0229
5,Logistic Regression,overt_hypothyroid,0.25,0.018055555555555557,-0.30277777777777776,0.0,0.016435185185185185,0.0229
5,Logistic Regression,overt_hypothyroid,0.26,0.018074324324324327,-0.3203828828828829,0.0,0.016234984984984987,0.0229
5,Logistic Regression,overt_hypothyroid,0.27,0.01785578386605784,-0.33847031963470325,0.0,0.016029299847793,0.0229
5,Logistic Regression,overt_hypothyroid,0.28,0.017631172839506173,-0.3570601851851853,0.0,0.015817901234567902,0.0229
5,Logistic Regression,overt_hypothyroid,0.29,0.017400234741784038,-0.37617370892018787,0.0,0.01560054773082942,0.0229
5,Logistic Regression,overt_hypothyroid,0.3,0.017162698412698414,-0.39583333333333337,0.0,0.015376984126984128,0.0229
5,Logistic Regression,subclinical_hypothyroid,0.01,0.04384820426487093,0.04180695847362514,0.0,0.050105218855218854,0.0514
5,Logistic Regression,subclinical_hypothyroid,0.02,0.040334467120181405,0.03202947845804988,0.0,0.04950396825396825,0.0514
5,Logistic Regression,subclinical_hypothyroid,0.03,0.03843069873997709,0.022050400916380296,0.0,0.04889032073310424,0.0514
5,Logistic Regression,subclinical_hypothyroid,0.04,0.03764467592592592,0.011863425925925923,0.0,0.04826388888888889,0.0514
5,Logistic Regression,subclinical_hypothyroid,0.05,0.03782894736842105,0.0014619883040935602,0.0,0.04762426900584795,0.0514
5,Logistic Regression,subclinical_hypothyroid,0.06,0.037839834515366426,-0.00916075650118204,0.0,0.0469710401891253,0.0514
5,Logistic Regression,subclinical_hypothyroid,0.07,0.03856780167264039,-0.02001194743130226,0.0,0.046303763440860214,0.0514
5,Logistic Regression,subclinical_hypothyroid,0.08,0.0382548309178744,-0.03109903381642512,0.0,0.0456219806763285,0.0514
5,Logistic Regression,subclinical_hypothyroid,0.09,0.03743894993894994,-0.04242979242979242,0.0,0.044925213675213675,0.0514
5,Logistic Regression,subclinical_hypothyroid,0.1,0.03742283950617284,-0.054012345679012336,0.0,0.04421296296296296,0.0514
5,Logistic Regression,subclinical_hypothyroid,0.11,0.037734082397003745,-0.06585518102372034,0.0,0.04348470661672909,0.0514
5,Logistic Regression,subclinical_hypothyroid,0.12,0.03734217171717172,-0.0779671717171717,0.0,0.042739898989898994,0.0514
5,Logistic Regression,subclinical_hypothyroid,0.13,0.037308429118773946,-0.09035759897828864,0.0,0.041977969348659,0.0514
5,Logistic Regression,subclinical_hypothyroid,0.14,0.036902454780361756,-0.10303617571059433,0.0,0.04119832041343669,0.0514
5,Logistic Regression,subclinical_hypothyroid,0.15,0.03696895424836601,-0.11601307189542488,0.0,0.040400326797385616,0.0514
5,Logistic Regression,subclinical_hypothyroid,0.16,0.03667328042328042,-0.1292989417989418,0.0,0.03958333333333333,0.0514
5,Logistic Regression,subclinical_hypothyroid,0.17,0.036897590361445784,-0.142904953145917,0.0,0.03874665327978581,0.0514
5,Logistic Regression,subclinical_hypothyroid,0.18,0.036517615176151756,-0.15684281842818432,0.0,0.03788956639566395,0.0514
5,Logistic Regression,subclinical_hypothyroid,0.19,0.03587105624142661,-0.17112482853223593,0.0,0.037011316872427986,0.0514
5,Logistic Regression,subclinical_hypothyroid,0.2,0.03576388888888889,-0.1857638888888889,0.0,0.03611111111111111,0.0514
5,Logistic Regression,subclinical_hypothyroid,0.21,0.03574191279887482,-0.2007735583684951,0.0,0.035188115330520395,0.0514
5,Logistic Regression,subclinical_hypothyroid,0.22,0.03561253561253561,-0.21616809116809116,0.0,0.034241452991452995,0.0514
5,Logistic Regression,subclinical_hypothyroid,0.23,0.035344516594516595,-0.23196248196248198,0.0,0.03327020202020202,0.0514
5,Logistic Regression,subclinical_hypothyroid,0.24,0.035124269005847954,-0.2481725146198831,0.0,0.032273391812865496,0.0514
5,Logistic Regression,subclinical_hypothyroid,0.25,0.03564814814814815,-0.2648148148148148,0.0,0.03125,0.0514
5,Logistic Regression,subclinical_hypothyroid,0.26,0.03532282282282283,-0.28190690690690695,0.0,0.030198948948948947,0.0514
5,Logistic Regression,subclinical_hypothyroid,0.27,0.03579718417047184,-0.2994672754946728,0.0,0.02911910197869102,0.0514
5,Logistic Regression,subclinical_hypothyroid,0.28,0.035570987654320985,-0.3175154320987655,0.0,0.028009259259259255,0.0514
5,Logistic Regression,subclinical_hypothyroid,0.29,0.03594483568075117,-0.33607198748043826,0.0,0.026868153364632233,0.0514
5,Logistic Regression,subclinical_hypothyroid,0.3,0.03611111111111111,-0.3551587301587302,0.0,0.025694444444444443,0.0514
5,Random Forest,overt_hypothyroid,0.01,0.0226010101010101,0.013047138047138045,0.0,0.020026655443322113,0.0229
5,Random Forest,overt_hypothyroid,0.02,0.022392290249433105,0.0029761904761904726,0.0,0.019912131519274377,0.0229
5,Random Forest,overt_hypothyroid,0.03,0.022207903780068726,-0.007302405498281789,0.0,0.019795246277205043,0.0229
5,Random Forest,overt_hypothyroid,0.04,0.022164351851851852,-0.01779513888888889,0.0,0.019675925925925927,0.0229
5,Random Forest,overt_hypothyroid,0.05,0.022076023391812864,-0.028508771929824563,0.0,0.019554093567251463,0.0229
5,Random Forest,overt_hypothyroid,0.06,0.02207446808510638,-0.039450354609929086,0.0,0.01942966903073286,0.0229
5,Random Forest,overt_hypothyroid,0.07,0.0219758064516129,-0.050627240143369154,0.0,0.01930256869772999,0.0229
5,Random Forest,overt_hypothyroid,0.08,0.02201086956521739,-0.06204710144927536,0.0,0.019172705314009664,0.0229
5,Random Forest,overt_hypothyroid,0.09,0.02216117216117216,-0.0737179487179487,0.0,0.01903998778998779,0.0229
5,Random Forest,overt_hypothyroid,0.1,0.02222222222222222,-0.08564814814814814,0.0,0.01890432098765432,0.0229
5,Random Forest,overt_hypothyroid,0.11,0.02231585518102372,-0.09784644194756553,0.0,0.018765605493133584,0.0229
5,Random Forest,overt_hypothyroid,0.12,0.022348484848484847,-0.11032196969696967,0.0,0.018623737373737376,0.0229
5,Random Forest,overt_hypothyroid,0.13,0.022501596424010215,-0.12308429118773948,0.0,0.01847860791826309,0.0229
5,Random Forest,overt_hypothyroid,0.14,0.022464470284237724,-0.13614341085271317,0.0,0.01833010335917313,0.0229
5,Random Forest,overt_hypothyroid,0.15,0.02242647058823529,-0.14950980392156865,0.0,0.0181781045751634,0.0229
5,Random Forest,overt_hypothyroid,0.16,0.022387566137566137,-0.16319444444444445,0.0,0.018022486772486773,0.0229
5,Random Forest,overt_hypothyroid,0.17,0.02234772423025435,-0.17720883534136547,0.0,0.017863119143239625,0.0229
5,Random Forest,overt_hypothyroid,0.18,0.022459349593495933,-0.19156504065040653,0.0,0.01769986449864499,0.0229
5,Random Forest,overt_hypothyroid,0.19,0.02242798353909465,-0.20627572016460904,0.0,0.01753257887517147,0.0229
5,Random Forest,overt_hypothyroid,0.2,0.02239583333333333,-0.22135416666666666,0.0,0.017361111111111112,0.0229
5,Random Forest,overt_hypothyroid,0.21,0.022362869198312235,-0.23681434599156118,0.0,0.017185302390998594,0.0229
5,Random Forest,overt_hypothyroid,0.22,0.022329059829059826,-0.25267094017094016,0.0,0.017004985754985755,0.0229
5,Random Forest,overt_hypothyroid,0.23,0.022294372294372294,-0.2689393939393939,0.0,0.01681998556998557,0.0229
5,Random Forest,overt_hypothyroid,0.24,0.02225877192982456,-0.28563596491228077,0.0,0.01663011695906433,0.0229
5,Random Forest,overt_hypothyroid,0.25,0.02222222222222222,-0.30277777777777776,0.0,0.016435185185185185,0.0229
5,Random Forest,overt_hypothyroid,0.26,0.022184684684684684,-0.3203828828828829,0.0,0.016234984984984987,0.0229
5,Random Forest,overt_hypothyroid,0.27,0.022146118721461185,-0.33847031963470325,0.0,0.016029299847793,0.0229
5,Random Forest,overt_hypothyroid,0.28,0.02210648148148148,-0.3570601851851853,0.0,0.015817901234567902,0.0229
5,Random Forest,overt_hypothyroid,0.29,0.022065727699530514,-0.37617370892018787,0.0,0.01560054773082942,0.0229
5,Random Forest,overt_hypothyroid,0.3,0.022023809523809522,-0.39583333333333337,0.0,0.015376984126984128,0.0229
5,Random Forest,subclinical_hypothyroid,0.01,0.04705387205387205,0.04180695847362514,0.0,0.050105218855218854,0.0514
5,Random Forest,subclinical_hypothyroid,0.02,0.04594671201814059,0.03202947845804988,0.0,0.04950396825396825,0.0514
5,Random Forest,subclinical_hypothyroid,0.03,0.04612686139747995,0.022050400916380296,0.0,0.04889032073310424,0.0514
5,Random Forest,subclinical_hypothyroid,0.04,0.04739583333333333,0.011863425925925923,0.0,0.04826388888888889,0.0514
5,Random Forest,subclinical_hypothyroid,0.05,0.048793859649122806,0.0014619883040935602,0.0,0.04762426900584795,0.0514
5,Random Forest,subclinical_hypothyroid,0.06,0.0493498817966903,-0.00916075650118204,0.0,0.0469710401891253,0.0514
5,Random Forest,subclinical_hypothyroid,0.07,0.04950716845878136,-0.02001194743130226,0.0,0.046303763440860214,0.0514
5,Random Forest,subclinical_hypothyroid,0.08,0.049577294685990335,-0.03109903381642512,0.0,0.0456219806763285,0.0514
5,Random Forest,subclinical_hypothyroid,0.09,0.049465811965811964,-0.04242979242979242,0.0,0.044925213675213675,0.0514
5,Random Forest,subclinical_hypothyroid,0.1,0.049228395061728394,-0.054012345679012336,0.0,0.04421296296296296,0.0514
5,Random Forest,subclinical_hypothyroid,0.11,0.04932896379525593,-0.06585518102372034,0.0,0.04348470661672909,0.0514
5,Random Forest,subclinical_hypothyroid,0.12,0.04940025252525252,-0.0779671717171717,0.0,0.042739898989898994,0.0514
5,Random Forest,subclinical_hypothyroid,0.13,0.049624840357598975,-0.09035759897828864,0.0,0.041977969348659,0.0514
5,Random Forest,subclinical_hypothyroid,0.14,0.04958010335917312,-0.10303617571059433,0.0,0.04119832041343669,0.0514
5,Random Forest,subclinical_hypothyroid,0.15,0.049795751633986925,-0.11601307189542488,0.0,0.040400326797385616,0.0514
5,Random Forest,subclinical_hypothyroid,0.16,0.049933862433862435,-0.1292989417989418,0.0,0.03958333333333333,0.0514
5,Random Forest,subclinical_hypothyroid,0.17,0.049824297188755015,-0.142904953145917,0.0,0.03874665327978581,0.0514
5,Random Forest,subclinical_hypothyroid,0.18,0.0497120596205962,-0.15684281842818432,0.0,0.03788956639566395,0.0514
5,Random Forest,subclinical_hypothyroid,0.19,0.04959705075445816,-0.17112482853223593,0.0,0.037011316872427986,0.0514
5,Random Forest,subclinical_hypothyroid,0.2,0.049652777777777775,-0.1857638888888889,0.0,0.03611111111111111,0.0514
5,Random Forest,subclinical_hypothyroid,0.21,0.049727496483825594,-0.2007735583684951,0.0,0.035188115330520395,0.0514
5,Random Forest,subclinical_hypothyroid,0.22,0.05001780626780627,-0.21616809116809116,0.0,0.034241452991452995,0.0514
5,Random Forest,subclinical_hypothyroid,0.23,0.050144300144300144,-0.23196248196248198,0.0,0.03327020202020202,0.0514
5,Random Forest,subclinical_hypothyroid,0.24,0.05007309941520468,-0.2481725146198831,0.0,0.032273391812865496,0.0514
5,Random Forest,subclinical_hypothyroid,0.25,0.049999999999999996,-0.2648148148148148,0.0,0.03125,0.0514
5,Random Forest,subclinical_hypothyroid,0.26,0.049924924924924924,-0.28190690690690695,0.0,0.030198948948948947,0.0514
5,Random Forest,subclinical_hypothyroid,0.27,0.04984779299847793,-0.2994672754946728,0.0,0.02911910197869102,0.0514
5,Random Forest,subclinical_hypothyroid,0.28,0.04976851851851852,-0.3175154320987655,0.0,0.028009259259259255,0.0514
5,Random Forest,subclinical_hypothyroid,0.29,0.049687010954616584,-0.33607198748043826,0.0,0.026868153364632233,0.0514
5,Random Forest,subclinical_hypothyroid,0.3,0.0496031746031746,-0.3551587301587302,0.0,0.025694444444444443,0.0514
5,XGBoost,overt_hypothyroid,0.01,0.022895622895622893,0.013047138047138045,0.0,0.020026655443322113,0.0229
5,XGBoost,overt_hypothyroid,0.02,0.022888321995464853,0.0029761904761904726,0.0,0.019912131519274377,0.0229
5,XGBoost,overt_hypothyroid,0.03,0.022873711340206184,-0.007302405498281789,0.0,0.019795246277205043,0.0229
5,XGBoost,overt_hypothyroid,0.04,0.022858796296296294,-0.01779513888888889,0.0,0.019675925925925927,0.0229
5,XGBoost,overt_hypothyroid,0.05,0.022843567251461985,-0.028508771929824563,0.0,0.019554093567251463,0.0229
5,XGBoost,overt_hypothyroid,0.06,0.02282801418439716,-0.039450354609929086,0.0,0.01942966903073286,0.0229
5,XGBoost,overt_hypothyroid,0.07,0.022812126642771803,-0.050627240143369154,0.0,0.01930256869772999,0.0229
5,XGBoost,overt_hypothyroid,0.08,0.02279589371980676,-0.06204710144927536,0.0,0.019172705314009664,0.0229
5,XGBoost,overt_hypothyroid,0.09,0.022779304029304028,-0.0737179487179487,0.0,0.01903998778998779,0.0229
5,XGBoost,overt_hypothyroid,0.1,0.022762345679012343,-0.08564814814814814,0.0,0.01890432098765432,0.0229
5,XGBoost,overt_hypothyroid,0.11,0.022745006242197253,-0.09784644194756553,0.0,0.018765605493133584,0.0229
5,XGBoost,overt_hypothyroid,0.12,0.022727272727272724,-0.11032196969696967,0.0,0.018623737373737376,0.0229
5,XGBoost,overt_hypothyroid,0.13,0.02270913154533844,-0.12308429118773948,0.0,0.01847860791826309,0.0229
5,XGBoost,overt_hypothyroid,0.14,0.022690568475452196,-0.13614341085271317,0.0,0.01833010335917313,0.0229
5,XGBoost,overt_hypothyroid,0.15,0.02267156862745098,-0.14950980392156865,0.0,0.0181781045751634,0.0229
5,XGBoost,overt_hypothyroid,0.16,0.0226521164021164,-0.16319444444444445,0.0,0.018022486772486773,0.0229
5,XGBoost,overt_hypothyroid,0.17,0.022632195448460506,-0.17720883534136547,0.0,0.017863119143239625,0.0229
5,XGBoost,overt_hypothyroid,0.18,0.022611788617886177,-0.19156504065040653,0.0,0.01769986449864499,0.0229
5,XGBoost,overt_hypothyroid,0.19,0.022590877914951988,-0.20627572016460904,0.0,0.01753257887517147,0.0229
5,XGBoost,overt_hypothyroid,0.2,0.022569444444444444,-0.22135416666666666,0.0,0.017361111111111112,0.0229
5,XGBoost,overt_hypothyroid,0.21,0.02254746835443038,-0.23681434599156118,0.0,0.017185302390998594,0.0229
5,XGBoost,overt_hypothyroid,0.22,0.022524928774928774,-0.25267094017094016,0.0,0.017004985754985755,0.0229
5,XGBoost,overt_hypothyroid,0.23,0.02250180375180375,-0.2689393939393939,0.0,0.01681998556998557,0.0229
5,XGBoost,overt_hypothyroid,0.24,0.02178362573099415,-0.28563596491228077,0.0,0.01663011695906433,0.0229
5,XGBoost,overt_hypothyroid,0.25,0.02175925925925926,-0.30277777777777776,0.0,0.016435185185185185,0.0229
5,XGBoost,overt_hypothyroid,0.26,0.021734234234234234,-0.3203828828828829,0.0,0.016234984984984987,0.0229
5,XGBoost,overt_hypothyroid,0.27,0.021708523592085235,-0.33847031963470325,0.0,0.016029299847793,0.0229
5,XGBoost,overt_hypothyroid,0.28,0.0216820987654321,-0.3570601851851853,0.0,0.015817901234567902,0.0229
5,XGBoost,overt_hypothyroid,0.29,0.02165492957746479,-0.37617370892018787,0.0,0.01560054773082942,0.0229
5,XGBoost,overt_hypothyroid,0.3,0.021626984126984126,-0.39583333333333337,0.0,0.015376984126984128,0.0229
5,XGBoost,subclinical_hypothyroid,0.01,0.051248597081930414,0.04180695847362514,0.0,0.050105218855218854,0.0514
5,XGBoost,subclinical_hypothyroid,0.02,0.05117630385487528,0.03202947845804988,0.0,0.04950396825396825,0.0514
5,XGBoost,subclinical_hypothyroid,0.03,0.051131156930126,0.022050400916380296,0.0,0.04889032073310424,0.0514
5,XGBoost,subclinical_hypothyroid,0.04,0.051099537037037034,0.011863425925925923,0.0,0.04826388888888889,0.0514
5,XGBoost,subclinical_hypothyroid,0.05,0.05102339181286549,0.0014619883040935602,0.0,0.04762426900584795,0.0514
5,XGBoost,subclinical_hypothyroid,0.06,0.05103427895981087,-0.00916075650118204,0.0,0.0469710401891253,0.0514
5,XGBoost,subclinical_hypothyroid,0.07,0.05097072879330944,-0.02001194743130226,0.0,0.046303763440860214,0.0514
5,XGBoost,subclinical_hypothyroid,0.08,0.050905797101449275,-0.03109903381642512,0.0,0.0456219806763285,0.0514
5,XGBoost,subclinical_hypothyroid,0.09,0.05083943833943834,-0.04242979242979242,0.0,0.044925213675213675,0.0514
5,XGBoost,subclinical_hypothyroid,0.1,0.050771604938271604,-0.054012345679012336,0.0,0.04421296296296296,0.0514
5,XGBoost,subclinical_hypothyroid,0.11,0.05087390761548065,-0.06585518102372034,0.0,0.04348470661672909,0.0514
5,XGBoost,subclinical_hypothyroid,0.12,0.05082070707070707,-0.0779671717171717,0.0,0.042739898989898994,0.0514
5,XGBoost,subclinical_hypothyroid,0.13,0.05076628352490421,-0.09035759897828864,0.0,0.041977969348659,0.0514
5,XGBoost,subclinical_hypothyroid,0.14,0.05082364341085271,-0.10303617571059433,0.0,0.04119832041343669,0.0514
5,XGBoost,subclinical_hypothyroid,0.15,0.05077614379084967,-0.11601307189542488,0.0,0.040400326797385616,0.0514
5,XGBoost,subclinical_hypothyroid,0.16,0.050727513227513225,-0.1292989417989418,0.0,0.03958333333333333,0.0514
5,XGBoost,subclinical_hypothyroid,0.17,0.05067771084337349,-0.142904953145917,0.0,0.03874665327978581,0.0514
5,XGBoost,subclinical_hypothyroid,0.18,0.05062669376693767,-0.15684281842818432,0.0,0.03788956639566395,0.0514
5,XGBoost,subclinical_hypothyroid,0.19,0.05057441700960219,-0.17112482853223593,0.0,0.037011316872427986,0.0514
5,XGBoost,subclinical_hypothyroid,0.2,0.050520833333333334,-0.1857638888888889,0.0,0.03611111111111111,0.0514
5,XGBoost,subclinical_hypothyroid,0.21,0.05046589310829817,-0.2007735583684951,0.0,0.035188115330520395,0.0514
5,XGBoost,subclinical_hypothyroid,0.22,0.050409544159544156,-0.21616809116809116,0.0,0.034241452991452995,0.0514
5,XGBoost,subclinical_hypothyroid,0.23,0.0503517316017316,-0.23196248196248198,0.0,0.03327020202020202,0.0514
5,XGBoost,subclinical_hypothyroid,0.24,0.05029239766081871,-0.2481725146198831,0.0,0.032273391812865496,0.0514
5,XGBoost,subclinical_hypothyroid,0.25,0.05023148148148148,-0.2648148148148148,0.0,0.03125,0.0514
5,XGBoost,subclinical_hypothyroid,0.26,0.05016891891891892,-0.28190690690690695,0.0,0.030198948948948947,0.0514
5,XGBoost,subclinical_hypothyroid,0.27,0.05010464231354642,-0.2994672754946728,0.0,0.02911910197869102,0.0514
5,XGBoost,subclinical_hypothyroid,0.28,0.05003858024691358,-0.3175154320987655,0.0,0.028009259259259255,0.0514
5,XGBoost,subclinical_hypothyroid,0.29,0.0499706572769953,-0.33607198748043826,0.0,0.026868153364632233,0.0514
5,XGBoost,subclinical_hypothyroid,0.3,0.050198412698412694,-0.3551587301587302,0.0,0.025694444444444443,0.0514
6,Logistic Regression,overt_hypothyroid,0.01,0.0226010101010101,0.013047138047138045,0.0,0.02077020202020202,0.0229
6,Logistic Regression,overt_hypothyroid,0.02,0.022349773242630384,0.0029761904761904726,0.0,0.020705782312925167,0.0229
6,Logistic Regression,overt_hypothyroid,0.03,0.022121993127147764,-0.007302405498281789,0.0,0.020640034364261168,0.0229
6,Logistic Regression,overt_hypothyroid,0.04,0.021903935185185183,-0.01779513888888889,0.0,0.020572916666666666,0.0229
6,Logistic Regression,overt_hypothyroid,0.05,0.021637426900584792,-0.028508771929824563,0.0,0.02050438596491228,0.0229
6,Logistic Regression,overt_hypothyroid,0.06,0.021409574468085106,-0.039450354609929086,0.0,0.020434397163120566,0.0229
6,Logistic Regression,overt_hypothyroid,0.07,0.021139486260454,-0.050627240143369154,0.0,0.02036290322580645,0.0229
6,Logistic Regression,overt_hypothyroid,0.08,0.020863526570048307,-0.06204710144927536,0.0,0.020289855072463767,0.0229
6,Logistic Regression,overt_hypothyroid,0.09,0.02058150183150183,-0.0737179487179487,0.0,0.020215201465201463,0.0229
6,Logistic Regression,overt_hypothyroid,0.1,0.02029320987654321,-0.08564814814814814,0.0,0.020138888888888887,0.0229
6,Logistic Regression,overt_hypothyroid,0.11,0.020084269662921348,-0.09784644194756553,0.0,0.02006086142322097,0.0229
6,Logistic Regression,overt_hypothyroid,0.12,0.019791666666666666,-0.11032196969696967,0.0,0.019981060606060606,0.0229
6,Logistic Regression,overt_hypothyroid,0.13,0.019492337164750954,-0.12308429118773948,0.0,0.01989942528735632,0.0229
6,Logistic Regression,overt_hypothyroid,0.14,0.019186046511627905,-0.13614341085271317,0.0,0.019815891472868215,0.0229
6,Logistic Regression,overt_hypothyroid,0.15,0.018995098039215685,-0.14950980392156865,0.0,0.019730392156862744,0.0229
6,Logistic Regression,overt_hypothyroid,0.16,0.018948412698412697,-0.16319444444444445,0.0,0.019642857142857142,0.0229
6,Logistic Regression,overt_hypothyroid,0.17,0.018649598393574295,-0.17720883534136547,0.0,0.01955321285140562,0.0229
6,Logistic Regression,overt_hypothyroid,0.18,0.018343495934959347,-0.19156504065040653,0.0,0.019461382113821136,0.0229
6,Logistic Regression,overt_hypothyroid,0.19,0.01819272976680384,-0.20627572016460904,0.0,0.019367283950617282,0.0229
6,Logistic Regression,overt_hypothyroid,0.2,0.018055555555555554,-0.22135416666666666,0.0,0.01927083333333333,0.0229
6,Logistic Regression,overt_hypothyroid,0.21,0.01774789029535865,-0.23681434599156118,0.0,0.019171940928270043,0.0229
6,Logistic Regression,overt_hypothyroid,0.22,0.017628205128205128,-0.25267094017094016,0.0,0.01907051282051282,0.0229
6,Logistic Regression,overt_hypothyroid,0.23,0.017316017316017316,-0.2689393939393939,0.0,0.018966450216450215,0.0229
6,Logistic Regression,overt_hypothyroid,0.24,0.016995614035087717,-0.28563596491228077,0.0,0.018859649122807017,0.0229
6,Logistic Regression,overt_hypothyroid,0.25,0.016666666666666666,-0.30277777777777776,0.0,0.01875,0.0229
6,Logistic Regression,overt_hypothyroid,0.26,0.01632882882882883,-0.3203828828828829,0.0,0.018637387387387384,0.0229
6,Logistic Regression,overt_hypothyroid,0.27,0.01598173515981735,-0.33847031963470325,0.0,0.018521689497716893,0.0229
6,Logistic Regression,overt_hypothyroid,0.28,0.01589506172839506,-0.3570601851851853,0.0,0.018402777777777775,0.0229
6,Logistic Regression,overt_hypothyroid,0.29,0.015541862284820029,-0.37617370892018787,0.0,0.01828051643192488,0.0229
6,Logistic Regression,overt_hypothyroid,0.3,0.015178571428571427,-0.39583333333333337,0.0,0.018154761904761903,0.0229
6,Logistic Regression,subclinical_hypothyroid,0.01,0.04458473625140291,0.04180695847362514,0.0,0.04994388327721661,0.0514
6,Logistic Regression,subclinical_hypothyroid,0.02,0.04083049886621315,0.03202947845804988,0.0,0.049178004535147396,0.0514
6,Logistic Regression,subclinical_hypothyroid,0.03,0.038717067583046966,0.022050400916380296,0.0,0.04839633447880871,0.0514
6,Logistic Regression,subclinical_hypothyroid,0.04,0.038281249999999996,0.011863425925925923,0.0,0.04759837962962963,0.0514
6,Logistic Regression,subclinical_hypothyroid,0.05,0.03877923976608187,0.0014619883040935602,0.0,0.04678362573099415,0.0514
6,Logistic Regression,subclinical_hypothyroid,0.06,0.038135342789598105,-0.00916075650118204,0.0,0.045951536643026,0.0514
6,Logistic Regression,subclinical_hypothyroid,0.07,0.0383736559139785,-0.02001194743130226,0.0,0.0451015531660693,0.0514
6,Logistic Regression,subclinical_hypothyroid,0.08,0.03858695652173913,-0.03109903381642512,0.0,0.044233091787439616,0.0514
6,Logistic Regression,subclinical_hypothyroid,0.09,0.0382020757020757,-0.04242979242979242,0.0,0.043345543345543344,0.0514
6,Logistic Regression,subclinical_hypothyroid,0.1,0.03796296296296296,-0.054012345679012336,0.0,0.04243827160493827,0.0514
6,Logistic Regression,subclinical_hypothyroid,0.11,0.03808520599250936,-0.06585518102372034,0.0,0.04151061173533084,0.0514
6,Logistic Regression,subclinical_hypothyroid,0.12,0.03737373737373737,-0.0779671717171717,0.0,0.04056186868686869,0.0514
6,Logistic Regression,subclinical_hypothyroid,0.13,0.03686143039591315,-0.09035759897828864,0.0,0.039591315453384415,0.0514
6,Logistic Regression,subclinical_hypothyroid,0.14,0.036692506459948315,-0.10303617571059433,0.0,0.038598191214470286,0.0514
6,Logistic Regression,subclinical_hypothyroid,0.15,0.03717320261437908,-0.11601307189542488,0.0,0.03758169934640523,0.0514
6,Logistic Regression,subclinical_hypothyroid,0.16,0.03736772486772486,-0.1292989417989418,0.0,0.03654100529100529,0.0514
6,Logistic Regression,subclinical_hypothyroid,0.17,0.037592034805890226,-0.142904953145917,0.0,0.03547523427041499,0.0514
6,Logistic Regression,subclinical_hypothyroid,0.18,0.03782181571815718,-0.15684281842818432,0.0,0.03438346883468835,0.0514
6,Logistic Regression,subclinical_hypothyroid,0.19,0.03770576131687243,-0.17112482853223593,0.0,0.0332647462277092,0.0514
6,Logistic Regression,subclinical_hypothyroid,0.2,0.03802083333333333,-0.1857638888888889,0.0,0.03211805555555555,0.0514
6,Logistic Regression,subclinical_hypothyroid,0.21,0.038097749648382556,-0.2007735583684951,0.0,0.030942334739803092,0.0514
6,Logistic Regression,subclinical_hypothyroid,0.22,0.03748219373219373,-0.21616809116809116,0.0,0.029736467236467237,0.0514
6,Logistic Regression,subclinical_hypothyroid,0.23,0.03666125541125541,-0.23196248196248198,0.0,0.0284992784992785,0.0514
6,Logistic Regression,subclinical_hypothyroid,0.24,0.0371345029239766,-0.2481725146198831,0.0,0.027229532163742687,0.0514
6,Logistic Regression,subclinical_hypothyroid,0.25,0.03634259259259259,-0.2648148148148148,0.0,0.02592592592592593,0.0514
6,Logistic Regression,subclinical_hypothyroid,0.26,0.03601726726726727,-0.28190690690690695,0.0,0.024587087087087085,0.0514
6,Logistic Regression,subclinical_hypothyroid,0.27,0.03649162861491628,-0.2994672754946728,0.0,0.023211567732115676,0.0514
6,Logistic Regression,subclinical_hypothyroid,0.28,0.03626543209876543,-0.3175154320987655,0.0,0.021797839506172836,0.0514
6,Logistic Regression,subclinical_hypothyroid,0.29,0.03550469483568075,-0.33607198748043826,0.0,0.020344287949921748,0.0514
6,Logistic Regression,subclinical_hypothyroid,0.3,0.03501984126984127,-0.3551587301587302,0.0,0.018849206349206345,0.0514
6,Random Forest,overt_hypothyroid,0.01,0.02262205387205387,0.013047138047138045,0.0,0.02077020202020202,0.0229
6,Random Forest,overt_hypothyroid,0.02,0.02246315192743764,0.0029761904761904726,0.0,0.020705782312925167,0.0229
6,Random Forest,overt_hypothyroid,0.03,0.02231529209621993,-0.007302405498281789,0.0,0.020640034364261168,0.0229
6,Random Forest,overt_hypothyroid,0.04,0.02228009259259259,-0.01779513888888889,0.0,0.020572916666666666,0.0229
6,Random Forest,overt_hypothyroid,0.05,0.02225877192982456,-0.028508771929824563,0.0,0.02050438596491228,0.0229
6,Random Forest,overt_hypothyroid,0.06,0.022251773049645387,-0.039450354609929086,0.0,0.020434397163120566,0.0229
6,Random Forest,overt_hypothyroid,0.07,0.022184886499402628,-0.050627240143369154,0.0,0.02036290322580645,0.0229
6,Random Forest,overt_hypothyroid,0.08,0.022131642512077294,-0.06204710144927536,0.0,0.020289855072463767,0.0229
6,Random Forest,overt_hypothyroid,0.09,0.02209249084249084,-0.0737179487179487,0.0,0.020215201465201463,0.0229
6,Random Forest,overt_hypothyroid,0.1,0.02214506172839506,-0.08564814814814814,0.0,0.020138888888888887,0.0229
6,Random Forest,overt_hypothyroid,0.11,0.0220583645443196,-0.09784644194756553,0.0,0.02006086142322097,0.0229
6,Random Forest,overt_hypothyroid,0.12,0.022159090909090906,-0.11032196969696967,0.0,0.019981060606060606,0.0229
6,Random Forest,overt_hypothyroid,0.13,0.022190293742017878,-0.12308429118773948,0.0,0.01989942528735632,0.0229
6,Random Forest,overt_hypothyroid,0.14,0.02212532299741602,-0.13614341085271317,0.0,0.019815891472868215,0.0229
6,Random Forest,overt_hypothyroid,0.15,0.022181372549019605,-0.14950980392156865,0.0,0.019730392156862744,0.0229
6,Random Forest,overt_hypothyroid,0.16,0.02212301587301587,-0.16319444444444445,0.0,0.019642857142857142,0.0229
6,Random Forest,overt_hypothyroid,0.17,0.02206325301204819,-0.17720883534136547,0.0,0.01955321285140562,0.0229
6,Random Forest,overt_hypothyroid,0.18,0.0220020325203252,-0.19156504065040653,0.0,0.019461382113821136,0.0229
6,Random Forest,overt_hypothyroid,0.19,0.021939300411522634,-0.20627572016460904,0.0,0.019367283950617282,0.0229
6,Random Forest,overt_hypothyroid,0.2,0.021875,-0.22135416666666666,0.0,0.01927083333333333,0.0229
6,Random Forest,overt_hypothyroid,0.21,0.021809071729957805,-0.23681434599156118,0.0,0.019171940928270043,0.0229
6,Random Forest,overt_hypothyroid,0.22,0.02174145299145299,-0.25267094017094016,0.0,0.01907051282051282,0.0229
6,Random Forest,overt_hypothyroid,0.23,0.02167207792207792,-0.2689393939393939,0.0,0.018966450216450215,0.0229
6,Random Forest,overt_hypothyroid,0.24,0.02182017543859649,-0.28563596491228077,0.0,0.018859649122807017,0.0229
6,Random Forest,overt_hypothyroid,0.25,0.021759259259259256,-0.30277777777777776,0.0,0.01875,0.0229
6,Random Forest,overt_hypothyroid,0.26,0.021696696696696695,-0.3203828828828829,0.0,0.018637387387387384,0.0229
6,Random Forest,overt_hypothyroid,0.27,0.021632420091324198,-0.33847031963470325,0.0,0.018521689497716893,0.0229
6,Random Forest,overt_hypothyroid,0.28,0.021566358024691357,-0.3570601851851853,0.0,0.018402777777777775,0.0229
6,Random Forest,overt_hypothyroid,0.29,0.02149843505477308,-0.37617370892018787,0.0,0.01828051643192488,0.0229
6,Random Forest,overt_hypothyroid,0.3,0.021428571428571425,-0.39583333333333337,0.0,0.018154761904761903,0.0229
6,Random Forest,subclinical_hypothyroid,0.01,0.04992985409652076,0.04180695847362514,0.0,0.04994388327721661,0.0514
6,Random Forest,subclinical_hypothyroid,0.02,0.05028344671201814,0.03202947845804988,0.0,0.049178004535147396,0.0514
6,Random Forest,subclinical_hypothyroid,0.03,0.05035796105383734,0.022050400916380296,0.0,0.04839633447880871,0.0514
6,Random Forest,subclinical_hypothyroid,0.04,0.05023148148148148,0.011863425925925923,0.0,0.04759837962962963,0.0514
6,Random Forest,subclinical_hypothyroid,0.05,0.05007309941520468,0.0014619883040935602,0.0,0.04678362573099415,0.0514
6,Random Forest,subclinical_hypothyroid,0.06,0.05005910165484633,-0.00916075650118204,0.0,0.045951536643026,0.0514
6,Random Forest,subclinical_hypothyroid,0.07,0.04992532855436081,-0.02001194743130226,0.0,0.0451015531660693,0.0514
6,Random Forest,subclinical_hypothyroid,0.08,0.049818840579710144,-0.03109903381642512,0.0,0.044233091787439616,0.0514
6,Random Forest,subclinical_hypothyroid,0.09,0.05001526251526251,-0.04242979242979242,0.0,0.043345543345543344,0.0514
6,Random Forest,subclinical_hypothyroid,0.1,0.049999999999999996,-0.054012345679012336,0.0,0.04243827160493827,0.0514
6,Random Forest,subclinical_hypothyroid,0.11,0.050101435705368284,-0.06585518102372034,0.0,0.04151061173533084,0.0514
6,Random Forest,subclinical_hypothyroid,0.12,0.04996843434343434,-0.0779671717171717,0.0,0.04056186868686869,0.0514
6,Random Forest,subclinical_hypothyroid,0.13,0.0498323754789272,-0.09035759897828864,0.0,0.039591315453384415,0.0514
6,Random Forest,subclinical_hypothyroid,0.14,0.04991925064599483,-0.10303617571059433,0.0,0.038598191214470286,0.0514
6,Random Forest,subclinical_hypothyroid,0.15,0.049795751633986925,-0.11601307189542488,0.0,0.03758169934640523,0.0514
6,Random Forest,subclinical_hypothyroid,0.16,0.04966931216931217,-0.1292989417989418,0.0,0.03654100529100529,0.0514
6,Random Forest,subclinical_hypothyroid,0.17,0.04968206157965194,-0.142904953145917,0.0,0.03547523427041499,0.0514
6,Random Forest,subclinical_hypothyroid,0.18,0.049864498644986446,-0.15684281842818432,0.0,0.03438346883468835,0.0514
6,Random Forest,subclinical_hypothyroid,0.19,0.0497599451303155,-0.17112482853223593,0.0,0.0332647462277092,0.0514
6,Random Forest,subclinical_hypothyroid,0.2,0.049826388888888885,-0.1857638888888889,0.0,0.03211805555555555,0.0514
6,Random Forest,subclinical_hypothyroid,0.21,0.049727496483825594,-0.2007735583684951,0.0,0.030942334739803092,0.0514
6,Random Forest,subclinical_hypothyroid,0.22,0.04962606837606837,-0.21616809116809116,0.0,0.029736467236467237,0.0514
6,Random Forest,subclinical_hypothyroid,0.23,0.04972943722943723,-0.23196248196248198,0.0,0.0284992784992785,0.0514
6,Random Forest,subclinical_hypothyroid,0.24,0.04963450292397661,-0.2481725146198831,0.0,0.027229532163742687,0.0514
6,Random Forest,subclinical_hypothyroid,0.25,0.04953703703703703,-0.2648148148148148,0.0,0.02592592592592593,0.0514
6,Random Forest,subclinical_hypothyroid,0.26,0.04943693693693693,-0.28190690690690695,0.0,0.024587087087087085,0.0514
6,Random Forest,subclinical_hypothyroid,0.27,0.04933409436834094,-0.2994672754946728,0.0,0.023211567732115676,0.0514
6,Random Forest,subclinical_hypothyroid,0.28,0.049228395061728394,-0.3175154320987655,0.0,0.021797839506172836,0.0514
6,Random Forest,subclinical_hypothyroid,0.29,0.04911971830985915,-0.33607198748043826,0.0,0.020344287949921748,0.0514
6,Random Forest,subclinical_hypothyroid,0.3,0.04900793650793651,-0.3551587301587302,0.0,0.018849206349206345,0.0514
6,XGBoost,overt_hypothyroid,0.01,0.022860549943883274,0.013047138047138045,0.0,0.02077020202020202,0.0229
6,XGBoost,overt_hypothyroid,0.02,0.022831632653061224,0.0029761904761904726,0.0,0.020705782312925167,0.0229
6,XGBoost,overt_hypothyroid,0.03,0.022787800687285222,-0.007302405498281789,0.0,0.020640034364261168,0.0229
6,XGBoost,overt_hypothyroid,0.04,0.022743055555555555,-0.01779513888888889,0.0,0.020572916666666666,0.0229
6,XGBoost,overt_hypothyroid,0.05,0.02269736842105263,-0.028508771929824563,0.0,0.02050438596491228,0.0229
6,XGBoost,overt_hypothyroid,0.06,0.022650709219858154,-0.039450354609929086,0.0,0.020434397163120566,0.0229
6,XGBoost,overt_hypothyroid,0.07,0.022603046594982076,-0.050627240143369154,0.0,0.02036290322580645,0.0229
6,XGBoost,overt_hypothyroid,0.08,0.022554347826086955,-0.06204710144927536,0.0,0.020289855072463767,0.0229
6,XGBoost,overt_hypothyroid,0.09,0.022504578754578754,-0.0737179487179487,0.0,0.020215201465201463,0.0229
6,XGBoost,overt_hypothyroid,0.1,0.0224537037037037,-0.08564814814814814,0.0,0.020138888888888887,0.0229
6,XGBoost,overt_hypothyroid,0.11,0.022401685393258427,-0.09784644194756553,0.0,0.02006086142322097,0.0229
6,XGBoost,overt_hypothyroid,0.12,0.022348484848484847,-0.11032196969696967,0.0,0.019981060606060606,0.0229
6,XGBoost,overt_hypothyroid,0.13,0.02229406130268199,-0.12308429118773948,0.0,0.01989942528735632,0.0229
6,XGBoost,overt_hypothyroid,0.14,0.022238372093023255,-0.13614341085271317,0.0,0.019815891472868215,0.0229
6,XGBoost,overt_hypothyroid,0.15,0.022181372549019605,-0.14950980392156865,0.0,0.019730392156862744,0.0229
6,XGBoost,overt_hypothyroid,0.16,0.02212301587301587,-0.16319444444444445,0.0,0.019642857142857142,0.0229
6,XGBoost,overt_hypothyroid,0.17,0.02206325301204819,-0.17720883534136547,0.0,0.01955321285140562,0.0229
6,XGBoost,overt_hypothyroid,0.18,0.0220020325203252,-0.19156504065040653,0.0,0.019461382113821136,0.0229
6,XGBoost,overt_hypothyroid,0.19,0.021939300411522634,-0.20627572016460904,0.0,0.019367283950617282,0.0229
6,XGBoost,overt_hypothyroid,0.2,0.021875,-0.22135416666666666,0.0,0.01927083333333333,0.0229
6,XGBoost,overt_hypothyroid,0.21,0.02199367088607595,-0.23681434599156118,0.0,0.019171940928270043,0.0229
6,XGBoost,overt_hypothyroid,0.22,0.021937321937321935,-0.25267094017094016,0.0,0.01907051282051282,0.0229
6,XGBoost,overt_hypothyroid,0.23,0.021879509379509377,-0.2689393939393939,0.0,0.018966450216450215,0.0229
6,XGBoost,overt_hypothyroid,0.24,0.02182017543859649,-0.28563596491228077,0.0,0.018859649122807017,0.0229
6,XGBoost,overt_hypothyroid,0.25,0.021759259259259256,-0.30277777777777776,0.0,0.01875,0.0229
6,XGBoost,overt_hypothyroid,0.26,0.021696696696696695,-0.3203828828828829,0.0,0.018637387387387384,0.0229
6,XGBoost,overt_hypothyroid,0.27,0.021632420091324198,-0.33847031963470325,0.0,0.018521689497716893,0.0229
6,XGBoost,overt_hypothyroid,0.28,0.021566358024691357,-0.3570601851851853,0.0,0.018402777777777775,0.0229
6,XGBoost,overt_hypothyroid,0.29,0.02149843505477308,-0.37617370892018787,0.0,0.01828051643192488,0.0229
6,XGBoost,overt_hypothyroid,0.3,0.021428571428571425,-0.39583333333333337,0.0,0.018154761904761903,0.0229
6,XGBoost,subclinical_hypothyroid,0.01,0.050582210998877664,0.04180695847362514,0.0,0.04994388327721661,0.0514
6,XGBoost,subclinical_hypothyroid,0.02,0.05048185941043084,0.03202947845804988,0.0,0.049178004535147396,0.0514
6,XGBoost,subclinical_hypothyroid,0.03,0.05041523482245132,0.022050400916380296,0.0,0.04839633447880871,0.0514
6,XGBoost,subclinical_hypothyroid,0.04,0.04968171296296296,0.011863425925925923,0.0,0.04759837962962963,0.0514
6,XGBoost,subclinical_hypothyroid,0.05,0.04959795321637427,0.0014619883040935602,0.0,0.04678362573099415,0.0514
6,XGBoost,subclinical_hypothyroid,0.06,0.048862293144208035,-0.00916075650118204,0.0,0.045951536643026,0.0514
6,XGBoost,subclinical_hypothyroid,0.07,0.04878285543608124,-0.02001194743130226,0.0,0.0451015531660693,0.0514
6,XGBoost,subclinical_hypothyroid,0.08,0.04876207729468599,-0.03109903381642512,0.0,0.044233091787439616,0.0514
6,XGBoost,subclinical_hypothyroid,0.09,0.048756105006105006,-0.04242979242979242,0.0,0.043345543345543344,0.0514
6,XGBoost,subclinical_hypothyroid,0.1,0.04868827160493827,-0.054012345679012336,0.0,0.04243827160493827,0.0514
6,XGBoost,subclinical_hypothyroid,0.11,0.0486189138576779,-0.06585518102372034,0.0,0.04151061173533084,0.0514
6,XGBoost,subclinical_hypothyroid,0.12,0.0485479797979798,-0.0779671717171717,0.0,0.04056186868686869,0.0514
6,XGBoost,subclinical_hypothyroid,0.13,0.04778097062579821,-0.09035759897828864,0.0,0.039591315453384415,0.0514
6,XGBoost,subclinical_hypothyroid,0.14,0.04770671834625323,-0.10303617571059433,0.0,0.038598191214470286,0.0514
6,XGBoost,subclinical_hypothyroid,0.15,0.04763071895424836,-0.11601307189542488,0.0,0.03758169934640523,0.0514
6,XGBoost,subclinical_hypothyroid,0.16,0.047552910052910055,-0.1292989417989418,0.0,0.03654100529100529,0.0514
6,XGBoost,subclinical_hypothyroid,0.17,0.04747322623828648,-0.142904953145917,0.0,0.03547523427041499,0.0514
6,XGBoost,subclinical_hypothyroid,0.18,0.04739159891598916,-0.15684281842818432,0.0,0.03438346883468835,0.0514
6,XGBoost,subclinical_hypothyroid,0.19,0.047307956104252404,-0.17112482853223593,0.0,0.0332647462277092,0.0514
6,XGBoost,subclinical_hypothyroid,0.2,0.04722222222222222,-0.1857638888888889,0.0,0.03211805555555555,0.0514
6,XGBoost,subclinical_hypothyroid,0.21,0.047134317862165966,-0.2007735583684951,0.0,0.030942334739803092,0.0514
6,XGBoost,subclinical_hypothyroid,0.22,0.047044159544159546,-0.21616809116809116,0.0,0.029736467236467237,0.0514
6,XGBoost,subclinical_hypothyroid,0.23,0.04695165945165945,-0.23196248196248198,0.0,0.0284992784992785,0.0514
6,XGBoost,subclinical_hypothyroid,0.24,0.04685672514619883,-0.2481725146198831,0.0,0.027229532163742687,0.0514
6,XGBoost,subclinical_hypothyroid,0.25,0.04675925925925926,-0.2648148148148148,0.0,0.02592592592592593,0.0514
6,XGBoost,subclinical_hypothyroid,0.26,0.04665915915915916,-0.28190690690690695,0.0,0.024587087087087085,0.0514
6,XGBoost,subclinical_hypothyroid,0.27,0.04655631659056317,-0.2994672754946728,0.0,0.023211567732115676,0.0514
6,XGBoost,subclinical_hypothyroid,0.28,0.04645061728395062,-0.3175154320987655,0.0,0.021797839506172836,0.0514
6,XGBoost,subclinical_hypothyroid,0.29,0.04634194053208138,-0.33607198748043826,0.0,0.020344287949921748,0.0514
6,XGBoost,subclinical_hypothyroid,0.3,0.04623015873015873,-0.3551587301587302,0.0,0.018849206349206345,0.0514
7,Logistic Regression,overt_hypothyroid,0.01,0.022593995510662174,0.013047138047138045,0.0,0.020749158249158246,0.0229
7,Logistic Regression,overt_hypothyroid,0.02,0.022293083900226756,0.0029761904761904726,0.0,0.020663265306122447,0.0229
7,Logistic Regression,overt_hypothyroid,0.03,0.022079037800687283,-0.007302405498281789,0.0,0.020575601374570446,0.0229
7,Logistic Regression,overt_hypothyroid,0.04,0.021846064814814815,-0.01779513888888889,0.0,0.02048611111111111,0.0229
7,Logistic Regression,overt_hypothyroid,0.05,0.021600877192982454,-0.028508771929824563,0.0,0.02039473684210526,0.0229
7,Logistic Regression,overt_hypothyroid,0.06,0.02149822695035461,-0.039450354609929086,0.0,0.02030141843971631,0.0229
7,Logistic Regression,overt_hypothyroid,0.07,0.021244026284348863,-0.050627240143369154,0.0,0.020206093189964157,0.0229
7,Logistic Regression,overt_hypothyroid,0.08,0.021044685990338163,-0.06204710144927536,0.0,0.02010869565217391,0.0229
7,Logistic Regression,overt_hypothyroid,0.09,0.020856227106227105,-0.0737179487179487,0.0,0.020009157509157507,0.0229
7,Logistic Regression,overt_hypothyroid,0.1,0.02067901234567901,-0.08564814814814814,0.0,0.019907407407407405,0.0229
7,Logistic Regression,overt_hypothyroid,0.11,0.020427590511860175,-0.09784644194756553,0.0,0.019803370786516852,0.0229
7,Logistic Regression,overt_hypothyroid,0.12,0.020265151515151514,-0.11032196969696967,0.0,0.019696969696969695,0.0229
7,Logistic Regression,overt_hypothyroid,0.13,0.02001117496807152,-0.12308429118773948,0.0,0.019588122605363984,0.0229
7,Logistic Regression,overt_hypothyroid,0.14,0.01975129198966408,-0.13614341085271317,0.0,0.01947674418604651,0.0229
7,Logistic Regression,overt_hypothyroid,0.15,0.019485294117647056,-0.14950980392156865,0.0,0.019362745098039213,0.0229
7,Logistic Regression,overt_hypothyroid,0.16,0.01921296296296296,-0.16319444444444445,0.0,0.019246031746031744,0.0229
7,Logistic Regression,overt_hypothyroid,0.17,0.019076305220883532,-0.17720883534136547,0.0,0.019126506024096386,0.0229
7,Logistic Regression,overt_hypothyroid,0.18,0.018953252032520324,-0.19156504065040653,0.0,0.019004065040650404,0.0229
7,Logistic Regression,overt_hypothyroid,0.19,0.018844307270233195,-0.20627572016460904,0.0,0.018878600823045266,0.0229
7,Logistic Regression,overt_hypothyroid,0.2,0.018576388888888885,-0.22135416666666666,0.0,0.01875,0.0229
7,Logistic Regression,overt_hypothyroid,0.21,0.018486286919831223,-0.23681434599156118,0.0,0.01861814345991561,0.0229
7,Logistic Regression,overt_hypothyroid,0.22,0.018607549857549855,-0.25267094017094016,0.0,0.018482905982905983,0.0229
7,Logistic Regression,overt_hypothyroid,0.23,0.0183531746031746,-0.2689393939393939,0.0,0.018344155844155843,0.0229
7,Logistic Regression,overt_hypothyroid,0.24,0.018092105263157892,-0.28563596491228077,0.0,0.01820175438596491,0.0229
7,Logistic Regression,overt_hypothyroid,0.25,0.017824074074074072,-0.30277777777777776,0.0,0.018055555555555554,0.0229
7,Logistic Regression,overt_hypothyroid,0.26,0.017548798798798795,-0.3203828828828829,0.0,0.017905405405405403,0.0229
7,Logistic Regression,overt_hypothyroid,0.27,0.017779680365296802,-0.33847031963470325,0.0,0.017751141552511413,0.0229
7,Logistic Regression,overt_hypothyroid,0.28,0.01751543209876543,-0.3570601851851853,0.0,0.01759259259259259,0.0229
7,Logistic Regression,overt_hypothyroid,0.29,0.017811032863849764,-0.37617370892018787,0.0,0.01742957746478873,0.0229
7,Logistic Regression,overt_hypothyroid,0.3,0.017559523809523806,-0.39583333333333337,0.0,0.01726190476190476,0.0229
7,Logistic Regression,subclinical_hypothyroid,0.01,0.04414983164983165,0.04180695847362514,0.0,0.050743546576879905,0.0514
7,Logistic Regression,subclinical_hypothyroid,0.02,0.039923469387755095,0.03202947845804988,0.0,0.05008503401360544,0.0514
7,Logistic Regression,subclinical_hypothyroid,0.03,0.03753579610538373,0.022050400916380296,0.0,0.049412943871706756,0.0514
7,Logistic Regression,subclinical_hypothyroid,0.04,0.036545138888888884,0.011863425925925923,0.0,0.04872685185185185,0.0514
7,Logistic Regression,subclinical_hypothyroid,0.05,0.03680555555555555,0.0014619883040935602,0.0,0.04802631578947368,0.0514
7,Logistic Regression,subclinical_hypothyroid,0.06,0.036716903073286046,-0.00916075650118204,0.0,0.047310874704491725,0.0514
7,Logistic Regression,subclinical_hypothyroid,0.07,0.036857825567502986,-0.02001194743130226,0.0,0.04658004778972521,0.0514
7,Logistic Regression,subclinical_hypothyroid,0.08,0.03641304347826087,-0.03109903381642512,0.0,0.04583333333333333,0.0514
7,Logistic Regression,subclinical_hypothyroid,0.09,0.036691086691086686,-0.04242979242979242,0.0,0.04507020757020757,0.0514
7,Logistic Regression,subclinical_hypothyroid,0.1,0.03657407407407407,-0.054012345679012336,0.0,0.04429012345679012,0.0514
7,Logistic Regression,subclinical_hypothyroid,0.11,0.036025280898876404,-0.06585518102372034,0.0,0.04349250936329588,0.0514
7,Logistic Regression,subclinical_hypothyroid,0.12,0.03595328282828283,-0.0779671717171717,0.0,0.042676767676767674,0.0514
7,Logistic Regression,subclinical_hypothyroid,0.13,0.03571998722860792,-0.09035759897828864,0.0,0.04184227330779055,0.0514
7,Logistic Regression,subclinical_hypothyroid,0.14,0.035901162790697674,-0.10303617571059433,0.0,0.04098837209302325,0.0514
7,Logistic Regression,subclinical_hypothyroid,0.15,0.035212418300653595,-0.11601307189542488,0.0,0.040114379084967317,0.0514
7,Logistic Regression,subclinical_hypothyroid,0.16,0.03458994708994709,-0.1292989417989418,0.0,0.03921957671957672,0.0514
7,Logistic Regression,subclinical_hypothyroid,0.17,0.034320615796519405,-0.142904953145917,0.0,0.038303212851405616,0.0514
7,Logistic Regression,subclinical_hypothyroid,0.18,0.03370596205962059,-0.15684281842818432,0.0,0.03736449864498645,0.0514
7,Logistic Regression,subclinical_hypothyroid,0.19,0.03428497942386831,-0.17112482853223593,0.0,0.03640260631001371,0.0514
7,Logistic Regression,subclinical_hypothyroid,0.2,0.034201388888888885,-0.1857638888888889,0.0,0.035416666666666666,0.0514
7,Logistic Regression,subclinical_hypothyroid,0.21,0.0340365682137834,-0.2007735583684951,0.0,0.03440576652601969,0.0514
7,Logistic Regression,subclinical_hypothyroid,0.22,0.03415242165242165,-0.21616809116809116,0.0,0.03336894586894587,0.0514
7,Logistic Regression,subclinical_hypothyroid,0.23,0.03458694083694083,-0.23196248196248198,0.0,0.03230519480519481,0.0514
7,Logistic Regression,subclinical_hypothyroid,0.24,0.03450292397660819,-0.2481725146198831,0.0,0.03121345029239766,0.0514
7,Logistic Regression,subclinical_hypothyroid,0.25,0.034722222222222224,-0.2648148148148148,0.0,0.030092592592592594,0.0514
7,Logistic Regression,subclinical_hypothyroid,0.26,0.034797297297297296,-0.28190690690690695,0.0,0.02894144144144144,0.0514
7,Logistic Regression,subclinical_hypothyroid,0.27,0.03443683409436834,-0.2994672754946728,0.0,0.027758751902587517,0.0514
7,Logistic Regression,subclinical_hypothyroid,0.28,0.03464506172839506,-0.3175154320987655,0.0,0.026543209876543204,0.0514
7,Logistic Regression,subclinical_hypothyroid,0.29,0.03408646322378717,-0.33607198748043826,0.0,0.025293427230046944,0.0514
7,Logistic Regression,subclinical_hypothyroid,0.3,0.03382936507936508,-0.3551587301587302,0.0,0.024007936507936506,0.0514
7,Random Forest,overt_hypothyroid,0.01,0.022608024691358024,0.013047138047138045,0.0,0.020749158249158246,0.0229
7,Random Forest,overt_hypothyroid,0.02,0.022448979591836733,0.0029761904761904726,0.0,0.020663265306122447,0.0229
7,Random Forest,overt_hypothyroid,0.03,0.022444158075601375,-0.007302405498281789,0.0,0.020575601374570446,0.0229
7,Random Forest,overt_hypothyroid,0.04,0.022366898148148146,-0.01779513888888889,0.0,0.02048611111111111,0.0229
7,Random Forest,overt_hypothyroid,0.05,0.0222953216374269,-0.028508771929824563,0.0,0.02039473684210526,0.0229
7,Random Forest,overt_hypothyroid,0.06,0.02234042553191489,-0.039450354609929086,0.0,0.02030141843971631,0.0229
7,Random Forest,overt_hypothyroid,0.07,0.02228942652329749,-0.050627240143369154,0.0,0.020206093189964157,0.0229
7,Random Forest,overt_hypothyroid,0.08,0.0223731884057971,-0.06204710144927536,0.0,0.02010869565217391,0.0229
7,Random Forest,overt_hypothyroid,0.09,0.022367216117216114,-0.0737179487179487,0.0,0.020009157509157507,0.0229
7,Random Forest,overt_hypothyroid,0.1,0.022299382716049383,-0.08564814814814814,0.0,0.019907407407407405,0.0229
7,Random Forest,overt_hypothyroid,0.11,0.022230024968789012,-0.09784644194756553,0.0,0.019803370786516852,0.0229
7,Random Forest,overt_hypothyroid,0.12,0.022159090909090906,-0.11032196969696967,0.0,0.019696969696969695,0.0229
7,Random Forest,overt_hypothyroid,0.13,0.02229406130268199,-0.12308429118773948,0.0,0.019588122605363984,0.0229
7,Random Forest,overt_hypothyroid,0.14,0.02235142118863049,-0.13614341085271317,0.0,0.01947674418604651,0.0229
7,Random Forest,overt_hypothyroid,0.15,0.02242647058823529,-0.14950980392156865,0.0,0.019362745098039213,0.0229
7,Random Forest,overt_hypothyroid,0.16,0.0226521164021164,-0.16319444444444445,0.0,0.019246031746031744,0.0229
7,Random Forest,overt_hypothyroid,0.17,0.022632195448460506,-0.17720883534136547,0.0,0.019126506024096386,0.0229
7,Random Forest,overt_hypothyroid,0.18,0.02276422764227642,-0.19156504065040653,0.0,0.019004065040650404,0.0229
7,Random Forest,overt_hypothyroid,0.19,0.022753772290809327,-0.20627572016460904,0.0,0.018878600823045266,0.0229
7,Random Forest,overt_hypothyroid,0.2,0.022743055555555555,-0.22135416666666666,0.0,0.01875,0.0229
7,Random Forest,overt_hypothyroid,0.21,0.022732067510548522,-0.23681434599156118,0.0,0.01861814345991561,0.0229
7,Random Forest,overt_hypothyroid,0.22,0.022720797720797718,-0.25267094017094016,0.0,0.018482905982905983,0.0229
7,Random Forest,overt_hypothyroid,0.23,0.022709235209235207,-0.2689393939393939,0.0,0.018344155844155843,0.0229
7,Random Forest,overt_hypothyroid,0.24,0.02269736842105263,-0.28563596491228077,0.0,0.01820175438596491,0.0229
7,Random Forest,overt_hypothyroid,0.25,0.022685185185185183,-0.30277777777777776,0.0,0.018055555555555554,0.0229
7,Random Forest,overt_hypothyroid,0.26,0.022672672672672672,-0.3203828828828829,0.0,0.017905405405405403,0.0229
7,Random Forest,overt_hypothyroid,0.27,0.022659817351598173,-0.33847031963470325,0.0,0.017751141552511413,0.0229
7,Random Forest,overt_hypothyroid,0.28,0.022646604938271604,-0.3570601851851853,0.0,0.01759259259259259,0.0229
7,Random Forest,overt_hypothyroid,0.29,0.02263302034428795,-0.37617370892018787,0.0,0.01742957746478873,0.0229
7,Random Forest,overt_hypothyroid,0.3,0.02261904761904762,-0.39583333333333337,0.0,0.01726190476190476,0.0229
7,Random Forest,subclinical_hypothyroid,0.01,0.05007014590347923,0.04180695847362514,0.0,0.050743546576879905,0.0514
7,Random Forest,subclinical_hypothyroid,0.02,0.050340136054421766,0.03202947845804988,0.0,0.05008503401360544,0.0514
7,Random Forest,subclinical_hypothyroid,0.03,0.0503364833906071,0.022050400916380296,0.0,0.049412943871706756,0.0514
7,Random Forest,subclinical_hypothyroid,0.04,0.05023148148148148,0.011863425925925923,0.0,0.04872685185185185,0.0514
7,Random Forest,subclinical_hypothyroid,0.05,0.05025584795321637,0.0014619883040935602,0.0,0.04802631578947368,0.0514
7,Random Forest,subclinical_hypothyroid,0.06,0.05019208037825059,-0.00916075650118204,0.0,0.047310874704491725,0.0514
7,Random Forest,subclinical_hypothyroid,0.07,0.04997759856630824,-0.02001194743130226,0.0,0.04658004778972521,0.0514
7,Random Forest,subclinical_hypothyroid,0.08,0.049999999999999996,-0.03109903381642512,0.0,0.04583333333333333,0.0514
7,Random Forest,subclinical_hypothyroid,0.09,0.05001526251526251,-0.04242979242979242,0.0,0.04507020757020757,0.0514
7,Random Forest,subclinical_hypothyroid,0.1,0.049999999999999996,-0.054012345679012336,0.0,0.04429012345679012,0.0514
7,Random Forest,subclinical_hypothyroid,0.11,0.049929775280898876,-0.06585518102372034,0.0,0.04349250936329588,0.0514
7,Random Forest,subclinical_hypothyroid,0.12,0.05006313131313131,-0.0779671717171717,0.0,0.042676767676767674,0.0514
7,Random Forest,subclinical_hypothyroid,0.13,0.04993614303959131,-0.09035759897828864,0.0,0.04184227330779055,0.0514
7,Random Forest,subclinical_hypothyroid,0.14,0.0498062015503876,-0.10303617571059433,0.0,0.04098837209302325,0.0514
7,Random Forest,subclinical_hypothyroid,0.15,0.049795751633986925,-0.11601307189542488,0.0,0.040114379084967317,0.0514
7,Random Forest,subclinical_hypothyroid,0.16,0.04966931216931217,-0.1292989417989418,0.0,0.03921957671957672,0.0514
7,Random Forest,subclinical_hypothyroid,0.17,0.04968206157965194,-0.142904953145917,0.0,0.038303212851405616,0.0514
7,Random Forest,subclinical_hypothyroid,0.18,0.0497120596205962,-0.15684281842818432,0.0,0.03736449864498645,0.0514
7,Random Forest,subclinical_hypothyroid,0.19,0.04959705075445816,-0.17112482853223593,0.0,0.03640260631001371,0.0514
7,Random Forest,subclinical_hypothyroid,0.2,0.049479166666666664,-0.1857638888888889,0.0,0.035416666666666666,0.0514
7,Random Forest,subclinical_hypothyroid,0.21,0.04935829817158931,-0.2007735583684951,0.0,0.03440576652601969,0.0514
7,Random Forest,subclinical_hypothyroid,0.22,0.049234330484330485,-0.21616809116809116,0.0,0.03336894586894587,0.0514
7,Random Forest,subclinical_hypothyroid,0.23,0.049107142857142856,-0.23196248196248198,0.0,0.03230519480519481,0.0514
7,Random Forest,subclinical_hypothyroid,0.24,0.0489766081871345,-0.2481725146198831,0.0,0.03121345029239766,0.0514
7,Random Forest,subclinical_hypothyroid,0.25,0.049074074074074076,-0.2648148148148148,0.0,0.030092592592592594,0.0514
7,Random Forest,subclinical_hypothyroid,0.26,0.048948948948948946,-0.28190690690690695,0.0,0.02894144144144144,0.0514
7,Random Forest,subclinical_hypothyroid,0.27,0.04882039573820395,-0.2994672754946728,0.0,0.027758751902587517,0.0514
7,Random Forest,subclinical_hypothyroid,0.28,0.04868827160493827,-0.3175154320987655,0.0,0.026543209876543204,0.0514
7,Random Forest,subclinical_hypothyroid,0.29,0.04855242566510172,-0.33607198748043826,0.0,0.025293427230046944,0.0514
7,Random Forest,subclinical_hypothyroid,0.3,0.04841269841269841,-0.3551587301587302,0.0,0.024007936507936506,0.0514
7,XGBoost,overt_hypothyroid,0.01,0.022895622895622893,0.013047138047138045,0.0,0.020749158249158246,0.0229
7,XGBoost,overt_hypothyroid,0.02,0.022888321995464853,0.0029761904761904726,0.0,0.020663265306122447,0.0229
7,XGBoost,overt_hypothyroid,0.03,0.022873711340206184,-0.007302405498281789,0.0,0.020575601374570446,0.0229
7,XGBoost,overt_hypothyroid,0.04,0.022858796296296294,-0.01779513888888889,0.0,0.02048611111111111,0.0229
7,XGBoost,overt_hypothyroid,0.05,0.022843567251461985,-0.028508771929824563,0.0,0.02039473684210526,0.0229
7,XGBoost,overt_hypothyroid,0.06,0.02282801418439716,-0.039450354609929086,0.0,0.02030141843971631,0.0229
7,XGBoost,overt_hypothyroid,0.07,0.022812126642771803,-0.050627240143369154,0.0,0.020206093189964157,0.0229
7,XGBoost,overt_hypothyroid,0.08,0.02279589371980676,-0.06204710144927536,0.0,0.02010869565217391,0.0229
7,XGBoost,overt_hypothyroid,0.09,0.022779304029304028,-0.0737179487179487,0.0,0.020009157509157507,0.0229
7,XGBoost,overt_hypothyroid,0.1,0.022762345679012343,-0.08564814814814814,0.0,0.019907407407407405,0.0229
7,XGBoost,overt_hypothyroid,0.11,0.022745006242197253,-0.09784644194756553,0.0,0.019803370786516852,0.0229
7,XGBoost,overt_hypothyroid,0.12,0.022727272727272724,-0.11032196969696967,0.0,0.019696969696969695,0.0229
7,XGBoost,overt_hypothyroid,0.13,0.02270913154533844,-0.12308429118773948,0.0,0.019588122605363984,0.0229
7,XGBoost,overt_hypothyroid,0.14,0.022690568475452196,-0.13614341085271317,0.0,0.01947674418604651,0.0229
7,XGBoost,overt_hypothyroid,0.15,0.022794117647058822,-0.14950980392156865,0.0,0.019362745098039213,0.0229
7,XGBoost,overt_hypothyroid,0.16,0.022784391534391532,-0.16319444444444445,0.0,0.019246031746031744,0.0229
7,XGBoost,overt_hypothyroid,0.17,0.022774431057563587,-0.17720883534136547,0.0,0.019126506024096386,0.0229
7,XGBoost,overt_hypothyroid,0.18,0.02276422764227642,-0.19156504065040653,0.0,0.019004065040650404,0.0229
7,XGBoost,overt_hypothyroid,0.19,0.022753772290809327,-0.20627572016460904,0.0,0.018878600823045266,0.0229
7,XGBoost,overt_hypothyroid,0.2,0.022743055555555555,-0.22135416666666666,0.0,0.01875,0.0229
7,XGBoost,overt_hypothyroid,0.21,0.022732067510548522,-0.23681434599156118,0.0,0.01861814345991561,0.0229
7,XGBoost,overt_hypothyroid,0.22,0.022720797720797718,-0.25267094017094016,0.0,0.018482905982905983,0.0229
7,XGBoost,overt_hypothyroid,0.23,0.022709235209235207,-0.2689393939393939,0.0,0.018344155844155843,0.0229
7,XGBoost,overt_hypothyroid,0.24,0.02269736842105263,-0.28563596491228077,0.0,0.01820175438596491,0.0229
7,XGBoost,overt_hypothyroid,0.25,0.022685185185185183,-0.30277777777777776,0.0,0.018055555555555554,0.0229
7,XGBoost,overt_hypothyroid,0.26,0.022672672672672672,-0.3203828828828829,0.0,0.017905405405405403,0.0229
7,XGBoost,overt_hypothyroid,0.27,0.022659817351598173,-0.33847031963470325,0.0,0.017751141552511413,0.0229
7,XGBoost,overt_hypothyroid,0.28,0.022646604938271604,-0.3570601851851853,0.0,0.01759259259259259,0.0229
7,XGBoost,overt_hypothyroid,0.29,0.02263302034428795,-0.37617370892018787,0.0,0.01742957746478873,0.0229
7,XGBoost,overt_hypothyroid,0.3,0.02261904761904762,-0.39583333333333337,0.0,0.01726190476190476,0.0229
7,XGBoost,subclinical_hypothyroid,0.01,0.051227553310886645,0.04180695847362514,0.0,0.050743546576879905,0.0514
7,XGBoost,subclinical_hypothyroid,0.02,0.05109126984126984,0.03202947845804988,0.0,0.05008503401360544,0.0514
7,XGBoost,subclinical_hypothyroid,0.03,0.0510237686139748,0.022050400916380296,0.0,0.049412943871706756,0.0514
7,XGBoost,subclinical_hypothyroid,0.04,0.050896990740740736,0.011863425925925923,0.0,0.04872685185185185,0.0514
7,XGBoost,subclinical_hypothyroid,0.05,0.0508406432748538,0.0014619883040935602,0.0,0.04802631578947368,0.0514
7,XGBoost,subclinical_hypothyroid,0.06,0.05076832151300236,-0.00916075650118204,0.0,0.047310874704491725,0.0514
7,XGBoost,subclinical_hypothyroid,0.07,0.050813918757467144,-0.02001194743130226,0.0,0.04658004778972521,0.0514
7,XGBoost,subclinical_hypothyroid,0.08,0.05072463768115942,-0.03109903381642512,0.0,0.04583333333333333,0.0514
7,XGBoost,subclinical_hypothyroid,0.09,0.050633394383394384,-0.04242979242979242,0.0,0.04507020757020757,0.0514
7,XGBoost,subclinical_hypothyroid,0.1,0.04984567901234568,-0.054012345679012336,0.0,0.04429012345679012,0.0514
7,XGBoost,subclinical_hypothyroid,0.11,0.04975031210986267,-0.06585518102372034,0.0,0.04349250936329588,0.0514
7,XGBoost,subclinical_hypothyroid,0.12,0.04974747474747475,-0.0779671717171717,0.0,0.042676767676767674,0.0514
7,XGBoost,subclinical_hypothyroid,0.13,0.04896232439335888,-0.09035759897828864,0.0,0.04184227330779055,0.0514
7,XGBoost,subclinical_hypothyroid,0.14,0.048982558139534886,-0.10303617571059433,0.0,0.04098837209302325,0.0514
7,XGBoost,subclinical_hypothyroid,0.15,0.049019607843137254,-0.11601307189542488,0.0,0.040114379084967317,0.0514
7,XGBoost,subclinical_hypothyroid,0.16,0.048941798941798946,-0.1292989417989418,0.0,0.03921957671957672,0.0514
7,XGBoost,subclinical_hypothyroid,0.17,0.04886211512717537,-0.142904953145917,0.0,0.038303212851405616,0.0514
7,XGBoost,subclinical_hypothyroid,0.18,0.04878048780487805,-0.15684281842818432,0.0,0.03736449864498645,0.0514
7,XGBoost,subclinical_hypothyroid,0.19,0.048696844993141294,-0.17112482853223593,0.0,0.03640260631001371,0.0514
7,XGBoost,subclinical_hypothyroid,0.2,0.04861111111111111,-0.1857638888888889,0.0,0.035416666666666666,0.0514
7,XGBoost,subclinical_hypothyroid,0.21,0.048523206751054856,-0.2007735583684951,0.0,0.03440576652601969,0.0514
7,XGBoost,subclinical_hypothyroid,0.22,0.04843304843304844,-0.21616809116809116,0.0,0.03336894586894587,0.0514
7,XGBoost,subclinical_hypothyroid,0.23,0.048340548340548344,-0.23196248196248198,0.0,0.03230519480519481,0.0514
7,XGBoost,subclinical_hypothyroid,0.24,0.048245614035087724,-0.2481725146198831,0.0,0.03121345029239766,0.0514
7,XGBoost,subclinical_hypothyroid,0.25,0.04814814814814815,-0.2648148148148148,0.0,0.030092592592592594,0.0514
7,XGBoost,subclinical_hypothyroid,0.26,0.04804804804804805,-0.28190690690690695,0.0,0.02894144144144144,0.0514
7,XGBoost,subclinical_hypothyroid,0.27,0.04820205479452055,-0.2994672754946728,0.0,0.027758751902587517,0.0514
7,XGBoost,subclinical_hypothyroid,0.28,0.04810956790123457,-0.3175154320987655,0.0,0.026543209876543204,0.0514
7,XGBoost,subclinical_hypothyroid,0.29,0.04801447574334899,-0.33607198748043826,0.0,0.025293427230046944,0.0514
7,XGBoost,subclinical_hypothyroid,0.3,0.04791666666666667,-0.3551587301587302,0.0,0.024007936507936506,0.0514
8,Logistic Regression,overt_hypothyroid,0.01,0.022572951739618406,0.013047138047138045,0.0,0.02145763187429854,0.0229
8,Logistic Regression,overt_hypothyroid,0.02,0.022349773242630384,0.0029761904761904726,0.0,0.02138605442176871,0.0229
8,Logistic Regression,overt_hypothyroid,0.03,0.022121993127147764,-0.007302405498281789,0.0,0.021313001145475373,0.0229
8,Logistic Regression,overt_hypothyroid,0.04,0.021903935185185183,-0.01779513888888889,0.0,0.021238425925925924,0.0229
8,Logistic Regression,overt_hypothyroid,0.05,0.021710526315789472,-0.028508771929824563,0.0,0.021162280701754386,0.0229
8,Logistic Regression,overt_hypothyroid,0.06,0.021586879432624113,-0.039450354609929086,0.0,0.02108451536643026,0.0229
8,Logistic Regression,overt_hypothyroid,0.07,0.021348566308243725,-0.050627240143369154,0.0,0.021005077658303464,0.0229
8,Logistic Regression,overt_hypothyroid,0.08,0.021225845410628018,-0.06204710144927536,0.0,0.02092391304347826,0.0229
8,Logistic Regression,overt_hypothyroid,0.09,0.02106227106227106,-0.0737179487179487,0.0,0.02084096459096459,0.0229
8,Logistic Regression,overt_hypothyroid,0.1,0.02091049382716049,-0.08564814814814814,0.0,0.020756172839506173,0.0229
8,Logistic Regression,overt_hypothyroid,0.11,0.020685081148564294,-0.09784644194756553,0.0,0.020669475655430713,0.0229
8,Logistic Regression,overt_hypothyroid,0.12,0.02054924242424242,-0.11032196969696967,0.0,0.02058080808080808,0.0229
8,Logistic Regression,overt_hypothyroid,0.13,0.02042624521072797,-0.12308429118773948,0.0,0.020490102171136653,0.0229
8,Logistic Regression,overt_hypothyroid,0.14,0.020316537467700256,-0.13614341085271317,0.0,0.020397286821705427,0.0229
8,Logistic Regression,overt_hypothyroid,0.15,0.020098039215686272,-0.14950980392156865,0.0,0.020302287581699347,0.0229
8,Logistic Regression,overt_hypothyroid,0.16,0.01987433862433862,-0.16319444444444445,0.0,0.020205026455026455,0.0229
8,Logistic Regression,overt_hypothyroid,0.17,0.019645247657295847,-0.17720883534136547,0.0,0.020105421686746987,0.0229
8,Logistic Regression,overt_hypothyroid,0.18,0.019410569105691056,-0.19156504065040653,0.0,0.020003387533875337,0.0229
8,Logistic Regression,overt_hypothyroid,0.19,0.01949588477366255,-0.20627572016460904,0.0,0.01989883401920439,0.0229
8,Logistic Regression,overt_hypothyroid,0.2,0.01927083333333333,-0.22135416666666666,0.0,0.019791666666666666,0.0229
8,Logistic Regression,overt_hypothyroid,0.21,0.019224683544303796,-0.23681434599156118,0.0,0.019681786216596345,0.0229
8,Logistic Regression,overt_hypothyroid,0.22,0.018999287749287747,-0.25267094017094016,0.0,0.01956908831908832,0.0229
8,Logistic Regression,overt_hypothyroid,0.23,0.018768037518037517,-0.2689393939393939,0.0,0.019453463203463202,0.0229
8,Logistic Regression,overt_hypothyroid,0.24,0.018530701754385964,-0.28563596491228077,0.0,0.019334795321637427,0.0229
8,Logistic Regression,overt_hypothyroid,0.25,0.018287037037037036,-0.30277777777777776,0.0,0.019212962962962963,0.0229
8,Logistic Regression,overt_hypothyroid,0.26,0.018036786786786784,-0.3203828828828829,0.0,0.019087837837837837,0.0229
8,Logistic Regression,overt_hypothyroid,0.27,0.017779680365296802,-0.33847031963470325,0.0,0.018959284627092846,0.0229
8,Logistic Regression,overt_hypothyroid,0.28,0.01751543209876543,-0.3570601851851853,0.0,0.01882716049382716,0.0229
8,Logistic Regression,overt_hypothyroid,0.29,0.017243740219092328,-0.37617370892018787,0.0,0.01869131455399061,0.0229
8,Logistic Regression,overt_hypothyroid,0.3,0.016964285714285713,-0.39583333333333337,0.0,0.0185515873015873,0.0229
8,Logistic Regression,subclinical_hypothyroid,0.01,0.04275392817059483,0.04180695847362514,0.0,0.050638327721661054,0.0514
8,Logistic Regression,subclinical_hypothyroid,0.02,0.03635204081632652,0.03202947845804988,0.0,0.04987244897959184,0.0514
8,Logistic Regression,subclinical_hypothyroid,0.03,0.032230813287514315,0.022050400916380296,0.0,0.04909077892325315,0.0514
8,Logistic Regression,subclinical_hypothyroid,0.04,0.029803240740740734,0.011863425925925923,0.0,0.04829282407407407,0.0514
8,Logistic Regression,subclinical_hypothyroid,0.05,0.028581871345029236,0.0014619883040935602,0.0,0.04747807017543859,0.0514
8,Logistic Regression,subclinical_hypothyroid,0.06,0.02935874704491725,-0.00916075650118204,0.0,0.046645981087470444,0.0514
8,Logistic Regression,subclinical_hypothyroid,0.07,0.028860513739545998,-0.02001194743130226,0.0,0.04579599761051374,0.0514
8,Logistic Regression,subclinical_hypothyroid,0.08,0.029589371980676328,-0.03109903381642512,0.0,0.04492753623188406,0.0514
8,Logistic Regression,subclinical_hypothyroid,0.09,0.02947954822954823,-0.04242979242979242,0.0,0.044039987789987786,0.0514
8,Logistic Regression,subclinical_hypothyroid,0.1,0.03001543209876543,-0.054012345679012336,0.0,0.043132716049382715,0.0514
8,Logistic Regression,subclinical_hypothyroid,0.11,0.029416354556803994,-0.06585518102372034,0.0,0.04220505617977528,0.0514
8,Logistic Regression,subclinical_hypothyroid,0.12,0.029419191919191918,-0.0779671717171717,0.0,0.04125631313131313,0.0514
8,Logistic Regression,subclinical_hypothyroid,0.13,0.02907886334610472,-0.09035759897828864,0.0,0.04028575989782886,0.0514
8,Logistic Regression,subclinical_hypothyroid,0.14,0.029344315245478033,-0.10303617571059433,0.0,0.03929263565891473,0.0514
8,Logistic Regression,subclinical_hypothyroid,0.15,0.02982026143790849,-0.11601307189542488,0.0,0.03827614379084967,0.0514
8,Logistic Regression,subclinical_hypothyroid,0.16,0.02903439153439153,-0.1292989417989418,0.0,0.03723544973544973,0.0514
8,Logistic Regression,subclinical_hypothyroid,0.17,0.028631191432396248,-0.142904953145917,0.0,0.03616967871485943,0.0514
8,Logistic Regression,subclinical_hypothyroid,0.18,0.027913279132791322,-0.15684281842818432,0.0,0.03507791327913279,0.0514
8,Logistic Regression,subclinical_hypothyroid,0.19,0.02776920438957476,-0.17112482853223593,0.0,0.03395919067215364,0.0514
8,Logistic Regression,subclinical_hypothyroid,0.2,0.02725694444444444,-0.1857638888888889,0.0,0.032812499999999994,0.0514
8,Logistic Regression,subclinical_hypothyroid,0.21,0.02702180028129395,-0.2007735583684951,0.0,0.03163677918424754,0.0514
8,Logistic Regression,subclinical_hypothyroid,0.22,0.027884615384615383,-0.21616809116809116,0.0,0.03043091168091168,0.0514
8,Logistic Regression,subclinical_hypothyroid,0.23,0.027326839826839824,-0.23196248196248198,0.0,0.029193722943722942,0.0514
8,Logistic Regression,subclinical_hypothyroid,0.24,0.028143274853801165,-0.2481725146198831,0.0,0.02792397660818713,0.0514
8,Logistic Regression,subclinical_hypothyroid,0.25,0.027314814814814816,-0.2648148148148148,0.0,0.02662037037037037,0.0514
8,Logistic Regression,subclinical_hypothyroid,0.26,0.027965465465465463,-0.28190690690690695,0.0,0.025281531531531527,0.0514
8,Logistic Regression,subclinical_hypothyroid,0.27,0.027245053272450526,-0.2994672754946728,0.0,0.023906012176560118,0.0514
8,Logistic Regression,subclinical_hypothyroid,0.28,0.026543209876543204,-0.3175154320987655,0.0,0.022492283950617278,0.0514
8,Logistic Regression,subclinical_hypothyroid,0.29,0.026995305164319243,-0.33607198748043826,0.0,0.02103873239436619,0.0514
8,Logistic Regression,subclinical_hypothyroid,0.3,0.026388888888888885,-0.3551587301587302,0.0,0.019543650793650787,0.0514
8,Random Forest,overt_hypothyroid,0.01,0.022671156004489337,0.013047138047138045,0.0,0.02145763187429854,0.0229
8,Random Forest,overt_hypothyroid,0.02,0.02250566893424036,0.0029761904761904726,0.0,0.02138605442176871,0.0229
8,Random Forest,overt_hypothyroid,0.03,0.02242268041237113,-0.007302405498281789,0.0,0.021313001145475373,0.0229
8,Random Forest,overt_hypothyroid,0.04,0.02239583333333333,-0.01779513888888889,0.0,0.021238425925925924,0.0229
8,Random Forest,overt_hypothyroid,0.05,0.022404970760233917,-0.028508771929824563,0.0,0.021162280701754386,0.0229
8,Random Forest,overt_hypothyroid,0.06,0.0225177304964539,-0.039450354609929086,0.0,0.02108451536643026,0.0229
8,Random Forest,overt_hypothyroid,0.07,0.022498506571087214,-0.050627240143369154,0.0,0.021005077658303464,0.0229
8,Random Forest,overt_hypothyroid,0.08,0.02243357487922705,-0.06204710144927536,0.0,0.02092391304347826,0.0229
8,Random Forest,overt_hypothyroid,0.09,0.022367216117216114,-0.0737179487179487,0.0,0.02084096459096459,0.0229
8,Random Forest,overt_hypothyroid,0.1,0.022299382716049383,-0.08564814814814814,0.0,0.020756172839506173,0.0229
8,Random Forest,overt_hypothyroid,0.11,0.022230024968789012,-0.09784644194756553,0.0,0.020669475655430713,0.0229
8,Random Forest,overt_hypothyroid,0.12,0.022159090909090906,-0.11032196969696967,0.0,0.02058080808080808,0.0229
8,Random Forest,overt_hypothyroid,0.13,0.022086526181353767,-0.12308429118773948,0.0,0.020490102171136653,0.0229
8,Random Forest,overt_hypothyroid,0.14,0.02212532299741602,-0.13614341085271317,0.0,0.020397286821705427,0.0229
8,Random Forest,overt_hypothyroid,0.15,0.022058823529411763,-0.14950980392156865,0.0,0.020302287581699347,0.0229
8,Random Forest,overt_hypothyroid,0.16,0.021990740740740738,-0.16319444444444445,0.0,0.020205026455026455,0.0229
8,Random Forest,overt_hypothyroid,0.17,0.02206325301204819,-0.17720883534136547,0.0,0.020105421686746987,0.0229
8,Random Forest,overt_hypothyroid,0.18,0.0220020325203252,-0.19156504065040653,0.0,0.020003387533875337,0.0229
8,Random Forest,overt_hypothyroid,0.19,0.021939300411522634,-0.20627572016460904,0.0,0.01989883401920439,0.0229
8,Random Forest,overt_hypothyroid,0.2,0.021875,-0.22135416666666666,0.0,0.019791666666666666,0.0229
8,Random Forest,overt_hypothyroid,0.21,0.021809071729957805,-0.23681434599156118,0.0,0.019681786216596345,0.0229
8,Random Forest,overt_hypothyroid,0.22,0.02174145299145299,-0.25267094017094016,0.0,0.01956908831908832,0.0229
8,Random Forest,overt_hypothyroid,0.23,0.02167207792207792,-0.2689393939393939,0.0,0.019453463203463202,0.0229
8,Random Forest,overt_hypothyroid,0.24,0.021600877192982454,-0.28563596491228077,0.0,0.019334795321637427,0.0229
8,Random Forest,overt_hypothyroid,0.25,0.021527777777777778,-0.30277777777777776,0.0,0.019212962962962963,0.0229
8,Random Forest,overt_hypothyroid,0.26,0.021452702702702702,-0.3203828828828829,0.0,0.019087837837837837,0.0229
8,Random Forest,overt_hypothyroid,0.27,0.021375570776255706,-0.33847031963470325,0.0,0.018959284627092846,0.0229
8,Random Forest,overt_hypothyroid,0.28,0.021296296296296296,-0.3570601851851853,0.0,0.01882716049382716,0.0229
8,Random Forest,overt_hypothyroid,0.29,0.021214788732394366,-0.37617370892018787,0.0,0.01869131455399061,0.0229
8,Random Forest,overt_hypothyroid,0.3,0.02113095238095238,-0.39583333333333337,0.0,0.0185515873015873,0.0229
8,Random Forest,subclinical_hypothyroid,0.01,0.04692760942760943,0.04180695847362514,0.0,0.050638327721661054,0.0514
8,Random Forest,subclinical_hypothyroid,0.02,0.0463718820861678,0.03202947845804988,0.0,0.04987244897959184,0.0514
8,Random Forest,subclinical_hypothyroid,0.03,0.04801689576174112,0.022050400916380296,0.0,0.04909077892325315,0.0514
8,Random Forest,subclinical_hypothyroid,0.04,0.04950810185185185,0.011863425925925923,0.0,0.04829282407407407,0.0514
8,Random Forest,subclinical_hypothyroid,0.05,0.04992690058479532,0.0014619883040935602,0.0,0.04747807017543859,0.0514
8,Random Forest,subclinical_hypothyroid,0.06,0.04974881796690307,-0.00916075650118204,0.0,0.046645981087470444,0.0514
8,Random Forest,subclinical_hypothyroid,0.07,0.04950716845878136,-0.02001194743130226,0.0,0.04579599761051374,0.0514
8,Random Forest,subclinical_hypothyroid,0.08,0.049275362318840575,-0.03109903381642512,0.0,0.04492753623188406,0.0514
8,Random Forest,subclinical_hypothyroid,0.09,0.04905372405372405,-0.04242979242979242,0.0,0.044039987789987786,0.0514
8,Random Forest,subclinical_hypothyroid,0.1,0.04884259259259259,-0.054012345679012336,0.0,0.043132716049382715,0.0514
8,Random Forest,subclinical_hypothyroid,0.11,0.04855649188514357,-0.06585518102372034,0.0,0.04220505617977528,0.0514
8,Random Forest,subclinical_hypothyroid,0.12,0.04835858585858586,-0.0779671717171717,0.0,0.04125631313131313,0.0514
8,Random Forest,subclinical_hypothyroid,0.13,0.04806832694763729,-0.09035759897828864,0.0,0.04028575989782886,0.0514
8,Random Forest,subclinical_hypothyroid,0.14,0.047771317829457365,-0.10303617571059433,0.0,0.03929263565891473,0.0514
8,Random Forest,subclinical_hypothyroid,0.15,0.047467320261437906,-0.11601307189542488,0.0,0.03827614379084967,0.0514
8,Random Forest,subclinical_hypothyroid,0.16,0.04715608465608465,-0.1292989417989418,0.0,0.03723544973544973,0.0514
8,Random Forest,subclinical_hypothyroid,0.17,0.04683734939759036,-0.142904953145917,0.0,0.03616967871485943,0.0514
8,Random Forest,subclinical_hypothyroid,0.18,0.04651084010840108,-0.15684281842818432,0.0,0.03507791327913279,0.0514
8,Random Forest,subclinical_hypothyroid,0.19,0.046502057613168724,-0.17112482853223593,0.0,0.03395919067215364,0.0514
8,Random Forest,subclinical_hypothyroid,0.2,0.04618055555555555,-0.1857638888888889,0.0,0.032812499999999994,0.0514
8,Random Forest,subclinical_hypothyroid,0.21,0.046404711673699015,-0.2007735583684951,0.0,0.03163677918424754,0.0514
8,Random Forest,subclinical_hypothyroid,0.22,0.046100427350427346,-0.21616809116809116,0.0,0.03043091168091168,0.0514
8,Random Forest,subclinical_hypothyroid,0.23,0.04578823953823954,-0.23196248196248198,0.0,0.029193722943722942,0.0514
8,Random Forest,subclinical_hypothyroid,0.24,0.04568713450292397,-0.2481725146198831,0.0,0.02792397660818713,0.0514
8,Random Forest,subclinical_hypothyroid,0.25,0.045370370370370366,-0.2648148148148148,0.0,0.02662037037037037,0.0514
8,Random Forest,subclinical_hypothyroid,0.26,0.04504504504504504,-0.28190690690690695,0.0,0.025281531531531527,0.0514
8,Random Forest,subclinical_hypothyroid,0.27,0.044710806697108064,-0.2994672754946728,0.0,0.023906012176560118,0.0514
8,Random Forest,subclinical_hypothyroid,0.28,0.04436728395061728,-0.3175154320987655,0.0,0.022492283950617278,0.0514
8,Random Forest,subclinical_hypothyroid,0.29,0.04401408450704225,-0.33607198748043826,0.0,0.02103873239436619,0.0514
8,Random Forest,subclinical_hypothyroid,0.3,0.04365079365079365,-0.3551587301587302,0.0,0.019543650793650787,0.0514
8,XGBoost,overt_hypothyroid,0.01,0.022860549943883274,0.013047138047138045,0.0,0.02145763187429854,0.0229
8,XGBoost,overt_hypothyroid,0.02,0.022803287981859408,0.0029761904761904726,0.0,0.02138605442176871,0.0229
8,XGBoost,overt_hypothyroid,0.03,0.02274484536082474,-0.007302405498281789,0.0,0.021313001145475373,0.0229
8,XGBoost,overt_hypothyroid,0.04,0.022685185185185183,-0.01779513888888889,0.0,0.021238425925925924,0.0229
8,XGBoost,overt_hypothyroid,0.05,0.022624269005847953,-0.028508771929824563,0.0,0.021162280701754386,0.0229
8,XGBoost,overt_hypothyroid,0.06,0.02256205673758865,-0.039450354609929086,0.0,0.02108451536643026,0.0229
8,XGBoost,overt_hypothyroid,0.07,0.022498506571087214,-0.050627240143369154,0.0,0.021005077658303464,0.0229
8,XGBoost,overt_hypothyroid,0.08,0.02243357487922705,-0.06204710144927536,0.0,0.02092391304347826,0.0229
8,XGBoost,overt_hypothyroid,0.09,0.022367216117216114,-0.0737179487179487,0.0,0.02084096459096459,0.0229
8,XGBoost,overt_hypothyroid,0.1,0.022299382716049383,-0.08564814814814814,0.0,0.020756172839506173,0.0229
8,XGBoost,overt_hypothyroid,0.11,0.022230024968789012,-0.09784644194756553,0.0,0.020669475655430713,0.0229
8,XGBoost,overt_hypothyroid,0.12,0.022159090909090906,-0.11032196969696967,0.0,0.02058080808080808,0.0229
8,XGBoost,overt_hypothyroid,0.13,0.022086526181353767,-0.12308429118773948,0.0,0.020490102171136653,0.0229
8,XGBoost,overt_hypothyroid,0.14,0.02212532299741602,-0.13614341085271317,0.0,0.020397286821705427,0.0229
8,XGBoost,overt_hypothyroid,0.15,0.022058823529411763,-0.14950980392156865,0.0,0.020302287581699347,0.0229
8,XGBoost,overt_hypothyroid,0.16,0.021990740740740738,-0.16319444444444445,0.0,0.020205026455026455,0.0229
8,XGBoost,overt_hypothyroid,0.17,0.021921017402945112,-0.17720883534136547,0.0,0.020105421686746987,0.0229
8,XGBoost,overt_hypothyroid,0.18,0.021849593495934957,-0.19156504065040653,0.0,0.020003387533875337,0.0229
8,XGBoost,overt_hypothyroid,0.19,0.021776406035665292,-0.20627572016460904,0.0,0.01989883401920439,0.0229
8,XGBoost,overt_hypothyroid,0.2,0.021701388888888888,-0.22135416666666666,0.0,0.019791666666666666,0.0229
8,XGBoost,overt_hypothyroid,0.21,0.021624472573839662,-0.23681434599156118,0.0,0.019681786216596345,0.0229
8,XGBoost,overt_hypothyroid,0.22,0.021545584045584043,-0.25267094017094016,0.0,0.01956908831908832,0.0229
8,XGBoost,overt_hypothyroid,0.23,0.021464646464646464,-0.2689393939393939,0.0,0.019453463203463202,0.0229
8,XGBoost,overt_hypothyroid,0.24,0.021381578947368418,-0.28563596491228077,0.0,0.019334795321637427,0.0229
8,XGBoost,overt_hypothyroid,0.25,0.021296296296296296,-0.30277777777777776,0.0,0.019212962962962963,0.0229
8,XGBoost,overt_hypothyroid,0.26,0.021208708708708706,-0.3203828828828829,0.0,0.019087837837837837,0.0229
8,XGBoost,overt_hypothyroid,0.27,0.021118721461187213,-0.33847031963470325,0.0,0.018959284627092846,0.0229
8,XGBoost,overt_hypothyroid,0.28,0.02102623456790123,-0.3570601851851853,0.0,0.01882716049382716,0.0229
8,XGBoost,overt_hypothyroid,0.29,0.020931142410015646,-0.37617370892018787,0.0,0.01869131455399061,0.0229
8,XGBoost,overt_hypothyroid,0.3,0.02113095238095238,-0.39583333333333337,0.0,0.0185515873015873,0.0229
8,XGBoost,subclinical_hypothyroid,0.01,0.05110830527497194,0.04180695847362514,0.0,0.050638327721661054,0.0514
8,XGBoost,subclinical_hypothyroid,0.02,0.050864512471655327,0.03202947845804988,0.0,0.04987244897959184,0.0514
8,XGBoost,subclinical_hypothyroid,0.03,0.05065864833906071,0.022050400916380296,0.0,0.04909077892325315,0.0514
8,XGBoost,subclinical_hypothyroid,0.04,0.05040509259259259,0.011863425925925923,0.0,0.04829282407407407,0.0514
8,XGBoost,subclinical_hypothyroid,0.05,0.0501827485380117,0.0014619883040935602,0.0,0.04747807017543859,0.0514
8,XGBoost,subclinical_hypothyroid,0.06,0.04997044917257683,-0.00916075650118204,0.0,0.046645981087470444,0.0514
8,XGBoost,subclinical_hypothyroid,0.07,0.04971624850657109,-0.02001194743130226,0.0,0.04579599761051374,0.0514
8,XGBoost,subclinical_hypothyroid,0.08,0.049516908212560384,-0.03109903381642512,0.0,0.04492753623188406,0.0514
8,XGBoost,subclinical_hypothyroid,0.09,0.04925976800976801,-0.04242979242979242,0.0,0.044039987789987786,0.0514
8,XGBoost,subclinical_hypothyroid,0.1,0.049074074074074076,-0.054012345679012336,0.0,0.043132716049382715,0.0514
8,XGBoost,subclinical_hypothyroid,0.11,0.04881398252184769,-0.06585518102372034,0.0,0.04220505617977528,0.0514
8,XGBoost,subclinical_hypothyroid,0.12,0.0485479797979798,-0.0779671717171717,0.0,0.04125631313131313,0.0514
8,XGBoost,subclinical_hypothyroid,0.13,0.04837962962962963,-0.09035759897828864,0.0,0.04028575989782886,0.0514
8,XGBoost,subclinical_hypothyroid,0.14,0.04811046511627907,-0.10303617571059433,0.0,0.03929263565891473,0.0514
8,XGBoost,subclinical_hypothyroid,0.15,0.04795751633986928,-0.11601307189542488,0.0,0.03827614379084967,0.0514
8,XGBoost,subclinical_hypothyroid,0.16,0.047685185185185185,-0.1292989417989418,0.0,0.03723544973544973,0.0514
8,XGBoost,subclinical_hypothyroid,0.17,0.047406291834002676,-0.142904953145917,0.0,0.03616967871485943,0.0514
8,XGBoost,subclinical_hypothyroid,0.18,0.047120596205962054,-0.15684281842818432,0.0,0.03507791327913279,0.0514
8,XGBoost,subclinical_hypothyroid,0.19,0.0468278463648834,-0.17112482853223593,0.0,0.03395919067215364,0.0514
8,XGBoost,subclinical_hypothyroid,0.2,0.04670138888888889,-0.1857638888888889,0.0,0.032812499999999994,0.0514
8,XGBoost,subclinical_hypothyroid,0.21,0.046404711673699015,-0.2007735583684951,0.0,0.03163677918424754,0.0514
8,XGBoost,subclinical_hypothyroid,0.22,0.046100427350427346,-0.21616809116809116,0.0,0.03043091168091168,0.0514
8,XGBoost,subclinical_hypothyroid,0.23,0.04578823953823954,-0.23196248196248198,0.0,0.029193722943722942,0.0514
8,XGBoost,subclinical_hypothyroid,0.24,0.04546783625730994,-0.2481725146198831,0.0,0.02792397660818713,0.0514
8,XGBoost,subclinical_hypothyroid,0.25,0.04513888888888889,-0.2648148148148148,0.0,0.02662037037037037,0.0514
8,XGBoost,subclinical_hypothyroid,0.26,0.04480105105105105,-0.28190690690690695,0.0,0.025281531531531527,0.0514
8,XGBoost,subclinical_hypothyroid,0.27,0.04445395738203957,-0.2994672754946728,0.0,0.023906012176560118,0.0514
8,XGBoost,subclinical_hypothyroid,0.28,0.04409722222222222,-0.3175154320987655,0.0,0.022492283950617278,0.0514
8,XGBoost,subclinical_hypothyroid,0.29,0.04373043818466353,-0.33607198748043826,0.0,0.02103873239436619,0.0514
8,XGBoost,subclinical_hypothyroid,0.3,0.0433531746031746,-0.3551587301587302,0.0,0.019543650793650787,0.0514
9,Logistic Regression,overt_hypothyroid,0.01,0.022629068462401793,0.013047138047138045,0.0,0.017943322109988776,0.0229
9,Logistic Regression,overt_hypothyroid,0.02,0.022392290249433105,0.0029761904761904726,0.0,0.01782879818594104,0.0229
9,Logistic Regression,overt_hypothyroid,0.03,0.022207903780068726,-0.007302405498281789,0.0,0.017711912943871706,0.0229
9,Logistic Regression,overt_hypothyroid,0.04,0.021990740740740738,-0.01779513888888889,0.0,0.01759259259259259,0.0229
9,Logistic Regression,overt_hypothyroid,0.05,0.021966374269005846,-0.028508771929824563,0.0,0.017470760233918126,0.0229
9,Logistic Regression,overt_hypothyroid,0.06,0.021764184397163117,-0.039450354609929086,0.0,0.017346335697399524,0.0229
9,Logistic Regression,overt_hypothyroid,0.07,0.021714456391875747,-0.050627240143369154,0.0,0.017219235364396655,0.0229
9,Logistic Regression,overt_hypothyroid,0.08,0.021527777777777778,-0.06204710144927536,0.0,0.017089371980676327,0.0229
9,Logistic Regression,overt_hypothyroid,0.09,0.021336996336996334,-0.0737179487179487,0.0,0.016956654456654455,0.0229
9,Logistic Regression,overt_hypothyroid,0.1,0.021219135802469133,-0.08564814814814814,0.0,0.016820987654320985,0.0229
9,Logistic Regression,overt_hypothyroid,0.11,0.02102840199750312,-0.09784644194756553,0.0,0.016682272159800247,0.0229
9,Logistic Regression,overt_hypothyroid,0.12,0.020833333333333332,-0.11032196969696967,0.0,0.01654040404040404,0.0229
9,Logistic Regression,overt_hypothyroid,0.13,0.020737547892720306,-0.12308429118773948,0.0,0.016395274584929755,0.0229
9,Logistic Regression,overt_hypothyroid,0.14,0.020768733850129197,-0.13614341085271317,0.0,0.016246770025839793,0.0229
9,Logistic Regression,overt_hypothyroid,0.15,0.020588235294117643,-0.14950980392156865,0.0,0.016094771241830064,0.0229
9,Logistic Regression,overt_hypothyroid,0.16,0.020667989417989415,-0.16319444444444445,0.0,0.015939153439153437,0.0229
9,Logistic Regression,overt_hypothyroid,0.17,0.0206408969210174,-0.17720883534136547,0.0,0.01577978580990629,0.0229
9,Logistic Regression,overt_hypothyroid,0.18,0.020477642276422764,-0.19156504065040653,0.0,0.015616531165311651,0.0229
9,Logistic Regression,overt_hypothyroid,0.19,0.020636145404663922,-0.20627572016460904,0.0,0.015449245541838134,0.0229
9,Logistic Regression,overt_hypothyroid,0.2,0.020486111111111108,-0.22135416666666666,0.0,0.015277777777777776,0.0229
9,Logistic Regression,overt_hypothyroid,0.21,0.020332278481012656,-0.23681434599156118,0.0,0.015101969057665258,0.0229
9,Logistic Regression,overt_hypothyroid,0.22,0.020174501424501425,-0.25267094017094016,0.0,0.01492165242165242,0.0229
9,Logistic Regression,overt_hypothyroid,0.23,0.02001262626262626,-0.2689393939393939,0.0,0.014736652236652235,0.0229
9,Logistic Regression,overt_hypothyroid,0.24,0.019846491228070175,-0.28563596491228077,0.0,0.014546783625730992,0.0229
9,Logistic Regression,overt_hypothyroid,0.25,0.019675925925925923,-0.30277777777777776,0.0,0.01435185185185185,0.0229
9,Logistic Regression,overt_hypothyroid,0.26,0.01950075075075075,-0.3203828828828829,0.0,0.01415165165165165,0.0229
9,Logistic Regression,overt_hypothyroid,0.27,0.019577625570776254,-0.33847031963470325,0.0,0.013945966514459663,0.0229
9,Logistic Regression,overt_hypothyroid,0.28,0.01940586419753086,-0.3570601851851853,0.0,0.013734567901234566,0.0229
9,Logistic Regression,overt_hypothyroid,0.29,0.019229264475743347,-0.37617370892018787,0.0,0.013517214397496084,0.0229
9,Logistic Regression,overt_hypothyroid,0.3,0.019047619047619046,-0.39583333333333337,0.0,0.013293650793650792,0.0229
9,Logistic Regression,subclinical_hypothyroid,0.01,0.04438131313131313,0.04180695847362514,0.0,0.04924242424242425,0.0514
9,Logistic Regression,subclinical_hypothyroid,0.02,0.04067460317460317,0.03202947845804988,0.0,0.048469387755102046,0.0514
9,Logistic Regression,subclinical_hypothyroid,0.03,0.03901775486827033,0.022050400916380296,0.0,0.047680412371134025,0.0514
9,Logistic Regression,subclinical_hypothyroid,0.04,0.03862847222222222,0.011863425925925923,0.0,0.046875,0.0514
9,Logistic Regression,subclinical_hypothyroid,0.05,0.0381578947368421,0.0014619883040935602,0.0,0.04605263157894737,0.0514
9,Logistic Regression,subclinical_hypothyroid,0.06,0.038445626477541364,-0.00916075650118204,0.0,0.04521276595744681,0.0514
9,Logistic Regression,subclinical_hypothyroid,0.07,0.03774641577060932,-0.02001194743130226,0.0,0.04435483870967742,0.0514
9,Logistic Regression,subclinical_hypothyroid,0.08,0.03756038647342995,-0.03109903381642512,0.0,0.04347826086956522,0.0514
9,Logistic Regression,subclinical_hypothyroid,0.09,0.037515262515262514,-0.04242979242979242,0.0,0.042582417582417584,0.0514
9,Logistic Regression,subclinical_hypothyroid,0.1,0.03680555555555555,-0.054012345679012336,0.0,0.04166666666666667,0.0514
9,Logistic Regression,subclinical_hypothyroid,0.11,0.03679775280898876,-0.06585518102372034,0.0,0.04073033707865169,0.0514
9,Logistic Regression,subclinical_hypothyroid,0.12,0.036616161616161616,-0.0779671717171717,0.0,0.03977272727272728,0.0514
9,Logistic Regression,subclinical_hypothyroid,0.13,0.036238825031928476,-0.09035759897828864,0.0,0.03879310344827586,0.0514
9,Logistic Regression,subclinical_hypothyroid,0.14,0.0356750645994832,-0.10303617571059433,0.0,0.03779069767441861,0.0514
9,Logistic Regression,subclinical_hypothyroid,0.15,0.035212418300653595,-0.11601307189542488,0.0,0.03676470588235294,0.0514
9,Logistic Regression,subclinical_hypothyroid,0.16,0.03458994708994709,-0.1292989417989418,0.0,0.03571428571428571,0.0514
9,Logistic Regression,subclinical_hypothyroid,0.17,0.03474732262382864,-0.142904953145917,0.0,0.03463855421686747,0.0514
9,Logistic Regression,subclinical_hypothyroid,0.18,0.034620596205962056,-0.15684281842818432,0.0,0.03353658536585366,0.0514
9,Logistic Regression,subclinical_hypothyroid,0.19,0.03477366255144033,-0.17112482853223593,0.0,0.03240740740740741,0.0514
9,Logistic Regression,subclinical_hypothyroid,0.2,0.034722222222222224,-0.1857638888888889,0.0,0.03125,0.0514
9,Logistic Regression,subclinical_hypothyroid,0.21,0.03440576652601969,-0.2007735583684951,0.0,0.030063291139240507,0.0514
9,Logistic Regression,subclinical_hypothyroid,0.22,0.03454415954415954,-0.21616809116809116,0.0,0.02884615384615385,0.0514
9,Logistic Regression,subclinical_hypothyroid,0.23,0.033757215007215007,-0.23196248196248198,0.0,0.027597402597402603,0.0514
9,Logistic Regression,subclinical_hypothyroid,0.24,0.034064327485380116,-0.2481725146198831,0.0,0.026315789473684213,0.0514
9,Logistic Regression,subclinical_hypothyroid,0.25,0.03425925925925926,-0.2648148148148148,0.0,0.025000000000000005,0.0514
9,Logistic Regression,subclinical_hypothyroid,0.26,0.03382132132132132,-0.28190690690690695,0.0,0.02364864864864865,0.0514
9,Logistic Regression,subclinical_hypothyroid,0.27,0.033409436834094364,-0.2994672754946728,0.0,0.022260273972602742,0.0514
9,Logistic Regression,subclinical_hypothyroid,0.28,0.03302469135802469,-0.3175154320987655,0.0,0.020833333333333332,0.0514
9,Logistic Regression,subclinical_hypothyroid,0.29,0.032384585289514864,-0.33607198748043826,0.0,0.01936619718309859,0.0514
9,Logistic Regression,subclinical_hypothyroid,0.3,0.032638888888888884,-0.3551587301587302,0.0,0.017857142857142856,0.0514
9,Random Forest,overt_hypothyroid,0.01,0.022685185185185183,0.013047138047138045,0.0,0.017943322109988776,0.0229
9,Random Forest,overt_hypothyroid,0.02,0.02256235827664399,0.0029761904761904726,0.0,0.01782879818594104,0.0229
9,Random Forest,overt_hypothyroid,0.03,0.022508591065292096,-0.007302405498281789,0.0,0.017711912943871706,0.0229
9,Random Forest,overt_hypothyroid,0.04,0.022569444444444444,-0.01779513888888889,0.0,0.01759259259259259,0.0229
9,Random Forest,overt_hypothyroid,0.05,0.022551169590643273,-0.028508771929824563,0.0,0.017470760233918126,0.0229
9,Random Forest,overt_hypothyroid,0.06,0.022650709219858154,-0.039450354609929086,0.0,0.017346335697399524,0.0229
9,Random Forest,overt_hypothyroid,0.07,0.022603046594982076,-0.050627240143369154,0.0,0.017219235364396655,0.0229
9,Random Forest,overt_hypothyroid,0.08,0.022614734299516905,-0.06204710144927536,0.0,0.017089371980676327,0.0229
9,Random Forest,overt_hypothyroid,0.09,0.02264194139194139,-0.0737179487179487,0.0,0.016956654456654455,0.0229
9,Random Forest,overt_hypothyroid,0.1,0.022608024691358024,-0.08564814814814814,0.0,0.016820987654320985,0.0229
9,Random Forest,overt_hypothyroid,0.11,0.02257334581772784,-0.09784644194756553,0.0,0.016682272159800247,0.0229
9,Random Forest,overt_hypothyroid,0.12,0.022537878787878787,-0.11032196969696967,0.0,0.01654040404040404,0.0229
9,Random Forest,overt_hypothyroid,0.13,0.022501596424010215,-0.12308429118773948,0.0,0.016395274584929755,0.0229
9,Random Forest,overt_hypothyroid,0.14,0.022464470284237724,-0.13614341085271317,0.0,0.016246770025839793,0.0229
9,Random Forest,overt_hypothyroid,0.15,0.02242647058823529,-0.14950980392156865,0.0,0.016094771241830064,0.0229
9,Random Forest,overt_hypothyroid,0.16,0.022387566137566137,-0.16319444444444445,0.0,0.015939153439153437,0.0229
9,Random Forest,overt_hypothyroid,0.17,0.02234772423025435,-0.17720883534136547,0.0,0.01577978580990629,0.0229
9,Random Forest,overt_hypothyroid,0.18,0.02230691056910569,-0.19156504065040653,0.0,0.015616531165311651,0.0229
9,Random Forest,overt_hypothyroid,0.19,0.02226508916323731,-0.20627572016460904,0.0,0.015449245541838134,0.0229
9,Random Forest,overt_hypothyroid,0.2,0.02222222222222222,-0.22135416666666666,0.0,0.015277777777777776,0.0229
9,Random Forest,overt_hypothyroid,0.21,0.022178270042194092,-0.23681434599156118,0.0,0.015101969057665258,0.0229
9,Random Forest,overt_hypothyroid,0.22,0.022133190883190882,-0.25267094017094016,0.0,0.01492165242165242,0.0229
9,Random Forest,overt_hypothyroid,0.23,0.022086940836940835,-0.2689393939393939,0.0,0.014736652236652235,0.0229
9,Random Forest,overt_hypothyroid,0.24,0.022039473684210525,-0.28563596491228077,0.0,0.014546783625730992,0.0229
9,Random Forest,overt_hypothyroid,0.25,0.021990740740740738,-0.30277777777777776,0.0,0.01435185185185185,0.0229
9,Random Forest,overt_hypothyroid,0.26,0.021940690690690687,-0.3203828828828829,0.0,0.01415165165165165,0.0229
9,Random Forest,overt_hypothyroid,0.27,0.022146118721461185,-0.33847031963470325,0.0,0.013945966514459663,0.0229
9,Random Forest,overt_hypothyroid,0.28,0.02210648148148148,-0.3570601851851853,0.0,0.013734567901234566,0.0229
9,Random Forest,overt_hypothyroid,0.29,0.022065727699530514,-0.37617370892018787,0.0,0.013517214397496084,0.0229
9,Random Forest,overt_hypothyroid,0.3,0.022023809523809522,-0.39583333333333337,0.0,0.013293650793650792,0.0229
9,Random Forest,subclinical_hypothyroid,0.01,0.05065937149270482,0.04180695847362514,0.0,0.04924242424242425,0.0514
9,Random Forest,subclinical_hypothyroid,0.02,0.050864512471655327,0.03202947845804988,0.0,0.048469387755102046,0.0514
9,Random Forest,subclinical_hypothyroid,0.03,0.050830469644902634,0.022050400916380296,0.0,0.047680412371134025,0.0514
9,Random Forest,subclinical_hypothyroid,0.04,0.050723379629629625,0.011863425925925923,0.0,0.046875,0.0514
9,Random Forest,subclinical_hypothyroid,0.05,0.05073099415204678,0.0014619883040935602,0.0,0.04605263157894737,0.0514
9,Random Forest,subclinical_hypothyroid,0.06,0.05072399527186761,-0.00916075650118204,0.0,0.04521276595744681,0.0514
9,Random Forest,subclinical_hypothyroid,0.07,0.05070937873357228,-0.02001194743130226,0.0,0.04435483870967742,0.0514
9,Random Forest,subclinical_hypothyroid,0.08,0.05072463768115942,-0.03109903381642512,0.0,0.04347826086956522,0.0514
9,Random Forest,subclinical_hypothyroid,0.09,0.0507020757020757,-0.04242979242979242,0.0,0.042582417582417584,0.0514
9,Random Forest,subclinical_hypothyroid,0.1,0.050694444444444445,-0.054012345679012336,0.0,0.04166666666666667,0.0514
9,Random Forest,subclinical_hypothyroid,0.11,0.05061641697877653,-0.06585518102372034,0.0,0.04073033707865169,0.0514
9,Random Forest,subclinical_hypothyroid,0.12,0.05053661616161616,-0.0779671717171717,0.0,0.03977272727272728,0.0514
9,Random Forest,subclinical_hypothyroid,0.13,0.050454980842911876,-0.09035759897828864,0.0,0.03879310344827586,0.0514
9,Random Forest,subclinical_hypothyroid,0.14,0.050484496124031004,-0.10303617571059433,0.0,0.03779069767441861,0.0514
9,Random Forest,subclinical_hypothyroid,0.15,0.05040849673202614,-0.11601307189542488,0.0,0.03676470588235294,0.0514
9,Random Forest,subclinical_hypothyroid,0.16,0.05033068783068783,-0.1292989417989418,0.0,0.03571428571428571,0.0514
9,Random Forest,subclinical_hypothyroid,0.17,0.050251004016064256,-0.142904953145917,0.0,0.03463855421686747,0.0514
9,Random Forest,subclinical_hypothyroid,0.18,0.05047425474254742,-0.15684281842818432,0.0,0.03353658536585366,0.0514
9,Random Forest,subclinical_hypothyroid,0.19,0.050411522633744855,-0.17112482853223593,0.0,0.03240740740740741,0.0514
9,Random Forest,subclinical_hypothyroid,0.2,0.050520833333333334,-0.1857638888888889,0.0,0.03125,0.0514
9,Random Forest,subclinical_hypothyroid,0.21,0.05046589310829817,-0.2007735583684951,0.0,0.030063291139240507,0.0514
9,Random Forest,subclinical_hypothyroid,0.22,0.050409544159544156,-0.21616809116809116,0.0,0.02884615384615385,0.0514
9,Random Forest,subclinical_hypothyroid,0.23,0.0503517316017316,-0.23196248196248198,0.0,0.027597402597402603,0.0514
9,Random Forest,subclinical_hypothyroid,0.24,0.05029239766081871,-0.2481725146198831,0.0,0.026315789473684213,0.0514
9,Random Forest,subclinical_hypothyroid,0.25,0.05023148148148148,-0.2648148148148148,0.0,0.025000000000000005,0.0514
9,Random Forest,subclinical_hypothyroid,0.26,0.05016891891891892,-0.28190690690690695,0.0,0.02364864864864865,0.0514
9,Random Forest,subclinical_hypothyroid,0.27,0.05010464231354642,-0.2994672754946728,0.0,0.022260273972602742,0.0514
9,Random Forest,subclinical_hypothyroid,0.28,0.05003858024691358,-0.3175154320987655,0.0,0.020833333333333332,0.0514
9,Random Forest,subclinical_hypothyroid,0.29,0.0499706572769953,-0.33607198748043826,0.0,0.01936619718309859,0.0514
9,Random Forest,subclinical_hypothyroid,0.3,0.04990079365079365,-0.3551587301587302,0.0,0.017857142857142856,0.0514
9,XGBoost,overt_hypothyroid,0.01,0.022187149270482605,0.013047138047138045,0.0,0.017943322109988776,0.0229
9,XGBoost,overt_hypothyroid,0.02,0.022165532879818595,0.0029761904761904726,0.0,0.01782879818594104,0.0229
9,XGBoost,overt_hypothyroid,0.03,0.02213631156930126,-0.007302405498281789,0.0,0.017711912943871706,0.0229
9,XGBoost,overt_hypothyroid,0.04,0.022106481481481484,-0.01779513888888889,0.0,0.01759259259259259,0.0229
9,XGBoost,overt_hypothyroid,0.05,0.022076023391812867,-0.028508771929824563,0.0,0.017470760233918126,0.0229
9,XGBoost,overt_hypothyroid,0.06,0.022044917257683216,-0.039450354609929086,0.0,0.017346335697399524,0.0229
9,XGBoost,overt_hypothyroid,0.07,0.02206541218637993,-0.050627240143369154,0.0,0.017219235364396655,0.0229
9,XGBoost,overt_hypothyroid,0.08,0.022041062801932368,-0.06204710144927536,0.0,0.017089371980676327,0.0229
9,XGBoost,overt_hypothyroid,0.09,0.022016178266178268,-0.0737179487179487,0.0,0.016956654456654455,0.0229
9,XGBoost,overt_hypothyroid,0.1,0.02199074074074074,-0.08564814814814814,0.0,0.016820987654320985,0.0229
9,XGBoost,overt_hypothyroid,0.11,0.021964731585518104,-0.09784644194756553,0.0,0.016682272159800247,0.0229
9,XGBoost,overt_hypothyroid,0.12,0.021938131313131316,-0.11032196969696967,0.0,0.01654040404040404,0.0229
9,XGBoost,overt_hypothyroid,0.13,0.021910919540229886,-0.12308429118773948,0.0,0.016395274584929755,0.0229
9,XGBoost,overt_hypothyroid,0.14,0.021883074935400516,-0.13614341085271317,0.0,0.016246770025839793,0.0229
9,XGBoost,overt_hypothyroid,0.15,0.021854575163398695,-0.14950980392156865,0.0,0.016094771241830064,0.0229
9,XGBoost,overt_hypothyroid,0.16,0.021825396825396828,-0.16319444444444445,0.0,0.015939153439153437,0.0229
9,XGBoost,overt_hypothyroid,0.17,0.021795515394912986,-0.17720883534136547,0.0,0.01577978580990629,0.0229
9,XGBoost,overt_hypothyroid,0.18,0.02176490514905149,-0.19156504065040653,0.0,0.015616531165311651,0.0229
9,XGBoost,overt_hypothyroid,0.19,0.021733539094650207,-0.20627572016460904,0.0,0.015449245541838134,0.0229
9,XGBoost,overt_hypothyroid,0.2,0.021701388888888888,-0.22135416666666666,0.0,0.015277777777777776,0.0229
9,XGBoost,overt_hypothyroid,0.21,0.021668424753867793,-0.23681434599156118,0.0,0.015101969057665258,0.0229
9,XGBoost,overt_hypothyroid,0.22,0.021634615384615384,-0.25267094017094016,0.0,0.01492165242165242,0.0229
9,XGBoost,overt_hypothyroid,0.23,0.02159992784992785,-0.2689393939393939,0.0,0.014736652236652235,0.0229
9,XGBoost,overt_hypothyroid,0.24,0.02156432748538012,-0.28563596491228077,0.0,0.014546783625730992,0.0229
9,XGBoost,overt_hypothyroid,0.25,0.021527777777777778,-0.30277777777777776,0.0,0.01435185185185185,0.0229
9,XGBoost,overt_hypothyroid,0.26,0.02149024024024024,-0.3203828828828829,0.0,0.01415165165165165,0.0229
9,XGBoost,overt_hypothyroid,0.27,0.021451674277016743,-0.33847031963470325,0.0,0.013945966514459663,0.0229
9,XGBoost,overt_hypothyroid,0.28,0.02141203703703704,-0.3570601851851853,0.0,0.013734567901234566,0.0229
9,XGBoost,overt_hypothyroid,0.29,0.02137128325508607,-0.37617370892018787,0.0,0.013517214397496084,0.0229
9,XGBoost,overt_hypothyroid,0.3,0.02132936507936508,-0.39583333333333337,0.0,0.013293650793650792,0.0229
9,XGBoost,subclinical_hypothyroid,0.01,0.049901795735129074,0.04180695847362514,0.0,0.04924242424242425,0.0514
9,XGBoost,subclinical_hypothyroid,0.02,0.04982993197278912,0.03202947845804988,0.0,0.048469387755102046,0.0514
9,XGBoost,subclinical_hypothyroid,0.03,0.04974226804123712,0.022050400916380296,0.0,0.047680412371134025,0.0514
9,XGBoost,subclinical_hypothyroid,0.04,0.04965277777777778,0.011863425925925923,0.0,0.046875,0.0514
9,XGBoost,subclinical_hypothyroid,0.05,0.04956140350877193,0.0014619883040935602,0.0,0.04605263157894737,0.0514
9,XGBoost,subclinical_hypothyroid,0.06,0.04946808510638298,-0.00916075650118204,0.0,0.04521276595744681,0.0514
9,XGBoost,subclinical_hypothyroid,0.07,0.049372759856630824,-0.02001194743130226,0.0,0.04435483870967742,0.0514
9,XGBoost,subclinical_hypothyroid,0.08,0.04927536231884058,-0.03109903381642512,0.0,0.04347826086956522,0.0514
9,XGBoost,subclinical_hypothyroid,0.09,0.04917582417582418,-0.04242979242979242,0.0,0.042582417582417584,0.0514
9,XGBoost,subclinical_hypothyroid,0.1,0.049074074074074076,-0.054012345679012336,0.0,0.04166666666666667,0.0514
9,XGBoost,subclinical_hypothyroid,0.11,0.04905586766541823,-0.06585518102372034,0.0,0.04073033707865169,0.0514
9,XGBoost,subclinical_hypothyroid,0.12,0.04895833333333333,-0.0779671717171717,0.0,0.03977272727272728,0.0514
9,XGBoost,subclinical_hypothyroid,0.13,0.04896232439335888,-0.09035759897828864,0.0,0.03879310344827586,0.0514
9,XGBoost,subclinical_hypothyroid,0.14,0.048982558139534886,-0.10303617571059433,0.0,0.03779069767441861,0.0514
9,XGBoost,subclinical_hypothyroid,0.15,0.04889705882352941,-0.11601307189542488,0.0,0.03676470588235294,0.0514
9,XGBoost,subclinical_hypothyroid,0.16,0.04880952380952381,-0.1292989417989418,0.0,0.03571428571428571,0.0514
9,XGBoost,subclinical_hypothyroid,0.17,0.048719879518072294,-0.142904953145917,0.0,0.03463855421686747,0.0514
9,XGBoost,subclinical_hypothyroid,0.18,0.048628048780487806,-0.15684281842818432,0.0,0.03353658536585366,0.0514
9,XGBoost,subclinical_hypothyroid,0.19,0.04853395061728395,-0.17112482853223593,0.0,0.03240740740740741,0.0514
9,XGBoost,subclinical_hypothyroid,0.2,0.0484375,-0.1857638888888889,0.0,0.03125,0.0514
9,XGBoost,subclinical_hypothyroid,0.21,0.04833860759493671,-0.2007735583684951,0.0,0.030063291139240507,0.0514
9,XGBoost,subclinical_hypothyroid,0.22,0.04823717948717949,-0.21616809116809116,0.0,0.02884615384615385,0.0514
9,XGBoost,subclinical_hypothyroid,0.23,0.04813311688311689,-0.23196248196248198,0.0,0.027597402597402603,0.0514
9,XGBoost,subclinical_hypothyroid,0.24,0.04802631578947369,-0.2481725146198831,0.0,0.026315789473684213,0.0514
9,XGBoost,subclinical_hypothyroid,0.25,0.04791666666666667,-0.2648148148148148,0.0,0.025000000000000005,0.0514
9,XGBoost,subclinical_hypothyroid,0.26,0.04780405405405406,-0.28190690690690695,0.0,0.02364864864864865,0.0514
9,XGBoost,subclinical_hypothyroid,0.27,0.04794520547945206,-0.2994672754946728,0.0,0.022260273972602742,0.0514
9,XGBoost,subclinical_hypothyroid,0.28,0.04783950617283951,-0.3175154320987655,0.0,0.020833333333333332,0.0514
9,XGBoost,subclinical_hypothyroid,0.29,0.04773082942097027,-0.33607198748043826,0.0,0.01936619718309859,0.0514
9,XGBoost,subclinical_hypothyroid,0.3,0.04791666666666667,-0.3551587301587302,0.0,0.017857142857142856,0.0514
