run_id,condition,model,n_features,accuracy,precision_weighted,recall_weighted,specificity_macro,f1_weighted,f1_macro,roc_auc_ovr,cv_mean,cv_std,cm_00,cm_01,cm_02,cm_10,cm_11,cm_12,cm_20,cm_21,cm_22,sens_hyperthyroid,spec_hyperthyroid,prec_hyperthyroid,f1_hyperthyroid,prauc_hyperthyroid,sens_subnormal,spec_subnormal,prec_subnormal,f1_subnormal,prauc_subnormal,sens_normal,spec_normal,prec_normal,f1_normal,prauc_normal
0,A_baseline,Logistic Regression,21,0.9555555555555556,0.9517851061131675,0.9555555555555556,0.8322493942546073,0.9482992639450204,0.7574532888186024,0.9679301975244008,0.9801026211674531,0.01756260245915179,26,2,5,0,26,48,6,3,1324,0.7878787878787878,0.9957356076759062,0.8125,0.8,0.8574720305634449,0.35135135135135137,0.9963396778916545,0.8387096774193549,0.4952380952380952,0.7958900406360259,0.9932483120780196,0.5046728971962616,0.9615105301379812,0.9771217712177123,0.9939715623850425
0,A_baseline,Decision Tree,21,0.9944444444444445,0.9944961385275108,0.9944444444444445,0.9894483198164639,0.9944608775442109,0.96990808990809,0.993233485425313,0.996761345237912,0.0033963050653620214,31,0,2,0,73,1,2,3,1328,0.9393939393939394,0.9985785358919688,0.9393939393939394,0.9393939393939394,0.9344614980978617,0.9864864864864865,0.9978038067349927,0.9605263157894737,0.9733333333333333,0.9482406748854117,0.9962490622655664,0.9719626168224299,0.9977460555972952,0.9969969969969971,0.9990127953698077
0,A_baseline,KNN,21,0.95,0.9444708129045264,0.95,0.7814434212266755,0.9330908346071272,0.6891786142547017,0.8863121885725155,0.8930530061945218,0.03216164890005962,26,2,5,0,9,65,0,0,1333,0.7878787878787878,1.0,1.0,0.8813559322033898,0.8595807218292986,0.12162162162162163,0.9985358711566618,0.8181818181818182,0.21176470588235297,0.37527613224269274,1.0,0.34579439252336447,0.9501069137562367,0.9744152046783625,0.9831079076532276
0,A_baseline,SVM (RBF),21,0.9402777777777778,0.8920861331860535,0.9402777777777778,0.7349655815271662,0.9147514069264069,0.5848138528138528,0.9898224935628556,0.9925561864956707,0.0038463212954957925,22,0,11,0,0,74,1,0,1332,0.6666666666666666,0.9992892679459844,0.9565217391304348,0.7857142857142856,0.9017385753159679,0.0,1.0,0.0,0.0,0.8701318496786691,0.9992498124531133,0.205607476635514,0.940014114326041,0.9687272727272728,0.9991603715640177
0,A_baseline,SVM (Linear),21,0.9631944444444445,0.9614655573674213,0.9631944444444445,0.863646063703575,0.9587994035677088,0.8062563163787555,0.9841697988474812,0.9904378112763765,0.008534411351043724,27,1,5,1,35,38,5,3,1325,0.8181818181818182,0.9957356076759062,0.8181818181818182,0.8181818181818182,0.9215696807297278,0.47297297297297297,0.9970717423133236,0.8974358974358975,0.6194690265486726,0.8736572197501651,0.9939984996249063,0.5981308411214953,0.9685672514619883,0.9811181044057756,0.9973378698149837
0,A_baseline,Random Forest,21,0.9965277777777778,0.9965675847416043,0.9965277777777778,0.993051627561751,0.9965426735926373,0.9799447314918739,0.9995933939823464,0.9995809665220508,0.0006835966154715077,32,0,1,0,73,1,2,1,1330,0.9696969696969697,0.9985785358919688,0.9411764705882353,0.955223880597015,0.9897554140965565,0.9864864864864865,0.9992679355783309,0.9864864864864865,0.9864864864864865,0.9992766495523757,0.9977494373593399,0.9813084112149533,0.9984984984984985,0.9981238273921201,0.9999634663135563
0,A_baseline,AdaBoost,21,0.9763888888888889,0.9831768493560946,0.9763888888888889,0.9917174914661858,0.978232118990228,0.9266308414618801,0.9905227584869215,0.9896041534465244,0.0031596221541163455,33,0,0,0,74,0,2,32,1299,1.0,0.9985785358919688,0.9428571428571428,0.9705882352941176,0.9428571428571428,1.0,0.9765739385065886,0.6981132075471698,0.8222222222222222,0.6981132075471698,0.9744936234058514,1.0,1.0,0.9870820668693009,0.9986241407623555
0,A_baseline,Bagging,21,0.9951388888888889,0.9952428989139516,0.9951388888888889,0.9925635846139717,0.9951682273379715,0.9781341913231759,0.9997778248233395,0.999773936475823,0.00037901580590432235,33,0,0,0,72,2,2,3,1328,1.0,0.9985785358919688,0.9428571428571428,0.9705882352941176,0.9914240960988163,0.972972972972973,0.9978038067349927,0.96,0.9664429530201343,0.9987549546850196,0.9962490622655664,0.9813084112149533,0.9984962406015038,0.997371385655276,0.9999815199938136
0,A_baseline,XGBoost,21,0.9916666666666667,0.9916020076395657,0.9916666666666667,0.9769872606264327,0.9916265463117037,0.9569867081111458,0.9996134042087348,0.99970135890362,0.0003034152822649052,30,0,3,0,70,4,2,3,1328,0.9090909090909091,0.9985785358919688,0.9375,0.923076923076923,0.9891709978898355,0.9459459459459459,0.9978038067349927,0.958904109589041,0.9523809523809523,0.9951259587076947,0.9962490622655664,0.9345794392523364,0.9947565543071161,0.9955022488755622,0.999968072317289
0,A_baseline,Stacking (RF+SVM),21,0.9958333333333333,0.9958333333333333,0.9958333333333333,0.9899363627642432,0.9958333333333333,0.9745432877465886,0.9996660710932255,0.9995317733786125,0.0007694959828770799,31,0,2,0,73,1,2,1,1330,0.9393939393939394,0.9985785358919688,0.9393939393939394,0.9393939393939394,0.9850311570734489,0.9864864864864865,0.9992679355783309,0.9864864864864865,0.9864864864864865,0.999452088148867,0.9977494373593399,0.9719626168224299,0.9977494373593399,0.9977494373593399,0.999972161024717
0,C_HFSonly,Logistic Regression,8,0.9548611111111112,0.9511562802843174,0.9548611111111112,0.8262628861334815,0.9459637468145204,0.7508664565121316,0.9870634724940986,0.9811370206439414,0.014709963357048057,28,2,3,0,22,52,6,2,1325,0.8484848484848485,0.9957356076759062,0.8235294117647058,0.8358208955223881,0.9115252035683259,0.2972972972972973,0.9970717423133236,0.8461538461538461,0.44000000000000006,0.7623459271000367,0.9939984996249063,0.48598130841121495,0.9601449275362319,0.9767784740140066,0.9989553279823769
0,C_HFSonly,Decision Tree,8,0.9944444444444445,0.9948363095238095,0.9944444444444445,0.9980620497873179,0.9945376776072401,0.9762058048474195,0.9972553280558472,0.9953550666262787,0.0015464640678890533,33,0,0,0,74,0,2,6,1325,1.0,0.9985785358919688,0.9428571428571428,0.9705882352941176,0.9428571428571428,1.0,0.9956076134699854,0.925,0.961038961038961,0.925,0.9939984996249063,1.0,1.0,0.9969902182091799,0.999651443851473
0,C_HFSonly,KNN,8,0.9645833333333333,0.9637716744306418,0.9645833333333333,0.8497423360871749,0.9583502396517787,0.8110741502034687,0.9690616765037745,0.9651410045394886,0.017580753667076555,27,2,4,0,30,44,1,0,1332,0.8181818181818182,0.9992892679459844,0.9642857142857143,0.8852459016393442,0.9161714493236233,0.40540540540540543,0.9985358711566618,0.9375,0.5660377358490566,0.8114055372459844,0.9992498124531133,0.5514018691588785,0.9652173913043478,0.9819388131220051,0.9953593054709946
0,C_HFSonly,SVM (RBF),8,0.9826388888888888,0.9823798177847978,0.9826388888888888,0.9336175749352132,0.981884738759695,0.9180249764833254,0.9969097020230505,0.9960562015801466,0.001661431082532621,29,0,4,0,57,17,2,2,1329,0.8787878787878788,0.9985785358919688,0.9354838709677419,0.90625,0.8925064179326828,0.7702702702702703,0.9985358711566618,0.9661016949152542,0.8571428571428571,0.9640208051321046,0.9969992498124531,0.8037383177570093,0.9844444444444445,0.9906820723071189,0.9997478236105319
0,C_HFSonly,SVM (Linear),8,0.9416666666666667,0.9444041396679154,0.9416666666666667,0.7469528193478534,0.9175113827862655,0.6052421843054162,0.9934531040055348,0.9927485200829056,0.0025183421671419104,25,0,8,0,1,73,3,0,1330,0.7575757575757576,0.997867803837953,0.8928571428571429,0.819672131147541,0.9302117222352917,0.013513513513513514,1.0,1.0,0.026666666666666665,0.8297629940155732,0.9977494373593399,0.24299065420560748,0.9425939050318922,0.9693877551020408,0.9994803145431511
0,C_HFSonly,Random Forest,8,0.9965277777777778,0.9965675847416043,0.9965277777777778,0.993051627561751,0.9965426735926373,0.9799447314918739,0.999149895481151,0.9985931421238584,0.0009925357150950412,32,0,1,0,73,1,2,1,1330,0.9696969696969697,0.9985785358919688,0.9411764705882353,0.955223880597015,0.9759925468025005,0.9864864864864865,0.9992679355783309,0.9864864864864865,0.9864864864864865,0.9994734994734995,0.9977494373593399,0.9813084112149533,0.9984984984984985,0.9981238273921201,0.9999298353274941
0,C_HFSonly,AdaBoost,8,0.9763888888888889,0.9831768493560946,0.9763888888888889,0.9917174914661858,0.978232118990228,0.9266308414618801,0.9905227584869215,0.9896041534465244,0.0031596221541163455,33,0,0,0,74,0,2,32,1299,1.0,0.9985785358919688,0.9428571428571428,0.9705882352941176,0.9428571428571428,1.0,0.9765739385065886,0.6981132075471698,0.8222222222222222,0.6981132075471698,0.9744936234058514,1.0,1.0,0.9870820668693009,0.9986241407623555
0,C_HFSonly,Bagging,8,0.9972222222222222,0.9973005438088082,0.9972222222222222,0.9961668923592587,0.9972416043494475,0.9851910734263676,0.9997355031366068,0.9984409787709202,0.0012417863448774507,33,0,0,0,73,1,2,1,1330,1.0,0.9985785358919688,0.9428571428571428,0.9705882352941176,0.9783251210845546,0.9864864864864865,0.9992679355783309,0.9864864864864865,0.9864864864864865,0.9996443812233285,0.9977494373593399,0.9906542056074766,0.9992486851990984,0.9984984984984986,0.9999778226920659
0,C_HFSonly,XGBoost,8,0.9944444444444445,0.994485229276896,0.9944444444444445,0.9865770764928458,0.9944363304682604,0.9754971982318706,0.9997412330530797,0.9985014028834606,0.0008767745961453289,33,0,0,0,70,4,2,2,1329,1.0,0.9985785358919688,0.9428571428571428,0.9705882352941176,0.9962659739537867,0.9459459459459459,0.9985358711566618,0.9722222222222222,0.9589041095890412,0.996446078060484,0.9969992498124531,0.9626168224299065,0.9969992498124531,0.9969992498124531,0.9999787252521555
0,C_HFSonly,Stacking (RF+SVM),8,0.9944444444444445,0.9943600405407219,0.9944444444444445,0.9837058331692276,0.9943814225699651,0.9632459952456204,0.999496325374594,0.9985967879931836,0.0010109097144139119,29,0,4,0,73,1,2,1,1330,0.8787878787878788,0.9985785358919688,0.9354838709677419,0.90625,0.9737558945658482,0.9864864864864865,0.9992679355783309,0.9864864864864865,0.9864864864864865,0.9985346792575708,0.9977494373593399,0.9532710280373832,0.9962546816479401,0.9970014992503748,0.9999587682554484
0,D_SMOTEonly,Logistic Regression,21,0.9673611111111111,0.9755829469345698,0.9673611111111111,0.9771811224278503,0.9697806099338575,0.8587185482564846,0.9753597008981886,0.9873868554941196,0.011076677101794483,31,0,2,0,72,2,19,24,1290,0.9393939393939394,0.9864960909737029,0.62,0.7469879518072288,0.830384475605692,0.972972972972973,0.9824304538799414,0.75,0.8470588235294119,0.8941369507968748,0.967741935483871,0.9626168224299065,0.9969088098918083,0.9821088694328131,0.9955149086780438
0,D_SMOTEonly,Decision Tree,21,0.9944444444444445,0.9948363095238095,0.9944444444444445,0.9980620497873179,0.9945376776072401,0.9762058048474195,0.9972553280558472,0.9953796003490482,0.0015209095954281224,33,0,0,0,74,0,2,6,1325,1.0,0.9985785358919688,0.9428571428571428,0.9705882352941176,0.9428571428571428,1.0,0.9956076134699854,0.925,0.961038961038961,0.925,0.9939984996249063,1.0,1.0,0.9969902182091799,0.999651443851473
0,D_SMOTEonly,KNN,21,0.8770833333333333,0.9390581904699925,0.8770833333333333,0.8937190646833209,0.9004951465475108,0.7002436375697353,0.9045177432999241,0.915412344303042,0.031868606532949074,28,3,2,1,53,20,10,141,1182,0.8484848484848485,0.992181947405828,0.717948717948718,0.7777777777777778,0.7430163717929763,0.7162162162162162,0.8945827232796486,0.26903553299492383,0.39114391143911437,0.38599134805944846,0.886721680420105,0.794392523364486,0.9817275747508306,0.9318092234923139,0.9871328458263485
0,D_SMOTEonly,SVM (RBF),21,0.9743055555555555,0.9750917901699742,0.9743055555555555,0.9479452203471167,0.9746290916685655,0.8786056049213945,0.9861243298155453,0.9894109053876156,0.008530332162017084,27,1,5,0,64,10,6,15,1312,0.8181818181818182,0.9957356076759062,0.8181818181818182,0.8181818181818182,0.8883332798525114,0.8648648648648649,0.9882869692532943,0.8,0.8311688311688312,0.9171137535078495,0.9842460615153789,0.8598130841121495,0.9886963074604371,0.9864661654135339,0.9987406150972195
0,D_SMOTEonly,SVM (Linear),21,0.9680555555555556,0.9761137461924677,0.9680555555555556,0.9802537224900512,0.9703198846301717,0.8708454753093116,0.987412361768481,0.9914893608398868,0.006888877177766404,31,0,2,0,73,1,13,30,1290,0.9393939393939394,0.9907604832977968,0.7045454545454546,0.8051948051948052,0.9268698713252115,0.9864864864864865,0.9780380673499268,0.7087378640776699,0.8248587570621468,0.9354157711257681,0.967741935483871,0.9719626168224299,0.9976798143851509,0.9824828636709825,0.9980150300773062
0,D_SMOTEonly,Random Forest,21,0.9958333333333333,0.9959654328478583,0.9958333333333333,0.9956788494114793,0.995869146210116,0.9805558747415821,0.9996814599262702,0.9995042634280337,0.0008767282322233895,33,0,0,0,73,1,2,3,1328,1.0,0.9985785358919688,0.9428571428571428,0.9705882352941176,0.993370604729817,0.9864864864864865,0.9978038067349927,0.9605263157894737,0.9733333333333333,0.9987549546850195,0.9962490622655664,0.9906542056074766,0.999247554552295,0.9977460555972952,0.9999732571298382
0,D_SMOTEonly,AdaBoost,21,0.9763888888888889,0.9831768493560946,0.9763888888888889,0.9917174914661858,0.978232118990228,0.9266308414618801,0.9905227584869215,0.9895488983213815,0.0031484930399135066,33,0,0,0,74,0,2,32,1299,1.0,0.9985785358919688,0.9428571428571428,0.9705882352941176,0.9428571428571428,1.0,0.9765739385065886,0.6981132075471698,0.8222222222222222,0.6981132075471698,0.9744936234058514,1.0,1.0,0.9870820668693009,0.9986241407623555
0,D_SMOTEonly,Bagging,21,0.9958333333333333,0.9959654328478583,0.9958333333333333,0.9956788494114793,0.995869146210116,0.9805558747415821,0.9994768476959223,0.9996365551639427,0.0004443879821925712,33,0,0,0,73,1,2,3,1328,1.0,0.9985785358919688,0.9428571428571428,0.9705882352941176,0.9641498255090377,0.9864864864864865,0.9978038067349927,0.9605263157894737,0.9733333333333333,0.9987403348019787,0.9962490622655664,0.9906542056074766,0.999247554552295,0.9977460555972952,0.9999324846424872
0,D_SMOTEonly,XGBoost,21,0.9923611111111111,0.9923208317716142,0.9923611111111111,0.9801025254239404,0.9923358338220545,0.9594706326989791,0.9994174904187207,0.9995138768242203,0.0005305135314300176,30,0,3,0,71,3,2,3,1328,0.9090909090909091,0.9985785358919688,0.9375,0.923076923076923,0.9897554140965565,0.9594594594594594,0.9978038067349927,0.9594594594594594,0.9594594594594594,0.9924424781655868,0.9962490622655664,0.9439252336448598,0.9955022488755623,0.995875515560555,0.9999522186420615
0,D_SMOTEonly,Stacking (RF+SVM),21,0.9951388888888889,0.9950975684032984,0.9951388888888889,0.9868210979667354,0.9951130908315949,0.9689795792157997,0.9994927818090135,0.9994612720557191,0.0007415843497697966,30,0,3,0,73,1,2,1,1330,0.9090909090909091,0.9985785358919688,0.9375,0.923076923076923,0.9834937575490803,0.9864864864864865,0.9992679355783309,0.9864864864864865,0.9864864864864865,0.9983912483912483,0.9977494373593399,0.9626168224299065,0.9970014992503748,0.9973753280839895,0.9999577116246717
0,B_HFS_SMOTE,Logistic Regression,8,0.9659722222222222,0.976883484968757,0.9659722222222222,0.988185163563761,0.9689184418321098,0.8616254410314322,0.9914536377331826,0.9902057763765978,0.005764541702016246,33,0,0,0,74,0,20,29,1284,1.0,0.9857853589196873,0.6226415094339622,0.7674418604651162,0.9000587117610197,1.0,0.9787701317715959,0.7184466019417476,0.8361581920903954,0.8862260398081739,0.9632408102025506,1.0,1.0,0.9812762705387847,0.9993019880743581
0,B_HFS_SMOTE,Decision Tree,8,0.9944444444444445,0.9948363095238095,0.9944444444444445,0.9980620497873179,0.9945376776072401,0.9762058048474195,0.9972553280558472,0.9956746228554161,0.0014896500095533708,33,0,0,0,74,0,2,6,1325,1.0,0.9985785358919688,0.9428571428571428,0.9705882352941176,0.9428571428571428,1.0,0.9956076134699854,0.925,0.961038961038961,0.925,0.9939984996249063,1.0,1.0,0.9969902182091799,0.999651443851473
0,B_HFS_SMOTE,KNN,8,0.9534722222222223,0.965460768655213,0.9534722222222223,0.9579089223858768,0.9574395091761504,0.8245803390841558,0.9767272796254447,0.979435820221717,0.010237546860678803,31,2,0,1,64,9,13,42,1278,0.9393939393939394,0.9900497512437811,0.6888888888888889,0.7948717948717948,0.8543951712134382,0.8648648648648649,0.9677891654465594,0.5925925925925926,0.7032967032967032,0.8380594325102492,0.9587396849212303,0.9158878504672897,0.993006993006993,0.9755725190839695,0.9967323286190719
0,B_HFS_SMOTE,SVM (RBF),8,0.98125,0.9852080287524367,0.98125,0.9934469741510671,0.9822649064233359,0.9299781839735558,0.997377600989975,0.9956275555360289,0.0022279116064194623,33,0,0,0,74,0,5,22,1306,1.0,0.9964463397299218,0.868421052631579,0.9295774647887324,0.8857222943067143,1.0,0.9838945827232797,0.7708333333333334,0.8705882352941177,0.9687453207723912,0.9797449362340586,1.0,1.0,0.9897688518378175,0.9997887291924306
0,B_HFS_SMOTE,SVM (Linear),8,0.9645833333333333,0.976112975729721,0.9645833333333333,0.9876900098267639,0.967687951889204,0.8597299807962275,0.9955903052344282,0.9939277791926182,0.002122961300856642,33,0,0,0,74,0,19,32,1282,1.0,0.9864960909737029,0.6346153846153846,0.7764705882352941,0.954252837515924,1.0,0.9765739385065886,0.6981132075471698,0.8222222222222222,0.9406393146354382,0.9617404351087772,1.0,1.0,0.9804971319311663,0.9996394496955182
0,B_HFS_SMOTE,Random Forest,8,0.9965277777777778,0.9966240949596212,0.9965277777777778,0.995922870885369,0.9965532378515887,0.9828588084771318,0.9997209535567423,0.9988641503668989,0.0006417263453092539,33,0,0,0,73,1,2,2,1329,1.0,0.9985785358919688,0.9428571428571428,0.9705882352941176,0.9908003461759713,0.9864864864864865,0.9985358711566618,0.9733333333333334,0.9798657718120806,0.9994734994734994,0.9969992498124531,0.9906542056074766,0.9992481203007518,0.9981224183251972,0.9999765882399643
0,B_HFS_SMOTE,AdaBoost,8,0.9604166666666667,0.9746084996024,0.9604166666666667,0.9862685457187327,0.9643443458481147,0.8418831654554153,0.9905227584869215,0.9895865103990745,0.0031546620862019114,33,0,0,0,74,0,25,32,1276,1.0,0.9822316986496091,0.5689655172413793,0.7252747252747253,0.9428571428571428,1.0,0.9765739385065886,0.6981132075471698,0.8222222222222222,0.6981132075471698,0.9572393098274569,1.0,1.0,0.9781525488692985,0.9986241407623555
0,B_HFS_SMOTE,Bagging,8,0.9972222222222222,0.9973005438088082,0.9972222222222222,0.9961668923592587,0.9972416043494475,0.9851910734263676,0.9994212324269723,0.9984204131113058,0.0007221320212491719,33,0,0,0,73,1,2,1,1330,1.0,0.9985785358919688,0.9428571428571428,0.9705882352941176,0.9568805243349277,0.9864864864864865,0.9992679355783309,0.9864864864864865,0.9864864864864865,0.9992908844260195,0.9977494373593399,0.9906542056074766,0.9992486851990984,0.9984984984984986,0.9999375161434303
0,B_HFS_SMOTE,XGBoost,8,0.9958333333333333,0.9959106114271403,0.9958333333333333,0.9928076060878613,0.9958521941058704,0.9804363186716127,0.9994751520656675,0.9981232881643537,0.0011130916162249765,33,0,0,0,72,2,2,2,1329,1.0,0.9985785358919688,0.9428571428571428,0.9705882352941176,0.9873302605961344,0.972972972972973,0.9985358711566618,0.972972972972973,0.972972972972973,0.9954071266824359,0.9969992498124531,0.9813084112149533,0.9984973703981969,0.9977477477477477,0.9999569647336817
0,B_HFS_SMOTE,Stacking (RF+SVM),8,0.9972222222222222,0.9973005438088082,0.9972222222222222,0.9961668923592587,0.9972416043494475,0.9851910734263676,0.9996825063107,0.9986586994564611,0.0011563683496689846,33,0,0,0,73,1,2,1,1330,1.0,0.9985785358919688,0.9428571428571428,0.9705882352941176,0.9917452793789692,0.9864864864864865,0.9992679355783309,0.9864864864864865,0.9864864864864865,0.9994617661758486,0.9977494373593399,0.9906542056074766,0.9992486851990984,0.9984984984984986,0.999973363431586
0,NAIVE_majority,DummyClassifier,21,0.9256944444444445,0.8569102044753086,0.9256944444444445,0.6666666666666666,0.8899752574428018,0.32047121048202915,,,,0,0,33,0,0,74,0,0,1333,0.0,1.0,0.0,0.0,,0.0,1.0,0.0,0.0,,1.0,0.0,0.9256944444444445,0.9614136314460874,
1,A_baseline,Logistic Regression,21,0.9541666666666667,0.9486685784618637,0.9541666666666667,0.82889010798321,0.9455045333121079,0.7479849290733248,0.978679047406113,0.97822831716124,0.01355423226528992,28,3,2,0,22,52,6,3,1324,0.8484848484848485,0.9957356076759062,0.8235294117647058,0.8358208955223881,0.8924176035625095,0.2972972972972973,0.9956076134699854,0.7857142857142857,0.43137254901960786,0.7893720367244472,0.9932483120780196,0.4953271028037383,0.9608127721335269,0.9767613426779787,0.9976092258049875
1,A_baseline,Decision Tree,21,0.9944444444444445,0.9946759259259259,0.9944444444444445,0.9865912980712813,0.9944983758120939,0.9679486088413657,0.9988540238221171,0.9934914354979825,0.007938151074013742,32,0,1,0,71,3,4,0,1329,0.9696969696969697,0.9971570717839374,0.8888888888888888,0.927536231884058,0.9136071136071136,0.9594594594594594,1.0,1.0,0.9793103448275862,0.9994594594594595,0.9969992498124531,0.9626168224299065,0.9969992498124531,0.9969992498124531,0.9998282701293295
1,A_baseline,KNN,21,0.9465277777777777,0.9353804567813241,0.9465277777777777,0.7744950487884265,0.9283194241390513,0.6576510721247564,0.8950258853018886,0.8929172715843746,0.020054126127629808,25,3,5,0,7,67,2,0,1331,0.7575757575757576,0.9985785358919688,0.9259259259259259,0.8333333333333334,0.9011634703680158,0.0945945945945946,0.9978038067349927,0.7,0.16666666666666669,0.3741730909704654,0.9984996249062266,0.32710280373831774,0.9486813970064149,0.972953216374269,0.9841993288195046
1,A_baseline,SVM (RBF),21,0.9527777777777777,0.9486933009601589,0.9527777777777777,0.8025324319659966,0.9408613919718961,0.7171419109294831,0.994598652736094,0.9924063897496078,0.0022938629055563272,24,3,6,0,17,57,2,0,1331,0.7272727272727273,0.9985785358919688,0.9230769230769231,0.8135593220338984,0.9554167791713661,0.22972972972972974,0.9978038067349927,0.85,0.3617021276595745,0.9149652844194591,0.9984996249062266,0.411214953271028,0.9548063127690101,0.9761642830949762,0.9995617841175332
1,A_baseline,SVM (Linear),21,0.9402777777777778,0.8924727499833657,0.9402777777777778,0.7407151789636202,0.915347353383727,0.5940803469659001,0.995149104630882,0.9924043305543477,0.0025065094355362218,24,0,9,0,0,74,2,1,1330,0.7272727272727273,0.9985785358919688,0.9230769230769231,0.8135593220338984,0.940721309779809,0.0,0.9992679355783309,0.0,0.0,0.856500387931875,0.9977494373593399,0.22429906542056074,0.9412597310686482,0.9686817188638019,0.9996187426714773
1,A_baseline,Random Forest,21,0.9944444444444445,0.994728135862162,0.9944444444444445,0.9952050280421356,0.9945338790582162,0.9660796584045445,0.9986489875736142,0.9996196360293768,0.0005488914538446863,32,1,0,0,73,1,4,2,1327,0.9696969696969697,0.9971570717839374,0.8888888888888888,0.927536231884058,0.9581483483454499,0.9864864864864865,0.9978038067349927,0.9605263157894737,0.9733333333333333,0.9992840208629681,0.9954988747186797,0.9906542056074766,0.9992469879518072,0.997369409996242,0.9998863145224177
1,A_baseline,AdaBoost,21,0.9736111111111111,0.9809607321399775,0.9736111111111111,0.9907698487274983,0.9755692436157619,0.9081430745814307,0.9881407543996586,0.9902148603786693,0.002011301170993224,33,0,0,0,74,0,6,32,1295,1.0,0.9957356076759062,0.8461538461538461,0.9166666666666666,0.8461538461538461,1.0,0.9765739385065886,0.6981132075471698,0.8222222222222222,0.6981132075471698,0.9714928732183046,1.0,1.0,0.9855403348554034,0.9983975584367184
1,A_baseline,Bagging,21,0.9958333333333333,0.9961315466480757,0.9958333333333333,0.9928218276662969,0.995901621411039,0.9756354201559682,0.9990017867403146,0.999780104354073,0.0003170729308517831,33,0,0,0,72,2,4,0,1329,1.0,0.9971570717839374,0.8918918918918919,0.9428571428571428,0.9164253608316336,0.972972972972973,1.0,1.0,0.9863013698630138,0.9998198198198198,0.9969992498124531,0.9813084112149533,0.9984973703981969,0.9977477477477477,0.9998778853175238
1,A_baseline,XGBoost,21,0.9958333333333333,0.9959523809523809,0.9958333333333333,0.989943473553461,0.9958646700689407,0.9750757592701964,0.9985039023550358,0.9997776984968147,0.00023514275784805274,32,0,1,0,72,2,3,0,1330,0.9696969696969697,0.997867803837953,0.9142857142857143,0.9411764705882354,0.9686473914540146,0.972972972972973,1.0,1.0,0.9863013698630138,0.9993069993069992,0.9977494373593399,0.9719626168224299,0.9977494373593399,0.9977494373593399,0.9998783803091615
1,A_baseline,Stacking (RF+SVM),21,0.9944444444444445,0.994618560289613,0.9944444444444445,0.9923337847185175,0.9945099718657602,0.9630006211165698,0.998759050598577,0.9997384050264252,0.0003385704085768148,31,1,1,0,73,1,4,1,1328,0.9393939393939394,0.9971570717839374,0.8857142857142857,0.9117647058823529,0.9491763739451988,0.9864864864864865,0.9985358711566618,0.9733333333333334,0.9798657718120806,0.9981873445949869,0.9962490622655664,0.9813084112149533,0.9984962406015038,0.997371385655276,0.99989992059965
1,C_HFSonly,Logistic Regression,8,0.9541666666666667,0.9477011087806343,0.9541666666666667,0.8231333997575381,0.9444544737461136,0.7403074374079529,0.9727075143924486,0.9800277006995547,0.011807447929901488,27,4,2,0,20,54,4,2,1327,0.8181818181818182,0.9971570717839374,0.8709677419354839,0.84375,0.88007597903415,0.2702702702702703,0.9956076134699854,0.7692307692307693,0.4,0.781540653607246,0.9954988747186797,0.4766355140186916,0.9595083152566883,0.9771723122238586,0.9961658396182616
1,C_HFSonly,Decision Tree,8,0.9923611111111111,0.9925863269284322,0.9923611111111111,0.9858592336496121,0.9924322914115605,0.9609550038863169,0.9931580565440936,0.9960525133853336,0.0043162387847009934,32,0,1,0,71,3,4,3,1326,0.9696969696969697,0.9971570717839374,0.8888888888888888,0.927536231884058,0.9035944118605408,0.9594594594594594,0.9978038067349927,0.9594594594594594,0.9594594594594594,0.9590239928077766,0.994748687171793,0.9626168224299065,0.9969924812030075,0.9958693203154337,0.9990041810921674
1,C_HFSonly,KNN,8,0.9541666666666667,0.9513302404295051,0.9541666666666667,0.803013364124558,0.9412055499145663,0.7304852735841632,0.9656392293552704,0.9513669446850603,0.014387666605181296,27,2,4,0,15,59,1,0,1332,0.8181818181818182,0.9992892679459844,0.9642857142857143,0.8852459016393442,0.938202635157886,0.20270270270270271,0.9985358711566618,0.8823529411764706,0.3296703296703297,0.7366357780323964,0.9992498124531133,0.411214953271028,0.9548387096774194,0.9765395894428153,0.9948624604924681
1,C_HFSonly,SVM (RBF),8,0.98125,0.9806327049623085,0.98125,0.9360007753110521,0.9805580362586578,0.911594600526778,0.9959029500351743,0.9957004729350751,0.002241842094769758,29,1,3,0,57,17,2,4,1327,0.8787878787878788,0.9985785358919688,0.9354838709677419,0.90625,0.9390010046821587,0.7702702702702703,0.9963396778916545,0.9193548387096774,0.8382352941176471,0.9528305466399662,0.9954988747186797,0.8130841121495327,0.9851521900519673,0.9902985074626867,0.9996549544158775
1,C_HFSonly,SVM (Linear),8,0.9395833333333333,0.8917860286028603,0.9395833333333333,0.7375999141661124,0.9145521429159221,0.5871441781839332,0.9942864764904865,0.9919827451619341,0.00258979914070886,23,0,10,0,0,74,2,1,1330,0.696969696969697,0.9985785358919688,0.92,0.793103448275862,0.9364843433006665,0.0,0.9992679355783309,0.0,0.0,0.8411577866817733,0.9977494373593399,0.21495327102803738,0.9405940594059405,0.9683290862759374,0.9995505638357071
1,C_HFSonly,Random Forest,8,0.9944444444444445,0.9948871948871949,0.9944444444444445,0.9980762713657537,0.9945519987264374,0.9711771905308795,0.9983777376841052,0.9991933389129566,0.0007566807759083092,33,0,0,0,74,0,4,4,1325,1.0,0.9971570717839374,0.8918918918918919,0.9428571428571428,0.9647963175112201,1.0,0.9970717423133236,0.9487179487179487,0.9736842105263158,0.970736823629395,0.9939984996249063,1.0,1.0,0.9969902182091799,0.9998647908810321
1,C_HFSonly,AdaBoost,8,0.9736111111111111,0.9809607321399775,0.9736111111111111,0.9907698487274983,0.9755692436157619,0.9081430745814307,0.9881407543996586,0.9902148603786693,0.002011301170993224,33,0,0,0,74,0,6,32,1295,1.0,0.9957356076759062,0.8461538461538461,0.9166666666666666,0.8461538461538461,1.0,0.9765739385065886,0.6981132075471698,0.8222222222222222,0.6981132075471698,0.9714928732183046,1.0,1.0,0.9855403348554034,0.9983975584367184
1,C_HFSonly,Bagging,8,0.9930555555555556,0.9933085444360839,0.9930555555555556,0.9889744984471199,0.9931374729358713,0.9634075369665615,0.9982309394057746,0.9989808873500324,0.0008467808025916783,32,0,1,0,72,2,4,3,1326,0.9696969696969697,0.9971570717839374,0.8888888888888888,0.927536231884058,0.9377366951230588,0.972972972972973,0.9978038067349927,0.96,0.9664429530201343,0.9716406352281977,0.994748687171793,0.9719626168224299,0.9977426636568849,0.9962434259954921,0.9998271854424506
1,C_HFSonly,XGBoost,8,0.9951388888888889,0.9953093671679198,0.9951388888888889,0.9925706954031893,0.995181440604019,0.9756220325862279,0.9982138719718182,0.9989654556701206,0.0010532202342716215,33,0,0,0,72,2,3,2,1328,1.0,0.997867803837953,0.9166666666666666,0.9565217391304348,0.9675778848837471,0.972972972972973,0.9985358711566618,0.972972972972973,0.972972972972973,0.9389746408157136,0.9962490622655664,0.9813084112149533,0.9984962406015038,0.997371385655276,0.9998581071093203
1,C_HFSonly,Stacking (RF+SVM),8,0.99375,0.9938882698899629,0.99375,0.9920826524554099,0.9937823757364861,0.9599232868045395,0.9984433273970534,0.9991335400297432,0.0008064360984429964,30,1,2,0,74,0,3,3,1327,0.9090909090909091,0.997867803837953,0.9090909090909091,0.9090909090909091,0.9645058671735938,1.0,0.9970717423133236,0.9487179487179487,0.9736842105263158,0.9746366725303152,0.9954988747186797,0.9813084112149533,0.9984951091045899,0.9969947407963937,0.9998750450936031
1,D_SMOTEonly,Logistic Regression,21,0.975,0.9814074586348176,0.975,0.9884790886114913,0.9768847950890471,0.8792951754227382,0.9927010720388938,0.9875251739531878,0.010910415753097381,32,1,0,1,72,1,18,15,1300,0.9696969696969697,0.9864960909737029,0.6274509803921569,0.761904761904762,0.8782264156117248,0.972972972972973,0.9882869692532943,0.8181818181818182,0.8888888888888891,0.9297742023092188,0.9752438109527382,0.9906542056074766,0.9992313604919293,0.9870918754745635,0.9994061068423815
1,D_SMOTEonly,Decision Tree,21,0.9916666666666667,0.9925089723870212,0.9916666666666667,0.9971001854701949,0.9918696424009157,0.9623512048530888,0.9955464360453754,0.9961109667146217,0.0015355783990883296,33,0,0,0,74,0,4,8,1321,1.0,0.9971570717839374,0.8918918918918919,0.9428571428571428,0.8918918918918919,1.0,0.9941434846266471,0.9024390243902439,0.9487179487179488,0.9024390243902439,0.9909977494373593,1.0,1.0,0.9954785229841747,0.9994604837358069
1,D_SMOTEonly,KNN,21,0.8861111111111111,0.938562954455535,0.8861111111111111,0.8940414328879224,0.9059289566909129,0.7069567263608816,0.9191793938015291,0.9107196944901134,0.027606383574349393,30,3,0,0,51,23,14,124,1195,0.9090909090909091,0.9900497512437811,0.6818181818181818,0.7792207792207791,0.7764618440754804,0.6891891891891891,0.9070278184480234,0.28651685393258425,0.4047619047619047,0.4170723948252191,0.8964741185296324,0.7850467289719626,0.9811165845648604,0.9368874950999608,0.9895114394860123
1,D_SMOTEonly,SVM (RBF),21,0.9840277777777777,0.9842818002894305,0.9840277777777777,0.9599823617416446,0.9839758166897785,0.9142972543401423,0.9854518542471845,0.9895443887404938,0.004148776604666831,30,0,3,2,63,9,5,4,1324,0.9090909090909091,0.9950248756218906,0.8108108108108109,0.8571428571428571,0.9089722755017953,0.8513513513513513,0.9970717423133236,0.9402985074626866,0.8936170212765957,0.9405909166351043,0.9932483120780196,0.8878504672897196,0.9910179640718563,0.9921318846009742,0.9982763700241827
1,D_SMOTEonly,SVM (Linear),21,0.9736111111111111,0.9805851223055457,0.9736111111111111,0.9879839348744941,0.9755228005085704,0.8835945629339738,0.9949753709763731,0.991684867283243,0.006294394822191711,33,0,0,0,73,1,18,19,1296,1.0,0.9872068230277186,0.6470588235294118,0.7857142857142858,0.9344641710683421,0.9864864864864865,0.986090775988287,0.7934782608695652,0.8795180722891566,0.9508151075766654,0.9722430607651913,0.9906542056074766,0.9992289899768697,0.985551330798479,0.9995882588220509
1,D_SMOTEonly,Random Forest,21,0.9965277777777778,0.996984649122807,0.9965277777777778,0.9988154465766406,0.9966467769832491,0.9758994906429684,0.9987398644110704,0.9996356730927116,0.0005512415024253841,33,0,0,0,74,0,5,0,1328,1.0,0.9964463397299218,0.868421052631579,0.9295774647887324,0.9606932316223435,1.0,1.0,1.0,1.0,0.9999999999999999,0.9962490622655664,1.0,1.0,0.9981210071401729,0.9998927140023743
1,D_SMOTEonly,AdaBoost,21,0.95625,0.9733861127489518,0.95625,0.9848470816107012,0.9611358771814918,0.8261439168275452,0.9881407543996586,0.9902016784023333,0.0020129929738743097,33,0,0,0,74,0,31,32,1270,1.0,0.9779673063255153,0.515625,0.6804123711340206,0.8461538461538461,1.0,0.9765739385065886,0.6981132075471698,0.8222222222222222,0.6981132075471698,0.9527381845461366,1.0,1.0,0.9757971571263926,0.9983975584367184
1,D_SMOTEonly,Bagging,21,0.9972222222222222,0.9975225225225226,0.9972222222222222,0.9990523572613125,0.9972995003160292,0.9804515044184465,0.9987923897608826,0.9994331351708263,0.0006393532715303635,33,0,0,0,74,0,4,0,1329,1.0,0.9971570717839374,0.8918918918918919,0.9428571428571428,0.9112388935918347,1.0,1.0,1.0,1.0,1.0,0.9969992498124531,1.0,1.0,0.9984973703981969,0.9998316442849451
1,D_SMOTEonly,XGBoost,21,0.9958333333333333,0.9961315466480757,0.9958333333333333,0.9928218276662969,0.995901621411039,0.9756354201559682,0.9984753401345878,0.9995841554806735,0.00046831718996478955,33,0,0,0,72,2,4,0,1329,1.0,0.9971570717839374,0.8918918918918919,0.9428571428571428,0.951109446468795,0.972972972972973,1.0,1.0,0.9863013698630138,0.996415165165165,0.9969992498124531,0.9813084112149533,0.9984973703981969,0.9977477477477477,0.9998760817102881
1,D_SMOTEonly,Stacking (RF+SVM),21,0.9944444444444445,0.9946727930938457,0.9944444444444445,0.9923337847185175,0.9945171893962896,0.9659601968374356,0.9990460234261759,0.9995540834470891,0.0005439163711104058,32,1,0,0,72,2,4,1,1328,0.9696969696969697,0.9971570717839374,0.8888888888888888,0.927536231884058,0.9712650622408343,0.972972972972973,0.9985358711566618,0.972972972972973,0.972972972972973,0.99823848185842,0.9962490622655664,0.9813084112149533,0.9984962406015038,0.997371385655276,0.9999214383226253
1,B_HFS_SMOTE,Logistic Regression,8,0.9708333333333333,0.9788177534767022,0.9708333333333333,0.9870220705573708,0.9731788009470658,0.8639740523302167,0.9917531598867424,0.9894965200790647,0.005080098494857687,31,2,0,0,73,1,20,19,1294,0.9393939393939394,0.9857853589196873,0.6078431372549019,0.738095238095238,0.900900231216772,0.9864864864864865,0.9846266471449487,0.776595744680851,0.8690476190476191,0.906403156320011,0.9707426856714179,0.9906542056074766,0.9992277992277993,0.9847792998477929,0.9993278990701997
1,B_HFS_SMOTE,Decision Tree,8,0.9916666666666667,0.9925089723870212,0.9916666666666667,0.9971001854701949,0.9918696424009157,0.9623512048530888,0.9955464360453754,0.9961109667146217,0.0015355783990883296,33,0,0,0,74,0,4,8,1321,1.0,0.9971570717839374,0.8918918918918919,0.9428571428571428,0.8918918918918919,1.0,0.9941434846266471,0.9024390243902439,0.9487179487179488,0.9024390243902439,0.9909977494373593,1.0,1.0,0.9954785229841747,0.9994604837358069
1,B_HFS_SMOTE,KNN,8,0.9583333333333334,0.969217788384455,0.9583333333333334,0.9653737809287765,0.9616464029194257,0.842333076581398,0.9732841281891548,0.9637002104541509,0.012774331301213564,32,0,1,0,68,6,16,37,1280,0.9696969696969697,0.9886282871357498,0.6666666666666666,0.7901234567901234,0.8398508631582993,0.918918918918919,0.972913616398243,0.6476190476190476,0.7597765363128492,0.8002727113309983,0.9602400600150037,0.9345794392523364,0.9945609945609946,0.9770992366412213,0.9963159219691097
1,B_HFS_SMOTE,SVM (RBF),8,0.9805555555555555,0.9823816999629282,0.9805555555555555,0.9759897143139046,0.9811573338338782,0.9091537219619893,0.9950604025871244,0.9941940605467398,0.0031438654847269097,30,1,2,0,70,4,7,14,1312,0.9090909090909091,0.9950248756218906,0.8108108108108109,0.8571428571428571,0.9285905917298707,0.9459459459459459,0.9890190336749634,0.8235294117647058,0.8805031446540881,0.944552878443019,0.9842460615153789,0.9439252336448598,0.9954476479514416,0.989815164089023,0.9995934384754671
1,B_HFS_SMOTE,SVM (Linear),8,0.96875,0.9781013071895425,0.96875,0.989154138670102,0.9713306958676052,0.8652327971352669,0.9938475265664052,0.9934603762730502,0.00211526504958098,32,1,0,0,74,0,19,25,1289,0.9696969696969697,0.9864960909737029,0.6274509803921569,0.761904761904762,0.9269402014473225,1.0,0.9809663250366032,0.74,0.8505747126436781,0.9347638068586228,0.9669917479369843,1.0,1.0,0.9832189168573608,0.9994967935140555
1,B_HFS_SMOTE,Random Forest,8,0.99375,0.9944721944721945,0.99375,0.9978464714702996,0.993933721228831,0.9644706127039436,0.9985231908131535,0.9989600648485306,0.0008837886410105284,33,0,0,0,74,0,6,3,1324,1.0,0.9957356076759062,0.8461538461538461,0.9166666666666666,0.9748243147843044,1.0,0.9978038067349927,0.961038961038961,0.9801324503311257,0.9764752046904488,0.9932483120780196,1.0,1.0,0.9966127211140384,0.9998769822492625
1,B_HFS_SMOTE,AdaBoost,8,0.95625,0.9733861127489518,0.95625,0.9848470816107012,0.9611358771814918,0.8261439168275452,0.9881407543996586,0.9902148603786693,0.002011301170993224,33,0,0,0,74,0,31,32,1270,1.0,0.9779673063255153,0.515625,0.6804123711340206,0.8461538461538461,1.0,0.9765739385065886,0.6981132075471698,0.8222222222222222,0.6981132075471698,0.9527381845461366,1.0,1.0,0.9757971571263926,0.9983975584367184
1,B_HFS_SMOTE,Bagging,8,0.9944444444444445,0.9947539548425003,0.9944444444444445,0.9952050280421356,0.99453435723631,0.9682203878060638,0.9983259161395271,0.9988990422782515,0.0008350132155976741,32,0,1,0,74,0,4,3,1326,0.9696969696969697,0.9971570717839374,0.8888888888888888,0.927536231884058,0.9021866229160951,1.0,0.9978038067349927,0.961038961038961,0.9801324503311257,0.995223456281134,0.994748687171793,0.9906542056074766,0.9992464204973625,0.9969924812030077,0.9998098468389545
1,B_HFS_SMOTE,XGBoost,8,0.9916666666666667,0.9922504336527425,0.9916666666666667,0.9913648096121767,0.9918246764382809,0.9595683920694875,0.9969512262026387,0.998450985009562,0.0012965159033253833,33,0,0,0,72,2,5,5,1323,1.0,0.9964463397299218,0.868421052631579,0.9295774647887324,0.9014782403895307,0.972972972972973,0.9963396778916545,0.935064935064935,0.9536423841059603,0.958081121358315,0.9924981245311327,0.9813084112149533,0.9984905660377359,0.9954853273137698,0.9997105544552056
1,B_HFS_SMOTE,Stacking (RF+SVM),8,0.99375,0.9942580299101197,0.99375,0.9949681173574637,0.9938825530873877,0.9665086890067158,0.9982918726384484,0.998908124082368,0.0010168888099107384,33,0,0,0,73,1,5,3,1325,1.0,0.9964463397299218,0.868421052631579,0.9295774647887324,0.9783352055162904,0.9864864864864865,0.9978038067349927,0.9605263157894737,0.9733333333333333,0.9738510281408681,0.9939984996249063,0.9906542056074766,0.9992458521870287,0.996615268898082,0.9998613128697289
1,NAIVE_majority,DummyClassifier,21,0.9256944444444445,0.8569102044753086,0.9256944444444445,0.6666666666666666,0.8899752574428018,0.32047121048202915,,,,0,0,33,0,0,74,0,0,1333,0.0,1.0,0.0,0.0,,0.0,1.0,0.0,0.0,,1.0,0.0,0.9256944444444445,0.9614136314460874,
2,A_baseline,Logistic Regression,21,0.9548611111111112,0.9496924449146765,0.9548611111111112,0.8348837268935537,0.9466198913094044,0.7434772898663634,0.9868959311180987,0.9781827899009914,0.011725545574536917,27,4,2,1,23,50,6,2,1325,0.8181818181818182,0.9950248756218906,0.7941176470588235,0.8059701492537314,0.7991243617744386,0.3108108108108108,0.9956076134699854,0.7931034482758621,0.44660194174757284,0.8063592090186733,0.9939984996249063,0.514018691588785,0.9622367465504721,0.9778597785977861,0.998618477700352
2,A_baseline,Decision Tree,21,0.9979166666666667,0.9979736412108704,0.9979166666666667,0.9992750463675487,0.9979299348586063,0.9902049148424855,0.9992679355783309,0.9954322435452306,0.007627948023241627,33,0,0,0,74,0,1,2,1330,1.0,0.9992892679459844,0.9705882352941176,0.9850746268656716,1.0,1.0,0.9985358711566618,0.9736842105263158,0.9866666666666666,0.9736842105263158,0.9977494373593399,1.0,1.0,0.9988734509951183,0.9998885137951155
2,A_baseline,KNN,21,0.9493055555555555,0.9459406097839058,0.9493055555555555,0.7783352672183854,0.9308067017957957,0.6825472414316675,0.9224772618433388,0.8816411120726046,0.031171486535757346,28,1,4,0,7,67,1,0,1332,0.8484848484848485,0.9992892679459844,0.9655172413793104,0.9032258064516129,0.9176128447484246,0.0945945945945946,0.9992679355783309,0.875,0.17073170731707316,0.47382629610216886,0.9992498124531133,0.3364485981308411,0.9493941553813258,0.9736842105263159,0.9883546474813396
2,A_baseline,SVM (RBF),21,0.9395833333333333,0.942751473063973,0.9395833333333333,0.7318503167296583,0.9145676810359887,0.5707992662473794,0.9948047479409572,0.991918606974197,0.003652451492492581,19,0,14,1,1,72,0,0,1333,0.5757575757575758,0.9992892679459844,0.95,0.7169811320754716,0.9481592912599692,0.013513513513513514,1.0,1.0,0.026666666666666665,0.9058430742603671,1.0,0.19626168224299065,0.9393939393939394,0.96875,0.9995895083525335
2,A_baseline,SVM (Linear),21,0.9416666666666667,0.9445167658676152,0.9416666666666667,0.7440744652350176,0.9173919367507792,0.6032120132279378,0.995629025834693,0.9916279372115794,0.004353015286331768,24,0,9,0,1,73,2,0,1331,0.7272727272727273,0.9985785358919688,0.9230769230769231,0.8135593220338984,0.9423102900387903,0.013513513513513514,1.0,1.0,0.026666666666666665,0.8372006722689315,0.9984996249062266,0.2336448598130841,0.9419674451521586,0.9694100509832484,0.9996571830955705
2,A_baseline,Random Forest,21,0.9972222222222222,0.9973646723646723,0.9972222222222222,0.9990239141044412,0.9972522565609359,0.985724348712273,0.9997963993339203,0.9995684945732755,0.0004877270847426191,32,1,0,0,74,0,0,3,1330,0.9696969696969697,1.0,1.0,0.9846153846153847,0.9999999999999998,1.0,0.9970717423133236,0.9487179487179487,0.9736842105263158,0.9963960898938893,0.9977494373593399,1.0,1.0,0.9988734509951183,0.9999827748191971
2,A_baseline,AdaBoost,21,0.9479166666666666,0.8992163312693499,0.9479166666666666,0.7692334942997517,0.9229214687787786,0.6525641235225842,0.9929308743926787,0.9890174948848142,0.0028346629455137154,33,0,0,0,0,74,1,0,1332,1.0,0.9992892679459844,0.9705882352941176,0.9850746268656716,0.9705882352941176,0.0,1.0,0.0,0.0,0.7474747474747475,0.9992498124531133,0.308411214953271,0.9473684210526315,0.972617743702081,0.9989571680200752
2,A_baseline,Bagging,21,0.9972222222222222,0.9972760032908466,0.9972222222222222,0.9961526707808231,0.9972396980313647,0.9906106106106106,0.9999790044608037,0.9997982523875276,0.00017290853707995564,33,0,0,0,73,1,0,3,1330,1.0,1.0,1.0,1.0,1.0,0.9864864864864865,0.9978038067349927,0.9605263157894737,0.9733333333333333,0.9994734994734995,0.9977494373593399,0.9906542056074766,0.9992486851990984,0.9984984984984986,0.9999983116553001
2,A_baseline,XGBoost,21,0.9972222222222222,0.9973646723646723,0.9972222222222222,0.9990239141044412,0.9972522565609359,0.985724348712273,0.9999785108968774,0.9996079856170142,0.00034177443779371413,32,1,0,0,74,0,0,3,1330,0.9696969696969697,1.0,1.0,0.9846153846153847,0.999108734402852,1.0,0.9970717423133236,0.9487179487179487,0.9736842105263158,0.9994617661758487,0.9977494373593399,1.0,1.0,0.9988734509951183,0.9999983154471254
2,A_baseline,Stacking (RF+SVM),21,0.9972222222222222,0.9973028696987031,0.9972222222222222,0.9961526707808231,0.9972208253282785,0.982585582255466,0.9999141031108556,0.9996395460370587,0.00040157372655069196,31,1,1,0,74,0,0,2,1331,0.9393939393939394,1.0,1.0,0.96875,0.9999999999999998,1.0,0.9978038067349927,0.961038961038961,0.9801324503311257,0.9994520881488669,0.9984996249062266,0.9906542056074766,0.9992492492492493,0.9988742964352721,0.9999927111690767
2,C_HFSonly,Logistic Regression,8,0.9451388888888889,0.9270702027223403,0.9451388888888889,0.7941057091059736,0.9311943105186556,0.6840383941809601,0.9868331673779082,0.9766130369752158,0.008601302697774343,27,5,1,0,10,64,2,7,1324,0.8181818181818182,0.9985785358919688,0.9310344827586207,0.8709677419354839,0.9520660337288559,0.13513513513513514,0.9912152269399708,0.45454545454545453,0.20833333333333334,0.5975155110274545,0.9932483120780196,0.3925233644859813,0.953203743700504,0.9728141072740633,0.9989709384111061
2,C_HFSonly,Decision Tree,8,0.9875,0.9899456521739131,0.9875,0.9956076134699853,0.9881352259491136,0.9615895606595566,0.9968552445232004,0.9925893333484119,0.004271871503954114,33,0,0,0,74,0,0,18,1315,1.0,1.0,1.0,1.0,1.0,1.0,0.986822840409956,0.8043478260869565,0.891566265060241,0.862067824100892,0.986496624156039,1.0,1.0,0.9932024169184289,0.9995797136290742
2,C_HFSonly,KNN,8,0.9666666666666667,0.9643743937376784,0.9666666666666667,0.8705802145633884,0.9622578376149606,0.834420220456149,0.9894352630292413,0.967006934039053,0.015179119276629233,29,1,3,1,35,38,1,4,1328,0.8787878787878788,0.9985785358919688,0.9354838709677419,0.90625,0.9704429499072357,0.47297297297297297,0.9963396778916545,0.875,0.6140350877192983,0.8049219030256356,0.9962490622655664,0.616822429906542,0.9700511322132944,0.9829755736491487,0.9986030186108855
2,C_HFSonly,SVM (RBF),8,0.9423611111111111,0.9290062583905868,0.9423611111111111,0.7558105707925975,0.9214634022708841,0.6233576642335766,0.9934784859665671,0.989169513410109,0.003447563107532811,24,0,9,1,4,69,2,2,1329,0.7272727272727273,0.997867803837953,0.8888888888888888,0.7999999999999999,0.9505413353792127,0.05405405405405406,0.9985358711566618,0.6666666666666666,0.1,0.763876114359202,0.9969992498124531,0.27102803738317754,0.9445628997867804,0.97007299270073,0.9994946864690241
2,C_HFSonly,SVM (Linear),8,0.9402777777777778,0.8916297948476166,0.9402777777777778,0.7407222897528379,0.9149180547585897,0.5829060567357508,0.9899695624568009,0.9835260530847005,0.006880614154910138,23,0,10,1,0,73,2,0,1331,0.696969696969697,0.997867803837953,0.8846153846153846,0.7796610169491526,0.9402816485122067,0.0,1.0,0.0,0.0,0.6656062690425582,0.9984996249062266,0.22429906542056074,0.9413012729844413,0.9690571532580997,0.9992175046651554
2,C_HFSonly,Random Forest,8,0.9923611111111111,0.9931094026154972,0.9923611111111111,0.9944445204635951,0.9925671226321743,0.9752654327350658,0.9985081479226247,0.9958407213948494,0.0017545661582381244,33,0,0,0,73,1,0,10,1323,1.0,1.0,1.0,1.0,1.0,0.9864864864864865,0.9926793557833089,0.8795180722891566,0.9299363057324841,0.9621953252045222,0.9924981245311327,0.9906542056074766,0.9992447129909365,0.9958599924727135,0.9998811271600887
2,C_HFSonly,AdaBoost,8,0.9479166666666666,0.8992163312693499,0.9479166666666666,0.7692334942997517,0.9229214687787786,0.6525641235225842,0.9929308743926787,0.9890174948848142,0.0028346629455137154,33,0,0,0,0,74,1,0,1332,1.0,0.9992892679459844,0.9705882352941176,0.9850746268656716,0.9705882352941176,0.0,1.0,0.0,0.0,0.7474747474747475,0.9992498124531133,0.308411214953271,0.9473684210526315,0.972617743702081,0.9989571680200752
2,C_HFSonly,Bagging,8,0.9888888888888889,0.9891402794615348,0.9888888888888889,0.978875307265274,0.9889892001890759,0.959908786704696,0.9982660720638743,0.9960083629030994,0.001845068179132193,33,0,0,0,68,6,1,9,1323,1.0,0.9992892679459844,0.9705882352941176,0.9850746268656716,1.0,0.918918918918919,0.9934114202049781,0.8831168831168831,0.9006622516556292,0.944702772095717,0.9924981245311327,0.9439252336448598,0.9954853273137697,0.9939894815927873,0.999855686469442
2,C_HFSonly,XGBoost,8,0.9916666666666667,0.9925713376572516,0.9916666666666667,0.9942004989897054,0.9919121003429708,0.9681753366664969,0.9984745949699649,0.9958318364573019,0.001505962700740669,32,1,0,0,73,1,0,10,1323,0.9696969696969697,1.0,1.0,0.9846153846153847,1.0,0.9864864864864865,0.9919472913616398,0.8690476190476191,0.9240506329113924,0.9519357158583244,0.9924981245311327,0.9906542056074766,0.9992447129909365,0.9958599924727135,0.999880440928428
2,C_HFSonly,Stacking (RF+SVM),8,0.9909722222222223,0.9914305137215528,0.9909722222222223,0.9853427475449615,0.9911207364392257,0.9672693084192522,0.9985344980607513,0.9958932809354135,0.0015530719643329857,32,0,1,0,71,3,0,9,1324,0.9696969696969697,1.0,1.0,0.9846153846153847,1.0,0.9594594594594594,0.9934114202049781,0.8875,0.922077922077922,0.9597193503947448,0.9932483120780196,0.9626168224299065,0.9969879518072289,0.9951146185644495,0.9998839009415711
2,D_SMOTEonly,Logistic Regression,21,0.9798611111111111,0.9842850987895566,0.9798611111111111,0.9930158175170304,0.9810439107082167,0.906844819284987,0.9948038495122439,0.9880162263509511,0.008971278708447179,33,0,0,1,73,0,12,16,1305,1.0,0.9907604832977968,0.717391304347826,0.8354430379746834,0.8498004149784306,0.9864864864864865,0.9882869692532943,0.8202247191011236,0.8957055214723927,0.9317690640488593,0.9789947486871718,1.0,1.0,0.9893858984078847,0.999586765046088
2,D_SMOTEonly,Decision Tree,21,0.9944444444444445,0.9948849653029938,0.9944444444444445,0.9980549389981003,0.9945510333857868,0.9789678515840903,0.9975918840942427,0.9955942452261196,0.0015795811583370737,33,0,0,0,74,0,1,7,1325,1.0,0.9992892679459844,0.9705882352941176,0.9850746268656716,0.9705882352941176,1.0,0.9948755490483162,0.9135802469135802,0.9548387096774192,0.9135802469135802,0.9939984996249063,1.0,1.0,0.9969902182091799,0.9996678720118626
2,D_SMOTEonly,KNN,21,0.8819444444444444,0.9466908871467058,0.8819444444444444,0.9270535562956547,0.9052022668125678,0.6997117025512347,0.9398974841318074,0.9028998032652396,0.025169430309028615,29,4,0,4,59,11,13,138,1182,0.8787878787878788,0.9879175550817342,0.6304347826086957,0.7341772151898734,0.7221170033670034,0.7972972972972973,0.8960468521229868,0.2935323383084577,0.4290909090909091,0.48425175227246414,0.886721680420105,0.897196261682243,0.9907795473595976,0.9358669833729215,0.9921940104976217
2,D_SMOTEonly,SVM (RBF),21,0.9611111111111111,0.9714928405973661,0.9611111111111111,0.9720496887362645,0.9643810819015738,0.8536004552016752,0.9930724246278846,0.9861168305009045,0.00820381381176754,31,2,0,1,68,5,9,39,1285,0.9393939393939394,0.9928926794598436,0.7560975609756098,0.8378378378378378,0.9540389281744919,0.918918918918919,0.9699853587115667,0.6238532110091743,0.7431693989071038,0.9249618497767768,0.9639909977494373,0.9532710280373832,0.9961240310077519,0.979794128860084,0.9994236182240361
2,D_SMOTEonly,SVM (Linear),21,0.9770833333333333,0.981714649322691,0.9770833333333333,0.9863043557634533,0.9784126689516963,0.8942727811918217,0.9959009009861065,0.9921896689096068,0.006581093087184396,33,0,0,2,70,2,12,17,1304,1.0,0.9900497512437811,0.7021276595744681,0.825,0.9765726938075421,0.9459459459459459,0.9875549048316252,0.8045977011494253,0.8695652173913044,0.9086940180985803,0.978244561140285,0.9813084112149533,0.998468606431853,0.9882531261841606,0.9996691415275782
2,D_SMOTEonly,Random Forest,21,0.9972222222222222,0.9973238158899924,0.9972222222222222,0.999031024893659,0.9972460130221298,0.9879014825316648,0.9999262614237778,0.9995199299664721,0.0006331837966269922,33,0,0,0,74,0,1,3,1329,1.0,0.9992892679459844,0.9705882352941176,0.9850746268656716,1.0,1.0,0.9978038067349927,0.961038961038961,0.9801324503311257,0.9979837109560632,0.9969992498124531,1.0,1.0,0.9984973703981969,0.9999938249753585
2,D_SMOTEonly,AdaBoost,21,0.9819444444444444,0.9863489882484981,0.9819444444444444,0.9936625524680855,0.983115132475722,0.9435724904989852,0.9929308743926787,0.9890174948848142,0.002834662945513718,33,0,0,0,74,0,1,25,1307,1.0,0.9992892679459844,0.9705882352941176,0.9850746268656716,0.9705882352941176,1.0,0.9816983894582724,0.7474747474747475,0.8554913294797689,0.7474747474747475,0.9804951237809453,1.0,1.0,0.9901515151515151,0.9989571680200752
2,D_SMOTEonly,Bagging,21,0.9972222222222222,0.9973238158899924,0.9972222222222222,0.999031024893659,0.9972460130221298,0.9879014825316648,0.9999657700017788,0.9991427217913655,0.000962861608299502,33,0,0,0,74,0,1,3,1329,1.0,0.9992892679459844,0.9705882352941176,0.9850746268656716,1.0,1.0,0.9978038067349927,0.961038961038961,0.9801324503311257,0.9992908844260195,0.9969992498124531,1.0,1.0,0.9984973703981969,0.9999966258348983
2,D_SMOTEonly,XGBoost,21,0.9979166666666667,0.9979978354978355,0.9979166666666667,0.9992679355783309,0.9979361885423583,0.9930019671087479,0.9999585172996782,0.999480909512158,0.0006615081318508876,33,0,0,0,74,0,0,3,1330,1.0,1.0,1.0,1.0,1.0,1.0,0.9978038067349927,0.961038961038961,0.9801324503311257,0.9991057678025466,0.9977494373593399,1.0,1.0,0.9988734509951183,0.9999966275243004
2,D_SMOTEonly,Stacking (RF+SVM),21,0.9979166666666667,0.9979978354978355,0.9979166666666667,0.9992679355783309,0.9979361885423583,0.9930019671087479,0.9998830587901705,0.9994545009674456,0.0006289002835739703,33,0,0,0,74,0,0,3,1330,1.0,1.0,1.0,1.0,0.9999999999999998,1.0,0.9978038067349927,0.961038961038961,0.9801324503311257,0.9975876152346502,0.9977494373593399,1.0,1.0,0.9988734509951183,0.9999904884389501
2,B_HFS_SMOTE,Logistic Regression,8,0.9694444444444444,0.9779130708378282,0.9694444444444444,0.9893554954086848,0.9718473072439175,0.8728176983092238,0.9902763701436712,0.9842866501459977,0.00769777743934979,32,1,0,2,72,0,11,30,1292,0.9696969696969697,0.9907604832977968,0.7111111111111111,0.8205128205128205,0.9362019473287394,0.972972972972973,0.9773060029282576,0.6990291262135923,0.8135593220338985,0.718095923079241,0.9692423105776444,1.0,1.0,0.9843809523809524,0.9992307831765117
2,B_HFS_SMOTE,Decision Tree,8,0.9847222222222223,0.9879663312693499,0.9847222222222223,0.9946386383636444,0.9855699086295004,0.9508311818878733,0.9939666543263596,0.990167120731061,0.004340616318175771,33,0,0,0,74,0,1,21,1311,1.0,0.9992892679459844,0.9705882352941176,0.9850746268656716,0.9705882352941176,1.0,0.9846266471449487,0.7789473684210526,0.8757396449704142,0.7789473684210526,0.9834958739684921,1.0,1.0,0.991679273827534,0.9991151022404724
2,B_HFS_SMOTE,KNN,8,0.9638888888888889,0.9726186929693028,0.9638888888888889,0.9730186638426055,0.9667152174107307,0.862724352796694,0.9881720461152013,0.9742372612415882,0.008928155991374068,32,1,0,3,66,5,6,37,1290,0.9696969696969697,0.9936034115138592,0.7804878048780488,0.8648648648648648,0.9476011520418727,0.8918918918918919,0.972181551976574,0.6346153846153846,0.7415730337078652,0.8227505199110268,0.967741935483871,0.9532710280373832,0.9961389961389961,0.9817351598173517,0.9984832375697711
2,B_HFS_SMOTE,SVM (RBF),8,0.9520833333333333,0.9702021011396011,0.9520833333333333,0.9833047340859671,0.9574304303173551,0.8199698503483329,0.9906314401950862,0.9875366095277818,0.003969531691545813,32,1,0,3,71,0,17,48,1268,0.9696969696969697,0.9857853589196873,0.6153846153846154,0.7529411764705882,0.9578928495077987,0.9594594594594594,0.9641288433382138,0.5916666666666667,0.731958762886598,0.7398654523811334,0.9512378094523631,1.0,1.0,0.9750096116878123,0.9993091995173644
2,B_HFS_SMOTE,SVM (Linear),8,0.9590277777777778,0.9730044188640778,0.9590277777777778,0.9857520596140819,0.9631247393005873,0.8330258681686912,0.9893701936263851,0.9859728859811486,0.003894411856121441,32,1,0,3,71,0,18,37,1278,0.9696969696969697,0.9850746268656716,0.6037735849056604,0.7441860465116279,0.9553195175363025,0.9594594594594594,0.972181551976574,0.6513761467889908,0.7759562841530054,0.7157055925218889,0.9587396849212303,1.0,1.0,0.97893527384144,0.9992077913322278
2,B_HFS_SMOTE,Random Forest,8,0.9868055555555556,0.9892716325660699,0.9868055555555556,0.9953707027853135,0.9874410943727734,0.956487651546139,0.9982140915939545,0.9950261196285307,0.0019569314990263136,33,0,0,0,74,0,1,18,1314,1.0,0.9992892679459844,0.9705882352941176,0.9850746268656716,0.9999999999999999,1.0,0.986822840409956,0.8043478260869565,0.891566265060241,0.9519826034618433,0.9857464366091523,1.0,1.0,0.9928220627125047,0.9998583033591043
2,B_HFS_SMOTE,AdaBoost,8,0.9652777777777778,0.9771451342931228,0.9652777777777778,0.9879766960359605,0.9685851358120775,0.8538843016357998,0.9929308743926787,0.9890174948848142,0.0028346629455137154,33,0,0,0,74,0,25,25,1283,1.0,0.9822316986496091,0.5689655172413793,0.7252747252747253,0.9705882352941176,1.0,0.9816983894582724,0.7474747474747475,0.8554913294797689,0.7474747474747475,0.9624906226556639,1.0,1.0,0.9808868501529052,0.9989571680200752
2,B_HFS_SMOTE,Bagging,8,0.9902777777777778,0.9913703256346696,0.9902777777777778,0.9937195668311439,0.9905732624180885,0.9660128546859669,0.9983592364692634,0.9949274404056183,0.0018756861075496377,33,0,0,0,73,1,1,12,1320,1.0,0.9992892679459844,0.9705882352941176,0.9850746268656716,0.9991087344028521,0.9864864864864865,0.9912152269399708,0.8588235294117647,0.9182389937106918,0.9496720575465465,0.9902475618904726,0.9906542056074766,0.9992429977289932,0.9947249434815372,0.9998672863322094
2,B_HFS_SMOTE,XGBoost,8,0.9875,0.9897258582920347,0.9875,0.9956147242592032,0.9880708625101323,0.9584155802512658,0.998494930092789,0.9953308217897083,0.0016380485939991886,33,0,0,0,74,0,1,17,1315,1.0,0.9992892679459844,0.9705882352941176,0.9850746268656716,1.0,1.0,0.9875549048316252,0.8131868131868132,0.896969696969697,0.9561361372285639,0.986496624156039,1.0,1.0,0.9932024169184289,0.9998808850962904
2,B_HFS_SMOTE,Stacking (RF+SVM),8,0.9888888888888889,0.9902328613316589,0.9888888888888889,0.9903531697705287,0.9892804362388009,0.9646571213262999,0.9981195522776096,0.9951553439127074,0.0018745299853951214,33,0,0,0,72,2,0,14,1319,1.0,1.0,1.0,1.0,1.0,0.972972972972973,0.9897510980966325,0.8372093023255814,0.9,0.9452368786118692,0.9894973743435859,0.9813084112149533,0.9984859954579863,0.9939713639788997,0.999851377549617
2,NAIVE_majority,DummyClassifier,21,0.9256944444444445,0.8569102044753086,0.9256944444444445,0.6666666666666666,0.8899752574428018,0.32047121048202915,,,,0,0,33,0,0,74,0,0,1333,0.0,1.0,0.0,0.0,,0.0,1.0,0.0,0.0,,1.0,0.0,0.9256944444444445,0.9614136314460874,
3,A_baseline,Logistic Regression,21,0.9673611111111111,0.9646743302810392,0.9673611111111111,0.8794379660081324,0.963725913072564,0.8312304591726375,0.9766781252143913,0.9762735333128489,0.020169695436571263,27,4,2,0,38,36,2,3,1328,0.8181818181818182,0.9985785358919688,0.9310344827586207,0.8709677419354839,0.8458184425848445,0.5135135135135135,0.9948755490483162,0.8444444444444444,0.6386554621848739,0.8168992859148904,0.9962490622655664,0.6448598130841121,0.972181551976574,0.9840681733975547,0.9967732152925075
3,A_baseline,Decision Tree,21,0.9895833333333334,0.9911504753416518,0.9895833333333334,0.9963467886808722,0.989979141765192,0.9643322105354956,0.9957792692103011,0.9961769860970566,0.0019184915280700907,33,0,0,0,74,0,1,14,1318,1.0,0.9992892679459844,0.9705882352941176,0.9850746268656716,0.9705882352941176,1.0,0.9897510980966325,0.8409090909090909,0.9135802469135803,0.8409090909090909,0.9887471867966992,1.0,1.0,0.994341757827235,0.9993914871261675
3,A_baseline,KNN,21,0.9520833333333333,0.9509901474896111,0.9520833333333333,0.7936746805212526,0.9377028547854666,0.7077934746011053,0.9201955311778482,0.8803346947114885,0.02176683262380086,26,1,6,1,13,60,1,0,1332,0.7878787878787878,0.9985785358919688,0.9285714285714286,0.8524590163934426,0.9410794104794593,0.17567567567567569,0.9992679355783309,0.9285714285714286,0.29545454545454547,0.5467191885559469,0.9992498124531133,0.38317757009345793,0.9527896995708155,0.9754668619553277,0.9879432465162988
3,A_baseline,SVM (RBF),21,0.9583333333333334,0.9567327851729868,0.9583333333333334,0.8245833070224408,0.9489109113259295,0.760163475804767,0.9968110363985496,0.9913633606100355,0.002826285049412419,26,2,5,1,22,51,1,0,1332,0.7878787878787878,0.9985785358919688,0.9285714285714286,0.8524590163934426,0.9544677299670554,0.2972972972972973,0.9985358711566618,0.9166666666666666,0.4489795918367347,0.9372022495832183,0.9992498124531133,0.4766355140186916,0.9596541786743515,0.9790518191841235,0.9997462493190996
3,A_baseline,SVM (Linear),21,0.94375,0.9464373194116101,0.94375,0.753420259627541,0.9214605053319509,0.6272418997537481,0.9946928058446263,0.9893899166442391,0.012292375862946682,25,0,8,0,3,71,2,0,1331,0.7575757575757576,0.9985785358919688,0.9259259259259259,0.8333333333333334,0.8994258874817158,0.04054054054054054,1.0,1.0,0.07792207792207792,0.8605526212658559,0.9984996249062266,0.2616822429906542,0.9439716312056737,0.9704702880058329,0.9995700376384833
3,A_baseline,Random Forest,21,0.9965277777777778,0.9966014607597425,0.9965277777777778,0.9959157600961511,0.9965495229032789,0.985510126174734,0.9998776448012785,0.9996112648797097,0.0004412787909166695,33,0,0,0,73,1,1,3,1329,1.0,0.9992892679459844,0.9705882352941176,0.9850746268656716,1.0,0.9864864864864865,0.9978038067349927,0.9605263157894737,0.9733333333333333,0.9991243842595192,0.9969992498124531,0.9906542056074766,0.9992481203007518,0.9981224183251972,0.9999893714651534
3,A_baseline,AdaBoost,21,0.9756944444444444,0.9828415665331552,0.9756944444444444,0.9914734699922961,0.9776422901675387,0.9249882888871018,0.9902638135035011,0.9896935232285167,0.0032306377366107344,33,0,0,0,74,0,2,33,1298,1.0,0.9985785358919688,0.9428571428571428,0.9705882352941176,0.9428571428571428,1.0,0.9758418740849195,0.6915887850467289,0.8176795580110497,0.6915887850467289,0.9737434358589647,1.0,1.0,0.9866970733561383,0.9985846291050817
3,A_baseline,Bagging,21,0.9979166666666667,0.9979346638304971,0.9979166666666667,0.9963966922547128,0.9979232668488276,0.9929133560824509,0.9999265750027746,0.9998507159096484,0.00010938008961678943,33,0,0,0,73,1,0,2,1331,1.0,1.0,1.0,1.0,1.0,0.9864864864864865,0.9985358711566618,0.9733333333333334,0.9798657718120806,0.9993069993069993,0.9984996249062266,0.9906542056074766,0.9992492492492493,0.9988742964352721,0.9999938165327452
3,A_baseline,XGBoost,21,0.9965277777777778,0.9965545128461795,0.9965277777777778,0.9930374059833152,0.9965387780813791,0.9881889268040848,0.9997741328495474,0.9996813702523328,0.0002788942476490213,33,0,0,0,72,2,0,3,1330,1.0,1.0,1.0,1.0,0.9999999999999998,0.972972972972973,0.9978038067349927,0.96,0.9664429530201343,0.9961959290893238,0.9977494373593399,0.9813084112149533,0.9984984984984985,0.9981238273921201,0.99998142981749
3,A_baseline,Stacking (RF+SVM),21,0.9979166666666667,0.9979177078127602,0.9979166666666667,0.9935254489310946,0.9979117153625029,0.9899923372364317,0.9998936307638742,0.9996645818696056,0.0002766999839579215,32,0,1,0,73,1,0,1,1332,0.9696969696969697,1.0,1.0,0.9846153846153847,0.9991087344028521,0.9864864864864865,0.9992679355783309,0.9864864864864865,0.9864864864864865,0.9993069993069993,0.9992498124531133,0.9813084112149533,0.9985007496251874,0.9988751406074241,0.9999910206648066
3,C_HFSonly,Logistic Regression,8,0.9506944444444444,0.9394094445671322,0.9506944444444444,0.8161565841624179,0.9402889674973564,0.7266668778142007,0.9863999987521134,0.9786225734132525,0.0050880901963704,27,5,1,0,17,57,2,6,1325,0.8181818181818182,0.9985785358919688,0.9310344827586207,0.8709677419354839,0.9597296761309141,0.22972972972972974,0.9919472913616398,0.6071428571428571,0.33333333333333337,0.626624635068203,0.9939984996249063,0.45794392523364486,0.958062183658713,0.975699558173785,0.9989256913838317
3,C_HFSonly,Decision Tree,8,0.9875,0.9893846473299349,0.9875,0.9927434809355851,0.9880106469811685,0.9579958985026251,0.9925015830508633,0.9933607344512785,0.0033655781782503244,33,0,0,0,73,1,1,16,1316,1.0,0.9992892679459844,0.9705882352941176,0.9850746268656716,0.9910873440285205,0.9864864864864865,0.9882869692532943,0.8202247191011236,0.8957055214723927,0.8843768201955579,0.9872468117029257,0.9906542056074766,0.9992406985573272,0.9932075471698113,0.9989124492936786
3,C_HFSonly,KNN,8,0.9673611111111111,0.9653248732974343,0.9673611111111111,0.8794521875865678,0.9633175630322095,0.8403888188732959,0.9719105595600657,0.9739845061196087,0.011402791337963443,31,0,2,2,36,36,2,5,1326,0.9393939393939394,0.9971570717839374,0.8857142857142857,0.9117647058823529,0.9341119456553717,0.4864864864864865,0.9963396778916545,0.8780487804878049,0.6260869565217392,0.7398179567733216,0.994748687171793,0.6448598130841121,0.9721407624633431,0.9833147942157954,0.9959640755725037
3,C_HFSonly,SVM (RBF),8,0.9680555555555556,0.9654984417161973,0.9680555555555556,0.885431584918476,0.9646017179914695,0.8492320018567988,0.9827517854962913,0.9896567260939909,0.0019463765226906391,31,0,2,2,38,34,1,7,1325,0.9393939393939394,0.997867803837953,0.9117647058823529,0.9253731343283583,0.9556601592561671,0.5135135135135135,0.9948755490483162,0.8444444444444444,0.6386554621848739,0.7788683403187603,0.9939984996249063,0.6635514018691588,0.973548861131521,0.9836674090571641,0.996841627567634
3,C_HFSonly,SVM (Linear),8,0.9409722222222222,0.8923444011952504,0.9409722222222222,0.7438375545503457,0.9157108319171321,0.5898033503277494,0.9894721979004165,0.9838780289533572,0.003373963205289064,24,0,9,1,0,73,2,0,1331,0.7272727272727273,0.997867803837953,0.8888888888888888,0.7999999999999999,0.9279287272005865,0.0,1.0,0.0,0.0,0.6997840815894757,0.9984996249062266,0.2336448598130841,0.9419674451521586,0.9694100509832484,0.9991662399352941
3,C_HFSonly,Random Forest,8,0.9847222222222223,0.9858406710519996,0.9847222222222223,0.9774111784219359,0.985116637397182,0.9476778441840373,0.9963564873595934,0.9956018657993871,0.001723765809860077,33,0,0,0,68,6,1,15,1317,1.0,0.9992892679459844,0.9705882352941176,0.9850746268656716,0.9920063553263518,0.918918918918919,0.9890190336749634,0.8192771084337349,0.8662420382165605,0.8995117354225561,0.9879969992498124,0.9439252336448598,0.9954648526077098,0.9917168674698795,0.9997107444142529
3,C_HFSonly,AdaBoost,8,0.9756944444444444,0.9828415665331552,0.9756944444444444,0.9914734699922961,0.9776422901675387,0.9249882888871018,0.9902638135035011,0.9896935232285167,0.0032306377366107344,33,0,0,0,74,0,2,33,1298,1.0,0.9985785358919688,0.9428571428571428,0.9705882352941176,0.9428571428571428,1.0,0.9758418740849195,0.6915887850467289,0.8176795580110497,0.6915887850467289,0.9737434358589647,1.0,1.0,0.9866970733561383,0.9985846291050817
3,C_HFSonly,Bagging,8,0.9868055555555556,0.9882589510874821,0.9868055555555556,0.9867569728144593,0.987247160841883,0.9551376410446824,0.9964131527764475,0.9957792555571305,0.0018758582660858422,33,0,0,0,71,3,1,15,1317,1.0,0.9992892679459844,0.9705882352941176,0.9850746268656716,1.0,0.9594594594594594,0.9890190336749634,0.8255813953488372,0.8875000000000001,0.8957812466816502,0.9879969992498124,0.9719626168224299,0.9977272727272727,0.9928382962683754,0.9997118296264312
3,C_HFSonly,XGBoost,8,0.9861111111111112,0.9871595077492546,0.9861111111111112,0.9807704646933333,0.9864683319940407,0.952175132701163,0.9965040721079066,0.9961060309524429,0.0016829172800966272,33,0,0,0,69,5,1,14,1318,1.0,0.9992892679459844,0.9705882352941176,0.9850746268656716,0.9952558729436856,0.9324324324324325,0.9897510980966325,0.8313253012048193,0.8789808917197452,0.9102090645650323,0.9887471867966992,0.9532710280373832,0.9962207105064248,0.9924698795180723,0.9997220745031477
3,C_HFSonly,Stacking (RF+SVM),8,0.9840277777777777,0.9850314189703342,0.9840277777777777,0.9742959136244281,0.9843976469051953,0.9451308688215985,0.9963823735620823,0.9956857100153809,0.0015232446538063133,33,0,0,0,67,7,1,15,1317,1.0,0.9992892679459844,0.9705882352941176,0.9850746268656716,0.9883661066861033,0.9054054054054054,0.9890190336749634,0.8170731707317073,0.8589743589743589,0.8945639224769034,0.9879969992498124,0.9345794392523364,0.9947129909365559,0.9913436206247648,0.9997137900112785
3,D_SMOTEonly,Logistic Regression,21,0.975,0.9802749985928177,0.975,0.9855509589741306,0.9764773965141611,0.8963660733110448,0.9943565325953104,0.983897103514827,0.0151225658960716,33,0,0,1,71,2,10,23,1300,1.0,0.992181947405828,0.75,0.8571428571428571,0.9162507164195479,0.9594594594594594,0.9831625183016105,0.7553191489361702,0.8452380952380952,0.8702683703161875,0.9752438109527382,0.9813084112149533,0.9984639016897081,0.9867172675521821,0.9995416990614194
3,D_SMOTEonly,Decision Tree,21,0.9895833333333334,0.9911504753416518,0.9895833333333334,0.9963467886808722,0.989979141765192,0.9643322105354956,0.9957792692103011,0.9958080928764594,0.0021256794985669595,33,0,0,0,74,0,1,14,1318,1.0,0.9992892679459844,0.9705882352941176,0.9850746268656716,0.9705882352941176,1.0,0.9897510980966325,0.8409090909090909,0.9135802469135803,0.8409090909090909,0.9887471867966992,1.0,1.0,0.994341757827235,0.9993914871261675
3,D_SMOTEonly,KNN,21,0.8895833333333333,0.9461303871026092,0.8895833333333333,0.9153318003658262,0.9103252985666739,0.7392732819515121,0.9271047226630091,0.9020925396024918,0.01588370174583679,32,1,0,2,56,16,8,132,1193,0.9696969696969697,0.9928926794598436,0.7619047619047619,0.8533333333333334,0.8446981884481884,0.7567567567567568,0.9026354319180088,0.2962962962962963,0.42585551330798477,0.4449692069674078,0.894973743435859,0.8504672897196262,0.9867659222497932,0.938630999213218,0.9897405376628597
3,D_SMOTEonly,SVM (RBF),21,0.9826388888888888,0.9832273364290495,0.9826388888888888,0.9680796056078481,0.9828570526513029,0.9179313984274525,0.994291765639738,0.9856870337887509,0.004611072638228542,29,0,4,2,67,5,1,13,1319,0.8787878787878788,0.997867803837953,0.90625,0.8923076923076922,0.9691503544764413,0.9054054054054054,0.9904831625183016,0.8375,0.8701298701298702,0.951764521459989,0.9894973743435859,0.9158878504672897,0.9932228915662651,0.9913566328447951,0.999515794243101
3,D_SMOTEonly,SVM (Linear),21,0.9743055555555555,0.9798649688427077,0.9743055555555555,0.985299826711023,0.9758687365466907,0.8966825814368429,0.9960289890644672,0.9885126163732944,0.013175127491991052,33,0,0,1,71,2,9,25,1299,1.0,0.9928926794598436,0.7674418604651163,0.868421052631579,0.942761083308316,0.9594594594594594,0.9816983894582724,0.7395833333333334,0.835294117647059,0.91518442076994,0.9744936234058514,0.9813084112149533,0.9984627209838586,0.9863325740318907,0.9996836087942262
3,D_SMOTEonly,Random Forest,21,0.9979166666666667,0.99793657014858,0.9979166666666667,0.9964038030439307,0.9979214582186007,0.9901451365958102,0.9998958442610862,0.9995325567666903,0.0006968817215883749,33,0,0,0,73,1,1,1,1331,1.0,0.9992892679459844,0.9705882352941176,0.9850746268656716,1.0,0.9864864864864865,0.9992679355783309,0.9864864864864865,0.9864864864864865,0.9987277489386124,0.9984996249062266,0.9906542056074766,0.9992492492492493,0.9988742964352721,0.999991053213891
3,D_SMOTEonly,AdaBoost,21,0.9756944444444444,0.9828415665331552,0.9756944444444444,0.9914734699922961,0.9776422901675387,0.9249882888871018,0.9902638135035011,0.9896739644993102,0.003267984781399268,33,0,0,0,74,0,2,33,1298,1.0,0.9985785358919688,0.9428571428571428,0.9705882352941176,0.9428571428571428,1.0,0.9758418740849195,0.6915887850467289,0.8176795580110497,0.6915887850467289,0.9737434358589647,1.0,1.0,0.9866970733561383,0.9985846291050817
3,D_SMOTEonly,Bagging,21,0.9972222222222222,0.9972601220845629,0.9972222222222222,0.9961597815700408,0.9972333529855275,0.9878129657254169,0.9999515187866126,0.9992455078484446,0.0006366119423201678,33,0,0,0,73,1,1,2,1330,1.0,0.9992892679459844,0.9705882352941176,0.9850746268656716,1.0,0.9864864864864865,0.9985358711566618,0.9733333333333334,0.9798657718120806,0.9989392676360466,0.9977494373593399,0.9906542056074766,0.9992486851990984,0.9984984984984986,0.9999960617841112
3,D_SMOTEonly,XGBoost,21,0.9951388888888889,0.9952292803086148,0.9951388888888889,0.9925564738247538,0.9951691109479515,0.9808153375069825,0.9996572064538622,0.9996244329104534,0.0003009192419312157,33,0,0,0,72,2,1,4,1328,1.0,0.9992892679459844,0.9705882352941176,0.9850746268656716,0.9991087344028521,0.972972972972973,0.9970717423133236,0.9473684210526315,0.9599999999999999,0.9939938298435247,0.9962490622655664,0.9813084112149533,0.9984962406015038,0.997371385655276,0.9999719803395277
3,D_SMOTEonly,Stacking (RF+SVM),21,0.9979166666666667,0.9979960317460317,0.9979166666666667,0.9992821571567666,0.99793657014858,0.9854413236766177,0.9998711100904661,0.999518915762469,0.00038889590435144025,33,0,0,1,73,0,1,1,1331,1.0,0.9985785358919688,0.9428571428571428,0.9705882352941176,0.9991087344028519,0.9864864864864865,0.9992679355783309,0.9864864864864865,0.9864864864864865,0.9981401225837224,0.9984996249062266,1.0,1.0,0.9992492492492493,0.9999893850600058
3,B_HFS_SMOTE,Logistic Regression,8,0.9597222222222223,0.9740242763772176,0.9597222222222223,0.9859320839850111,0.9637359022064241,0.8602610263203228,0.9911190421088749,0.9855704187070723,0.004307130041024275,33,0,0,1,73,0,11,46,1276,1.0,0.9914712153518124,0.7333333333333333,0.846153846153846,0.952340947327939,0.9864864864864865,0.9663250366032211,0.6134453781512605,0.7564766839378239,0.7422853652666024,0.9572393098274569,1.0,1.0,0.9781525488692985,0.9992954550864538
3,B_HFS_SMOTE,Decision Tree,8,0.9798611111111111,0.9847421791330111,0.9798611111111111,0.9900592447227984,0.981216017403614,0.9377220252155919,0.9877433322970739,0.9915961383475285,0.0023142256650817237,33,0,0,0,73,1,1,27,1305,1.0,0.9992892679459844,0.9705882352941176,0.9850746268656716,0.9705882352941176,0.9864864864864865,0.9802342606149341,0.73,0.839080459770115,0.7208295795795796,0.9789947486871718,0.9906542056074766,0.9992343032159265,0.989010989010989,0.998128587779182
3,B_HFS_SMOTE,KNN,8,0.9555555555555556,0.9681313950136907,0.9555555555555556,0.9672404951999644,0.9596378702996352,0.8369844252197195,0.9702017658034681,0.9781679054827151,0.010312627026761953,32,0,1,4,65,5,8,46,1279,0.9696969696969697,0.9914712153518124,0.7272727272727273,0.8311688311688312,0.8740090533821184,0.8783783783783784,0.9663250366032211,0.5855855855855856,0.7027027027027029,0.7267749811205472,0.959489872468117,0.9439252336448598,0.9953307392996109,0.9770817417876242,0.9957694860196596
3,B_HFS_SMOTE,SVM (RBF),8,0.9597222222222223,0.9707670836010761,0.9597222222222223,0.9657907159843776,0.9632069701583281,0.8552140887491478,0.9868513316579224,0.9867816220952845,0.004227935020624361,29,0,4,2,69,3,4,45,1284,0.8787878787878788,0.9957356076759062,0.8285714285714286,0.8529411764705883,0.9298775823301895,0.9324324324324325,0.9670571010248902,0.6052631578947368,0.7340425531914895,0.7870934968130823,0.9632408102025506,0.9345794392523364,0.994577846630519,0.9786585365853658,0.9989217068164677
3,B_HFS_SMOTE,SVM (Linear),8,0.9472222222222222,0.9693340494092374,0.9472222222222222,0.9815681406118678,0.9535893917335061,0.8270819018942571,0.9913669036439694,0.9856236911496608,0.0036283742720910677,33,0,0,1,73,0,15,60,1258,1.0,0.9886282871357498,0.673469387755102,0.8048780487804877,0.9388263152587153,0.9864864864864865,0.9560761346998536,0.5488721804511278,0.7053140096618358,0.7916351280141922,0.9437359339834959,1.0,1.0,0.9710536472404477,0.9993119160555365
3,B_HFS_SMOTE,Random Forest,8,0.9819444444444444,0.9859040269497366,0.9819444444444444,0.9907913091444674,0.9830351783902762,0.9430115889777421,0.9958817575323574,0.9954564898632503,0.0018400216894244397,33,0,0,0,73,1,1,24,1308,1.0,0.9992892679459844,0.9705882352941176,0.9850746268656716,0.9999999999999999,0.9864864864864865,0.9824304538799414,0.7525773195876289,0.8538011695906433,0.8830212027183987,0.981245311327832,0.9906542056074766,0.9992360580595875,0.9901589704769115,0.9996740967758735
3,B_HFS_SMOTE,AdaBoost,8,0.9756944444444444,0.9828415665331552,0.9756944444444444,0.9914734699922961,0.9776422901675387,0.9249882888871018,0.9902638135035011,0.9896935232285167,0.0032306377366107092,33,0,0,0,74,0,2,33,1298,1.0,0.9985785358919688,0.9428571428571428,0.9705882352941176,0.9428571428571428,1.0,0.9758418740849195,0.6915887850467289,0.8176795580110497,0.6915887850467289,0.9737434358589647,1.0,1.0,0.9866970733561383,0.9985846291050817
3,B_HFS_SMOTE,Bagging,8,0.9868055555555556,0.9887794491521411,0.9868055555555556,0.9896211053488595,0.987375333214023,0.9587561586899723,0.9959003632195023,0.9950892157361911,0.002584927178174469,33,0,0,0,72,2,0,17,1316,1.0,1.0,1.0,1.0,1.0,0.972972972972973,0.9875549048316252,0.8089887640449438,0.8834355828220859,0.843629855244999,0.9872468117029257,0.9813084112149533,0.9984825493171472,0.992832893247831,0.9996532156042477
3,B_HFS_SMOTE,XGBoost,8,0.9833333333333333,0.9859198686542959,0.9833333333333333,0.9855368654450108,0.9841046806766922,0.9455390811209904,0.9955816451092725,0.9951590253432577,0.0018345959144447693,33,0,0,0,71,3,1,20,1312,1.0,0.9992892679459844,0.9705882352941176,0.9850746268656716,0.9972434910603359,0.9594594594594594,0.9853587115666179,0.7802197802197802,0.8606060606060606,0.8649655381799141,0.9842460615153789,0.9719626168224299,0.9977186311787072,0.9909365558912386,0.9996508696900405
3,B_HFS_SMOTE,Stacking (RF+SVM),8,0.98125,0.9855088524961463,0.98125,0.9905472876705778,0.9824261275500691,0.9412294786469367,0.9952860301212426,0.9950146082784347,0.001508503366342732,33,0,0,0,73,1,1,25,1307,1.0,0.9992892679459844,0.9705882352941176,0.9850746268656716,0.9883661066861033,0.9864864864864865,0.9816983894582724,0.7448979591836735,0.8488372093023255,0.8547597911941935,0.9804951237809453,0.9906542056074766,0.9992354740061162,0.9897765997728133,0.9996288957485923
3,NAIVE_majority,DummyClassifier,21,0.9256944444444445,0.8569102044753086,0.9256944444444445,0.6666666666666666,0.8899752574428018,0.32047121048202915,,,,0,0,33,0,0,74,0,0,1333,0.0,1.0,0.0,0.0,,0.0,1.0,0.0,0.0,,1.0,0.0,0.9256944444444445,0.9614136314460874,
4,A_baseline,Logistic Regression,21,0.9541666666666667,0.9461748876527807,0.9541666666666667,0.8460891247680472,0.9476129241308094,0.7332959972550682,0.9829747583438725,0.9818268113852339,0.011870548893428269,22,11,0,0,26,48,2,5,1326,0.6666666666666666,0.9985785358919688,0.9166666666666666,0.7719298245614035,0.8368021128081095,0.35135135135135137,0.9882869692532943,0.6190476190476191,0.4482758620689656,0.6618692725126328,0.994748687171793,0.5514018691588785,0.9650655021834061,0.9796823051348356,0.9983439945738457
4,A_baseline,Decision Tree,21,0.9951388888888889,0.9950975684032984,0.9951388888888889,0.9868210979667354,0.9951130908315949,0.9689795792157997,0.9895330344274913,0.9944627508902318,0.0055814338122198515,30,0,3,0,73,1,2,1,1330,0.9090909090909091,0.9985785358919688,0.9375,0.923076923076923,0.9066066773728063,0.9864864864864865,0.9992679355783309,0.9864864864864865,0.9864864864864865,0.9738500324648974,0.9977494373593399,0.9626168224299065,0.9970014992503748,0.9973753280839895,0.9983324006690077
4,A_baseline,KNN,21,0.9458333333333333,0.9348154711828035,0.9458333333333333,0.7742510273145368,0.9291172417295315,0.6575258988421694,0.9090611067319326,0.8826914172515027,0.035477373269350715,23,3,7,0,9,65,2,1,1330,0.696969696969697,0.9985785358919688,0.92,0.793103448275862,0.828010445542913,0.12162162162162163,0.9970717423133236,0.6923076923076923,0.20689655172413796,0.4520367733100634,0.9977494373593399,0.32710280373831774,0.948644793152639,0.9725776965265082,0.9865047136325227
4,A_baseline,SVM (RBF),21,0.9388888888888889,0.9426733911955586,0.9388888888888889,0.7258566978193146,0.9136620874687325,0.5668651658194142,0.9914001544178036,0.9919022178037535,0.002287390633880434,18,0,15,0,1,73,0,0,1333,0.5454545454545454,1.0,1.0,0.7058823529411764,0.8908076589157214,0.013513513513513514,1.0,1.0,0.026666666666666665,0.8760133113670499,1.0,0.17757009345794392,0.9380717804363125,0.9680464778503994,0.999304013703772
4,A_baseline,SVM (Linear),21,0.9416666666666667,0.9445167658676152,0.9416666666666667,0.7440744652350176,0.9173919367507792,0.6032120132279378,0.9923589835102714,0.9935383419778819,0.0028633256753849493,24,0,9,0,1,73,2,0,1331,0.7272727272727273,0.9985785358919688,0.9230769230769231,0.8135593220338984,0.9327228022974707,0.013513513513513514,1.0,1.0,0.026666666666666665,0.7430658557250035,0.9984996249062266,0.2336448598130841,0.9419674451521586,0.9694100509832484,0.9993956531506054
4,A_baseline,Random Forest,21,0.9951388888888889,0.995281339031339,0.9951388888888889,0.9983131820504255,0.9951733516109331,0.9604241633384739,0.9997459714113013,0.9996159185674282,0.0005184049577674,30,3,0,0,74,0,3,1,1329,0.9090909090909091,0.997867803837953,0.9090909090909091,0.9090909090909091,0.9866078180583528,1.0,0.9970717423133236,0.9487179487179487,0.9736842105263158,1.0,0.9969992498124531,1.0,1.0,0.9984973703981969,0.9999788449681891
4,A_baseline,AdaBoost,21,0.975,0.982008895688141,0.975,0.991243670096842,0.9768835710597433,0.9171303840505362,0.9893317564432901,0.989825705261779,0.001282758048874305,33,0,0,0,74,0,4,32,1297,1.0,0.9971570717839374,0.8918918918918919,0.9428571428571428,0.8918918918918919,1.0,0.9765739385065886,0.6981132075471698,0.8222222222222222,0.6981132075471698,0.972993248312078,1.0,1.0,0.9863117870722433,0.9985108521725347
4,A_baseline,Bagging,21,0.9958333333333333,0.9959017801168385,0.9958333333333333,0.992814716877079,0.9958600117258898,0.9721364908933777,0.999831098192883,0.9997709417630178,0.0001808506085028492,31,0,2,0,74,0,3,1,1329,0.9393939393939394,0.997867803837953,0.9117647058823529,0.9253731343283583,0.9822612923014636,1.0,0.9992679355783309,0.9866666666666667,0.9932885906040269,0.9996372047723399,0.9969992498124531,0.9813084112149533,0.9984973703981969,0.9977477477477477,0.9999854340270057
4,A_baseline,XGBoost,21,0.9944444444444445,0.9946204169962635,0.9944444444444445,0.9951908064637,0.9944961385275108,0.9658887702602361,0.999214303000403,0.9996418852462396,0.00040247868395777226,31,2,0,0,73,1,2,3,1328,0.9393939393939394,0.9985785358919688,0.9393939393939394,0.9393939393939394,0.9631868615845345,0.9864864864864865,0.9963396778916545,0.9358974358974359,0.9605263157894737,0.9985992373507544,0.9962490622655664,0.9906542056074766,0.999247554552295,0.9977460555972952,0.9999374266284592
4,A_baseline,Stacking (RF+SVM),21,0.9944444444444445,0.9945202240041878,0.9944444444444445,0.9951979172529177,0.9944416451754091,0.9547047737197351,0.999743488777525,0.9996070145525776,0.0005368280179069637,29,3,1,0,74,0,3,1,1329,0.8787878787878788,0.997867803837953,0.90625,0.8923076923076922,0.982497751879321,1.0,0.9970717423133236,0.9487179487179487,0.9736842105263158,0.9998198198198198,0.9969992498124531,0.9906542056074766,0.9992481203007518,0.9981224183251972,0.99997882768847
4,C_HFSonly,Logistic Regression,8,0.9458333333333333,0.9295638564236668,0.9458333333333333,0.8000922172270996,0.9330951118127249,0.6832214092412549,0.9795887241912917,0.9803219001399887,0.004010473710123039,25,7,1,0,12,62,2,6,1325,0.7575757575757576,0.9985785358919688,0.9259259259259259,0.8333333333333334,0.9736375463773246,0.16216216216216217,0.9904831625183016,0.48,0.2424242424242424,0.5742477817001467,0.9939984996249063,0.411214953271028,0.9546109510086456,0.9739066519661889,0.9983051975949662
4,C_HFSonly,Decision Tree,8,0.9868055555555556,0.988671250365235,0.9868055555555556,0.992513681040131,0.9872833619278303,0.9473264709265466,0.9941336276287245,0.9931614326427327,0.004199795790733296,32,0,1,0,74,0,3,15,1315,0.9696969696969697,0.997867803837953,0.9142857142857143,0.9411764705882354,0.9375816993464052,1.0,0.9890190336749634,0.8314606741573034,0.9079754601226994,0.8192906465530214,0.986496624156039,0.9906542056074766,0.9992401215805471,0.9928274820687052,0.9994309255158592
4,C_HFSonly,KNN,8,0.9645833333333333,0.9607765464513414,0.9645833333333333,0.8698481501417192,0.9598842540980222,0.826404062925802,0.9829802842762996,0.9711653949035023,0.01869603528169811,30,3,0,0,33,41,2,5,1326,0.9090909090909091,0.9985785358919688,0.9375,0.923076923076923,0.923547560178053,0.44594594594594594,0.9941434846266471,0.8048780487804879,0.5739130434782609,0.7660642281581398,0.994748687171793,0.616822429906542,0.9700073152889539,0.9822222222222222,0.9976753246955228
4,C_HFSonly,SVM (RBF),8,0.9673611111111111,0.9643879002616677,0.9673611111111111,0.8937941826262228,0.9648757816280575,0.8507923889321528,0.9856182666786883,0.9887496836980472,0.003893413683540507,30,3,0,0,41,33,2,9,1322,0.9090909090909091,0.9985785358919688,0.9375,0.923076923076923,0.989357950717163,0.5540540540540541,0.9912152269399708,0.7735849056603774,0.6456692913385828,0.7577646962286666,0.991747936984246,0.6915887850467289,0.9756457564575646,0.9836309523809523,0.9983217611198167
4,C_HFSonly,SVM (Linear),8,0.9493055555555555,0.9361426404853128,0.9493055555555555,0.7926914838364759,0.9340599656963905,0.6999294015423048,0.9874487634131969,0.9856277346298562,0.00295053884312653,28,3,2,0,10,64,1,3,1329,0.8484848484848485,0.9992892679459844,0.9655172413793104,0.9032258064516129,0.9641230212812164,0.13513513513513514,0.9956076134699854,0.625,0.22222222222222224,0.6330178380500107,0.9969992498124531,0.38317757009345793,0.9526881720430107,0.9743401759530792,0.9990133753489384
4,C_HFSonly,Random Forest,8,0.9888888888888889,0.9904114782886334,0.9888888888888889,0.9961169887854182,0.989265111267367,0.9565795538888238,0.9965974535470932,0.9956412224992365,0.0019027873313931679,33,0,0,0,74,0,3,13,1317,1.0,0.997867803837953,0.9166666666666666,0.9565217391304348,0.985473490915961,1.0,0.9904831625183016,0.8505747126436781,0.9192546583850931,0.9239509251648025,0.9879969992498124,1.0,1.0,0.9939622641509434,0.9997285386019077
4,C_HFSonly,AdaBoost,8,0.975,0.982008895688141,0.975,0.991243670096842,0.9768835710597433,0.9171303840505362,0.9893317564432901,0.989825705261779,0.001282758048874305,33,0,0,0,74,0,4,32,1297,1.0,0.9971570717839374,0.8918918918918919,0.9428571428571428,0.8918918918918919,1.0,0.9765739385065886,0.6981132075471698,0.8222222222222222,0.6981132075471698,0.972993248312078,1.0,1.0,0.9863117870722433,0.9985108521725347
4,C_HFSonly,Bagging,8,0.9868055555555556,0.9883199490360072,0.9868055555555556,0.9896424377165131,0.9872301833962938,0.9497848774594221,0.9958895200409273,0.9958562396949844,0.0014993768000618882,33,0,0,0,72,2,3,14,1316,1.0,0.997867803837953,0.9166666666666666,0.9565217391304348,0.9812606960445641,0.972972972972973,0.9897510980966325,0.8372093023255814,0.9,0.8905003690116043,0.9872468117029257,0.9813084112149533,0.9984825493171472,0.992832893247831,0.9996688222922087
4,C_HFSonly,XGBoost,8,0.9861111111111112,0.9885567632850242,0.9861111111111112,0.9951337921006416,0.9867463370602247,0.9413875404575364,0.9962208658583591,0.9957936462765403,0.0013497365026680181,31,2,0,0,74,0,2,16,1315,0.9393939393939394,0.9985785358919688,0.9393939393939394,0.9393939393939394,0.980666061256009,1.0,0.986822840409956,0.8043478260869565,0.891566265060241,0.9102024201348351,0.986496624156039,1.0,1.0,0.9932024169184289,0.9997002034321937
4,C_HFSonly,Stacking (RF+SVM),8,0.9881944444444445,0.9890959781619374,0.9881944444444445,0.9872592373406742,0.9884645660956762,0.9534583787347235,0.9969876559239904,0.9954959693749295,0.0019759286133836,33,0,0,0,71,3,3,11,1319,1.0,0.997867803837953,0.9166666666666666,0.9565217391304348,0.992203548085901,0.9594594594594594,0.9919472913616398,0.8658536585365854,0.9102564102564101,0.9111590441332579,0.9894973743435859,0.9719626168224299,0.9977307110438729,0.9935969868173257,0.9997607300528598
4,D_SMOTEonly,Logistic Regression,21,0.9597222222222223,0.9717291805701082,0.9597222222222223,0.9802109297054283,0.9633800398947457,0.8233969951617012,0.982116839899183,0.9879394436880695,0.007552143044728552,27,6,0,0,72,2,15,35,1283,0.8181818181818182,0.9893390191897654,0.6428571428571429,0.7200000000000001,0.8395539621934832,0.972972972972973,0.9699853587115667,0.6371681415929203,0.7700534759358288,0.7593108651605763,0.9624906226556639,0.9813084112149533,0.998443579766537,0.9801375095492743,0.9979972935434416
4,D_SMOTEonly,Decision Tree,21,0.9944444444444445,0.994573033193778,0.9944444444444445,0.9951908064637,0.994434120120759,0.9572308932543686,0.9934198835049629,0.9941430425041755,0.005671261659567689,29,3,1,0,74,0,2,2,1329,0.8787878787878788,0.9985785358919688,0.9354838709677419,0.90625,0.8474079134453034,1.0,0.9963396778916545,0.9367088607594937,0.9673202614379084,0.9367088607594937,0.9969992498124531,0.9906542056074766,0.9992481203007518,0.9981224183251972,0.9990548267299321
4,D_SMOTEonly,KNN,21,0.8916666666666667,0.9440415006033727,0.8916666666666667,0.9132281754099663,0.9106440390553995,0.7101041580599853,0.9296485795725647,0.9136014599497176,0.03253371933040508,28,4,1,0,58,16,15,120,1198,0.8484848484848485,0.9893390191897654,0.6511627906976745,0.736842105263158,0.6804010938565133,0.7837837837837838,0.9092240117130308,0.31868131868131866,0.45312499999999994,0.5160726449651515,0.8987246811702926,0.8411214953271028,0.9860082304526749,0.9403453689167975,0.9904146255592846
4,D_SMOTEonly,SVM (RBF),21,0.9680555555555556,0.9711557552237128,0.9680555555555556,0.9514986245185634,0.9691870174362119,0.8508391787176878,0.985847861229235,0.9865327874694241,0.007719866674042558,26,4,3,0,64,10,7,22,1304,0.7878787878787878,0.9950248756218906,0.7878787878787878,0.7878787878787878,0.8987904899386112,0.8648648648648649,0.9809663250366032,0.7111111111111111,0.7804878048780488,0.8978277023162943,0.978244561140285,0.8785046728971962,0.9901290812452543,0.9841509433962263,0.9987767164886405
4,D_SMOTEonly,SVM (Linear),21,0.9506944444444444,0.9680306333749432,0.9506944444444444,0.9770742044909516,0.9560827662659638,0.8025845529506382,0.9788642107857692,0.991903251523859,0.0055074970492130565,29,4,0,2,70,2,18,45,1270,0.8787878787878788,0.9857853589196873,0.5918367346938775,0.7073170731707316,0.8990082303141219,0.9459459459459459,0.9641288433382138,0.5882352941176471,0.7253886010362695,0.8184086539329372,0.9527381845461366,0.9813084112149533,0.9984276729559748,0.9750479846449136,0.9967852144018952
4,D_SMOTEonly,Random Forest,21,0.9951388888888889,0.995281339031339,0.9951388888888889,0.9983131820504255,0.9951733516109331,0.9604241633384739,0.9996226588463999,0.9996654299334683,0.000501495327366985,30,3,0,0,74,0,3,1,1329,0.9090909090909091,0.997867803837953,0.9090909090909091,0.9090909090909091,0.9866799681305028,1.0,0.9970717423133236,0.9487179487179487,0.9736842105263158,0.9999999999999999,0.9969992498124531,1.0,1.0,0.9984973703981969,0.9999681951762464
4,D_SMOTEonly,AdaBoost,21,0.9597222222222223,0.9743875031091214,0.9597222222222223,0.9860316350340607,0.9638009853039,0.8391247542554557,0.9892572790306206,0.9898156983316635,0.001278201436781125,33,0,0,0,74,0,26,32,1275,1.0,0.9815209665955935,0.559322033898305,0.717391304347826,0.8529864950602737,1.0,0.9765739385065886,0.6981132075471698,0.8222222222222222,0.6981132075471698,0.9564891222805701,1.0,1.0,0.9777607361963191,0.9985108521725347
4,D_SMOTEonly,Bagging,21,0.9958333333333333,0.9959295911346996,0.9958333333333333,0.9956859602006971,0.995866548884484,0.9700540731067407,0.9987889908265315,0.998121330276935,0.003377484376102446,31,1,1,0,74,0,3,1,1329,0.9393939393939394,0.997867803837953,0.9117647058823529,0.9253731343283583,0.9243026150856994,1.0,0.9985358711566618,0.9736842105263158,0.9866666666666666,0.9857562494530284,0.9969992498124531,0.9906542056074766,0.9992481203007518,0.9981224183251972,0.999831080234158
4,D_SMOTEonly,XGBoost,21,0.99375,0.9940625000000001,0.99375,0.9978251391026461,0.9938264695830487,0.9559580770107087,0.9993594942665747,0.9994625205222875,0.00045853494168411857,30,3,0,0,74,0,3,3,1327,0.9090909090909091,0.997867803837953,0.9090909090909091,0.9090909090909091,0.9763001562533458,1.0,0.9956076134699854,0.925,0.961038961038961,0.9969373835307863,0.9954988747186797,1.0,1.0,0.9977443609022557,0.9999498093624526
4,D_SMOTEonly,Stacking (RF+SVM),21,0.9923611111111111,0.9923604198301779,0.9923611111111111,0.9887233661840126,0.9923216827104274,0.9420052474849762,0.9994921541174809,0.9995205127467239,0.0004560601535854024,28,4,1,0,72,2,3,1,1329,0.8484848484848485,0.997867803837953,0.9032258064516129,0.875,0.9701107279144694,0.972972972972973,0.9963396778916545,0.935064935064935,0.9536423841059603,0.993808077444263,0.9969992498124531,0.9719626168224299,0.9977477477477478,0.9973733583489681,0.9999593364866752
4,B_HFS_SMOTE,Logistic Regression,8,0.95625,0.9723143070787637,0.95625,0.9847546413508695,0.9607370205026455,0.8407738095238096,0.9878636045112954,0.9864782891629563,0.0034173799574768516,33,0,0,1,73,0,17,45,1271,1.0,0.9872068230277186,0.6470588235294118,0.7857142857142858,0.9160855351568542,0.9864864864864865,0.9670571010248902,0.6186440677966102,0.7604166666666667,0.6754053411361667,0.9534883720930233,1.0,1.0,0.9761904761904763,0.9990304809588141
4,B_HFS_SMOTE,Decision Tree,8,0.9805555555555555,0.9852065972222223,0.9805555555555555,0.993181620309524,0.9817956533372587,0.9213951747997107,0.9924801590664907,0.9914154569620429,0.0014967179647578561,30,3,0,0,74,0,2,23,1308,0.9090909090909091,0.9985785358919688,0.9375,0.923076923076923,0.875,1.0,0.9809663250366032,0.74,0.8505747126436781,0.74,0.981245311327832,1.0,1.0,0.990533888678531,0.998944918521297
4,B_HFS_SMOTE,KNN,8,0.9541666666666667,0.9678772722914135,0.9541666666666667,0.9696734711003279,0.9584859134311456,0.8185033165973395,0.9854104097708666,0.9730092778059642,0.02037700899200611,31,2,0,2,67,5,17,40,1276,0.9393939393939394,0.9864960909737029,0.62,0.7469879518072288,0.7671095280529243,0.9054054054054054,0.9692532942898975,0.6146788990825688,0.73224043715847,0.8273799325142981,0.9572393098274569,0.9532710280373832,0.9960967993754879,0.9762815608263199,0.9981484445176075
4,B_HFS_SMOTE,SVM (RBF),8,0.9506944444444444,0.9701340388007054,0.9506944444444444,0.9828024695597519,0.9562841309403961,0.8248384063786914,0.9914887523607093,0.9871900565965653,0.0035970504373408598,32,1,0,1,73,0,17,52,1264,0.9696969696969697,0.9872068230277186,0.64,0.7710843373493975,0.931388792152532,0.9864864864864865,0.9612005856515373,0.5793650793650794,0.7300000000000001,0.8209735732493252,0.9482370592648162,1.0,1.0,0.9734308817866769,0.9993334071322388
4,B_HFS_SMOTE,SVM (Linear),8,0.9409722222222222,0.9670654761904761,0.9409722222222222,0.9793932797145141,0.948607392775277,0.8021478527931052,0.9885241846527895,0.9865933137391687,0.0031808255851664283,31,2,0,0,74,0,19,64,1250,0.9393939393939394,0.9864960909737029,0.62,0.7469879518072288,0.9055494945118557,1.0,0.9516837481698389,0.5285714285714286,0.691588785046729,0.7265341728569926,0.9377344336084021,1.0,1.0,0.9678668215253581,0.9990861091482617
4,B_HFS_SMOTE,Random Forest,8,0.9854166666666667,0.9880359299516908,0.9854166666666667,0.9948968814159697,0.9860817751155853,0.9467161652280199,0.9963390633326058,0.9951107579589559,0.0018987451420964738,33,0,0,0,74,0,3,18,1312,1.0,0.997867803837953,0.9166666666666666,0.9565217391304348,0.9875658430083132,1.0,0.986822840409956,0.8043478260869565,0.891566265060241,0.9179468958669038,0.9842460615153789,1.0,1.0,0.9920604914933838,0.9996959179450109
4,B_HFS_SMOTE,AdaBoost,8,0.9597222222222223,0.9743875031091214,0.9597222222222223,0.9860316350340607,0.9638009853039,0.8391247542554557,0.9892572790306206,0.9898201402974177,0.0012829273084638076,33,0,0,0,74,0,26,32,1275,1.0,0.9815209665955935,0.559322033898305,0.717391304347826,0.8529864950602737,1.0,0.9765739385065886,0.6981132075471698,0.8222222222222222,0.6981132075471698,0.9564891222805701,1.0,1.0,0.9777607361963191,0.9985108521725347
4,B_HFS_SMOTE,Bagging,8,0.9875,0.9889788537147333,0.9875,0.9898793484011849,0.9879031019511084,0.9517562828056397,0.9955626544958218,0.9954141902493314,0.001418764426178101,32,0,1,0,73,1,2,14,1317,0.9696969696969697,0.9985785358919688,0.9411764705882353,0.955223880597015,0.9284090550490482,0.9864864864864865,0.9897510980966325,0.8390804597701149,0.906832298136646,0.903275012263658,0.9879969992498124,0.9813084112149533,0.9984836997725549,0.9932126696832579,0.9996021762986527
4,B_HFS_SMOTE,XGBoost,8,0.9826388888888888,0.9863827140607101,0.9826388888888888,0.9939136847311931,0.9836227736801195,0.9267510909759497,0.9968112266861812,0.9955938185454876,0.001559267933909993,30,3,0,0,74,0,2,20,1311,0.9090909090909091,0.9985785358919688,0.9375,0.923076923076923,0.9699709189071888,1.0,0.9831625183016105,0.7628865979381443,0.8654970760233918,0.9301211082559158,0.9834958739684921,1.0,1.0,0.991679273827534,0.9997483121074153
4,B_HFS_SMOTE,Stacking (RF+SVM),8,0.9805555555555555,0.9829047275076069,0.9805555555555555,0.9759612711570332,0.9812107248097816,0.9181563090997052,0.9960953828237876,0.9948412674077753,0.0017503809963399844,29,0,4,0,72,2,3,19,1311,0.8787878787878788,0.997867803837953,0.90625,0.8923076923076922,0.9894487271492619,0.972972972972973,0.986090775988287,0.7912087912087912,0.8727272727272727,0.9296406967979038,0.9834958739684921,0.9439252336448598,0.9954441913439636,0.989433962264151,0.9996854902919126
4,NAIVE_majority,DummyClassifier,21,0.9256944444444445,0.8569102044753086,0.9256944444444445,0.6666666666666666,0.8899752574428018,0.32047121048202915,,,,0,0,33,0,0,74,0,0,1333,0.0,1.0,0.0,0.0,,0.0,1.0,0.0,0.0,,1.0,0.0,0.9256944444444445,0.9614136314460874,
5,A_baseline,Logistic Regression,21,0.9548611111111112,0.9522267512077295,0.9548611111111112,0.8262699969226994,0.9454855013956521,0.7486432042434542,0.9761967582554634,0.983837638813951,0.014269214918265943,29,2,2,0,21,53,7,1,1325,0.8787878787878788,0.9950248756218906,0.8055555555555556,0.8405797101449276,0.8530361262699819,0.28378378378378377,0.9978038067349927,0.875,0.42857142857142855,0.7647144183274617,0.9939984996249063,0.48598130841121495,0.9601449275362319,0.9767784740140066,0.9971189651290959
5,A_baseline,Decision Tree,21,0.9965277777777778,0.9966906527568292,0.9965277777777778,0.9987870034197693,0.9965662477662259,0.9856266148440535,0.9983687190445034,0.996839674798534,0.003970177504347735,33,0,0,0,74,0,1,4,1328,1.0,0.9992892679459844,0.9705882352941176,0.9850746268656716,0.9705882352941176,1.0,0.9970717423133236,0.9487179487179487,0.9736842105263158,0.9487179487179487,0.9962490622655664,1.0,1.0,0.9981210071401729,0.9997863226771605
5,A_baseline,KNN,21,0.95,0.9480421756882622,0.95,0.787207240241565,0.933710425971267,0.6889382400104992,0.8949749465580642,0.8822556216469877,0.03424315595218932,27,1,5,1,10,63,2,0,1331,0.8181818181818182,0.997867803837953,0.9,0.8571428571428572,0.9224026920396917,0.13513513513513514,0.9992679355783309,0.9090909090909091,0.23529411764705882,0.4509916286943314,0.9984996249062266,0.3644859813084112,0.9513938527519656,0.9743777452415813,0.9840306398548557
5,A_baseline,SVM (RBF),21,0.9402777777777778,0.943364725356527,0.9402777777777778,0.7349655815271662,0.9162279673971685,0.5795716185658346,0.9919273929808581,0.992638265105507,0.0033277062537432484,19,0,14,1,2,71,0,0,1333,0.5757575757575758,0.9992892679459844,0.95,0.7169811320754716,0.9040648272622656,0.02702702702702703,1.0,1.0,0.052631578947368425,0.8643144978223489,1.0,0.205607476635514,0.9400564174894217,0.9691021446746637,0.9993913627118527
5,A_baseline,SVM (Linear),21,0.9430555555555555,0.9456078372515131,0.9430555555555555,0.7589400571685408,0.9209431543815956,0.6202830803734418,0.977413220335766,0.9924090604780794,0.004209801219278999,26,0,7,1,3,70,4,0,1329,0.7878787878787878,0.9964463397299218,0.8387096774193549,0.8125,0.9037142721624627,0.04054054054054054,1.0,1.0,0.07792207792207792,0.8063194515715978,0.9969992498124531,0.2803738317757009,0.9452347083926032,0.9704271631982475,0.9965645487606706
5,A_baseline,Random Forest,21,0.9951388888888889,0.9952022456908801,0.9951388888888889,0.9868282087559531,0.9951561994018451,0.9696832774251205,0.9998282355832303,0.9996193900794953,0.0005028719934443332,31,0,2,0,72,2,3,0,1330,0.9393939393939394,0.997867803837953,0.9117647058823529,0.9253731343283583,0.9911468581923126,0.972972972972973,1.0,1.0,0.9863013698630138,0.9982784634683368,0.9977494373593399,0.9626168224299065,0.9970014992503748,0.9973753280839895,0.999985963602511
5,A_baseline,AdaBoost,21,0.9777777777777777,0.9836215614886732,0.9777777777777777,0.9922126452031831,0.9793378766921316,0.9268437027126888,0.9907040924153664,0.9895623865114951,0.0018423901809641796,33,0,0,0,74,0,3,29,1301,1.0,0.997867803837953,0.9166666666666666,0.9565217391304348,0.9166666666666666,1.0,0.9787701317715959,0.7184466019417476,0.8361581920903954,0.7184466019417476,0.9759939984996249,1.0,1.0,0.9878511769172361,0.9986861165077594
5,A_baseline,Bagging,21,0.9951388888888889,0.9952428989139516,0.9951388888888889,0.9925635846139717,0.9951682273379715,0.9781341913231759,0.9999025885851164,0.9997421017280684,0.0003329936186916186,33,0,0,0,72,2,2,3,1328,1.0,0.9985785358919688,0.9428571428571428,0.9705882352941176,1.0,0.972972972972973,0.9978038067349927,0.96,0.9664429530201343,0.9987735711419922,0.9962490622655664,0.9813084112149533,0.9984962406015038,0.997371385655276,0.9999915641347057
5,A_baseline,XGBoost,21,0.9951388888888889,0.9951558433433434,0.9951388888888889,0.9896923412903535,0.9951449679119919,0.9722110231849962,0.9998042492989566,0.9995516230794509,0.0005028795137815574,31,0,2,0,73,1,2,2,1329,0.9393939393939394,0.9985785358919688,0.9393939393939394,0.9393939393939394,0.9945613802705833,0.9864864864864865,0.9985358711566618,0.9733333333333334,0.9798657718120806,0.9983776757712336,0.9969992498124531,0.9719626168224299,0.9977477477477478,0.9973733583489681,0.9999837540376255
5,A_baseline,Stacking (RF+SVM),21,0.9958333333333333,0.995837494798169,0.9958333333333333,0.9870651194406251,0.9958253821148786,0.9744821445649113,0.9998507414424943,0.9996118093792647,0.00048529417261153194,31,0,2,0,72,2,2,0,1331,0.9393939393939394,0.9985785358919688,0.9393939393939394,0.9393939393939394,0.9922021073230749,0.972972972972973,1.0,1.0,0.9863013698630138,0.9992908844260195,0.9984996249062266,0.9626168224299065,0.997003745318352,0.9977511244377811,0.9999876490214551
5,C_HFSonly,Logistic Regression,8,0.9548611111111112,0.9531341100552055,0.9548611111111112,0.8205203994862454,0.9443644123569045,0.7486670508633754,0.9881991785343557,0.9853074328706608,0.008443966474639738,30,1,2,0,19,55,6,1,1326,0.9090909090909091,0.9957356076759062,0.8333333333333334,0.8695652173913043,0.8678893238249564,0.25675675675675674,0.9985358711566618,0.9047619047619048,0.4,0.7541288996019607,0.994748687171793,0.4672897196261682,0.9587852494577006,0.9764359351988218,0.999058183351569
5,C_HFSonly,Decision Tree,8,0.9916666666666667,0.9926756535947713,0.9916666666666667,0.9970788531025413,0.9919172478952264,0.9704569199709132,0.9965561041605617,0.9954999426253524,0.0014596194104702534,33,0,0,0,74,0,1,11,1321,1.0,0.9992892679459844,0.9705882352941176,0.9850746268656716,0.9705882352941176,1.0,0.9919472913616398,0.8705882352941177,0.9308176100628931,0.8705882352941177,0.9909977494373593,1.0,1.0,0.9954785229841747,0.9995099377914654
5,C_HFSonly,KNN,8,0.9555555555555556,0.9572061092139947,0.9555555555555556,0.8121364694108452,0.9435688747335224,0.7374680630187238,0.9438017967096968,0.9364919696882879,0.029054946175786554,28,0,5,2,17,55,2,0,1331,0.8484848484848485,0.9971570717839374,0.875,0.8615384615384615,0.8641533829673216,0.22972972972972974,1.0,1.0,0.37362637362637363,0.6381231426012361,0.9984996249062266,0.4392523364485981,0.9568655643421998,0.9772393538913363,0.9916230973444392
5,C_HFSonly,SVM (RBF),8,0.9645833333333333,0.9636124433822879,0.9645833333333333,0.8554990443128467,0.9581333418187662,0.8089921558556245,0.9968707659676553,0.9956618483115334,0.0019792507327605325,29,1,3,2,29,43,1,1,1331,0.8787878787878788,0.997867803837953,0.90625,0.8923076923076922,0.8961915696778077,0.3918918918918919,0.9985358711566618,0.9354838709677419,0.5523809523809524,0.9329721455696122,0.9984996249062266,0.5700934579439252,0.9665940450254176,0.9822878228782288,0.9997680659412306
5,C_HFSonly,SVM (Linear),8,0.9659722222222222,0.9654715687373344,0.9659722222222222,0.8674862821335342,0.9612381005157596,0.827590046852467,0.9944553879468896,0.9931160108215163,0.002460829949473405,30,0,3,1,34,39,4,2,1327,0.9090909090909091,0.9964463397299218,0.8571428571428571,0.8823529411764706,0.9508499337967288,0.4594594594594595,0.9985358711566618,0.9444444444444444,0.6181818181818182,0.8749375058925372,0.9954988747186797,0.6074766355140186,0.9693206720233747,0.9822353811991118,0.9995560521350053
5,C_HFSonly,Random Forest,8,0.9951388888888889,0.995131458243481,0.9951388888888889,0.9868210979667354,0.9951327140655037,0.9721203680708744,0.999359765618338,0.9989907564236086,0.0009308964484287902,31,0,2,0,72,2,2,1,1330,0.9393939393939394,0.9985785358919688,0.9393939393939394,0.9393939393939394,0.9857217383993768,0.972972972972973,0.9992679355783309,0.9863013698630136,0.979591836734694,0.992926361576381,0.9977494373593399,0.9626168224299065,0.9970014992503748,0.9973753280839895,0.9999481086493515
5,C_HFSonly,AdaBoost,8,0.9777777777777777,0.9836215614886732,0.9777777777777777,0.9922126452031831,0.9793378766921316,0.9268437027126888,0.9907040924153664,0.9895623865114951,0.0018423901809641796,33,0,0,0,74,0,3,29,1301,1.0,0.997867803837953,0.9166666666666666,0.9565217391304348,0.9166666666666666,1.0,0.9787701317715959,0.7184466019417476,0.8361581920903954,0.7184466019417476,0.9759939984996249,1.0,1.0,0.9878511769172361,0.9986861165077594
5,C_HFSonly,Bagging,8,0.9951388888888889,0.9951781744980275,0.9951388888888889,0.9896923412903535,0.9951535241242194,0.975190070639652,0.9991594787652189,0.998906544197261,0.000989936055423718,32,0,1,0,72,2,2,2,1329,0.9696969696969697,0.9985785358919688,0.9411764705882353,0.955223880597015,0.9877095990688113,0.972972972972973,0.9985358711566618,0.972972972972973,0.972972972972973,0.9748743727272875,0.9969992498124531,0.9719626168224299,0.9977477477477478,0.9973733583489681,0.9999209740631093
5,C_HFSonly,XGBoost,8,0.9965277777777778,0.9966014607597425,0.9965277777777778,0.9959157600961511,0.9965495229032789,0.985510126174734,0.9992845189372472,0.9990895096529032,0.0008865172447557334,33,0,0,0,73,1,1,3,1329,1.0,0.9992892679459844,0.9705882352941176,0.9850746268656716,0.9972434910603359,0.9864864864864865,0.9978038067349927,0.9605263157894737,0.9733333333333333,0.9797775971504664,0.9969992498124531,0.9906542056074766,0.9992481203007518,0.9981224183251972,0.9999435767289461
5,C_HFSonly,Stacking (RF+SVM),8,0.9951388888888889,0.995131458243481,0.9951388888888889,0.9868210979667354,0.9951327140655037,0.9721203680708744,0.9993742562083952,0.9990514855329053,0.0009266620908327603,31,0,2,0,72,2,2,1,1330,0.9393939393939394,0.9985785358919688,0.9393939393939394,0.9393939393939394,0.9857719354087767,0.972972972972973,0.9992679355783309,0.9863013698630136,0.979591836734694,0.9932749886390905,0.9977494373593399,0.9626168224299065,0.9970014992503748,0.9973753280839895,0.9999491747411992
5,D_SMOTEonly,Logistic Regression,21,0.9715277777777778,0.9781654970668288,0.9715277777777778,0.9843379623939,0.9734459636214098,0.8806423218000742,0.977983559873023,0.9872173274208282,0.013445388424774276,32,1,0,1,71,2,11,26,1296,0.9696969696969697,0.9914712153518124,0.7272727272727273,0.8311688311688312,0.8519968685215953,0.9594594594594594,0.9802342606149341,0.7244897959183674,0.8255813953488371,0.840674535314418,0.9722430607651913,0.9813084112149533,0.9984591679506933,0.9851767388825541,0.9967831790677107
5,D_SMOTEonly,Decision Tree,21,0.9916666666666667,0.9926756535947713,0.9916666666666667,0.9970788531025413,0.9919172478952264,0.9704569199709132,0.9965561041605617,0.9944881615731876,0.00376410201978715,33,0,0,0,74,0,1,11,1321,1.0,0.9992892679459844,0.9705882352941176,0.9850746268656716,0.9705882352941176,1.0,0.9919472913616398,0.8705882352941177,0.9308176100628931,0.8705882352941177,0.9909977494373593,1.0,1.0,0.9954785229841747,0.9995099377914654
5,D_SMOTEonly,KNN,21,0.8923611111111112,0.9401423963921025,0.8923611111111112,0.8991017586873301,0.9106316536254204,0.7166310787549213,0.917211874269986,0.8971974090250306,0.03452651859182442,31,2,0,3,49,22,10,118,1205,0.9393939393939394,0.9907604832977968,0.7045454545454546,0.8051948051948052,0.7693378692639881,0.6621621621621622,0.9121522693997072,0.28994082840236685,0.4032921810699588,0.4497728441093368,0.9039759939984996,0.794392523364486,0.9820700896495518,0.94140625,0.9888650118230917
5,D_SMOTEonly,SVM (RBF),21,0.9770833333333333,0.9774016843579537,0.9770833333333333,0.9489213062426756,0.9772292834446702,0.8922540632673409,0.9879169342147711,0.9871651864316536,0.008107918771035961,28,0,5,0,64,10,6,12,1315,0.8484848484848485,0.9957356076759062,0.8235294117647058,0.8358208955223881,0.9216665498884873,0.8648648648648649,0.9912152269399708,0.8421052631578947,0.8533333333333334,0.9033164575487073,0.986496624156039,0.8598130841121495,0.9887218045112782,0.9876079609463012,0.9989281100263513
5,D_SMOTEonly,SVM (Linear),21,0.9701388888888889,0.9775610968110969,0.9701388888888889,0.9838570302353383,0.9722323954300217,0.8773724307498516,0.9834013283540748,0.9908193563986952,0.008749576300488124,32,1,0,0,72,2,13,27,1293,0.9696969696969697,0.9907604832977968,0.7111111111111111,0.8205128205128205,0.9549858143771208,0.972972972972973,0.9795021961932651,0.72,0.8275862068965518,0.8948830511022788,0.9699924981245311,0.9813084112149533,0.9984555984555985,0.9840182648401826,0.9976178703495757
5,D_SMOTEonly,Random Forest,21,0.9965277777777778,0.9967379385964912,0.9965277777777778,0.9988012249982049,0.996579064751728,0.9804364709790914,0.9999381042092734,0.9995901802816427,0.000572862705720036,33,0,0,0,74,0,3,2,1328,1.0,0.997867803837953,0.9166666666666666,0.9565217391304348,0.9956922162804516,1.0,0.9985358711566618,0.9736842105263158,0.9866666666666666,0.9996443812233284,0.9962490622655664,1.0,1.0,0.9981210071401729,0.9999949526279456
5,D_SMOTEonly,AdaBoost,21,0.9618055555555556,0.9754324136543983,0.9618055555555556,0.9867636994557297,0.9656044022838938,0.8441615900932206,0.9907040924153664,0.9895450605399786,0.0018417835813779454,33,0,0,0,74,0,26,29,1278,1.0,0.9815209665955935,0.559322033898305,0.717391304347826,0.9166666666666666,1.0,0.9787701317715959,0.7184466019417476,0.8361581920903954,0.7184466019417476,0.9587396849212303,1.0,1.0,0.97893527384144,0.9986861165077594
5,D_SMOTEonly,Bagging,21,0.9958333333333333,0.9959598931519161,0.9958333333333333,0.9956717386222614,0.9958698775499542,0.98323603322717,0.9999080619639699,0.9993464806784897,0.0006377624907591175,33,0,0,0,73,1,1,4,1328,1.0,0.9992892679459844,0.9705882352941176,0.9850746268656716,1.0,0.9864864864864865,0.9970717423133236,0.948051948051948,0.9668874172185431,0.9983937211639914,0.9962490622655664,0.9906542056074766,0.999247554552295,0.9977460555972952,0.9999921286029424
5,D_SMOTEonly,XGBoost,21,0.9944444444444445,0.9945893389733851,0.9944444444444445,0.992319563140082,0.9944903100107406,0.973035346203984,0.9997593267320636,0.9994010557881639,0.0006248982233036381,32,0,1,0,73,1,2,4,1327,0.9696969696969697,0.9985785358919688,0.9411764705882353,0.955223880597015,0.9946319870256819,0.9864864864864865,0.9970717423133236,0.948051948051948,0.9668874172185431,0.9985814088516791,0.9954988747186797,0.9813084112149533,0.9984951091045899,0.9969947407963937,0.9999797570355201
5,D_SMOTEonly,Stacking (RF+SVM),21,0.9958333333333333,0.9958906145394965,0.9958333333333333,0.9928076060878613,0.9958543075844049,0.9776124667189477,0.9996989264472607,0.9993659633294485,0.0007092129297739969,32,0,1,0,73,1,2,2,1329,0.9696969696969697,0.9985785358919688,0.9411764705882353,0.955223880597015,0.9917452793789692,0.9864864864864865,0.9985358711566618,0.9733333333333334,0.9798657718120806,0.9983776757712338,0.9969992498124531,0.9813084112149533,0.9984973703981969,0.9977477477477477,0.9999749394922846
5,B_HFS_SMOTE,Logistic Regression,8,0.9694444444444444,0.9780577247783875,0.9694444444444444,0.9893626061979027,0.9718316647145891,0.8729930805932175,0.9930680715184561,0.9902788715904542,0.006712275288633114,32,1,0,1,73,0,13,29,1291,0.9696969696969697,0.9900497512437811,0.6956521739130435,0.810126582278481,0.8861307241490614,0.9864864864864865,0.9780380673499268,0.7087378640776699,0.8248587570621468,0.8541820459358401,0.9684921230307577,1.0,1.0,0.9839939024390244,0.9994903572680442
5,B_HFS_SMOTE,Decision Tree,8,0.9958333333333333,0.9959598931519161,0.9958333333333333,0.9956717386222614,0.9958698775499542,0.98323603322717,0.9983217703724001,0.9950084662533586,0.005077502022093605,33,0,0,0,73,1,1,4,1328,1.0,0.9992892679459844,0.9705882352941176,0.9850746268656716,0.9697239777453682,0.9864864864864865,0.9970717423133236,0.948051948051948,0.9668874172185431,0.9478986630885364,0.9962490622655664,0.9906542056074766,0.999247554552295,0.9977460555972952,0.9997837377215244
5,B_HFS_SMOTE,KNN,8,0.9298611111111111,0.9544398387163483,0.9298611111111111,0.9381485513468079,0.9383333037838898,0.7737132287645613,0.9539564640284272,0.953726475500833,0.0221330116226043,32,0,1,3,59,12,14,71,1248,0.9696969696969697,0.9879175550817342,0.6530612244897959,0.7804878048780488,0.7710433367445563,0.7972972972972973,0.9480234260614934,0.45384615384615384,0.5784313725490197,0.6514836274319273,0.9362340585146287,0.8785046728971962,0.9896907216494846,0.9622205088666154,0.9937847314542125
5,B_HFS_SMOTE,SVM (RBF),8,0.9777777777777777,0.9811099500530278,0.9777777777777777,0.9807561150655819,0.9787931307030586,0.9004060330364032,0.9963982103178471,0.9944489127487717,0.002516212944528673,30,0,3,2,71,1,5,21,1307,0.9090909090909091,0.9950248756218906,0.8108108108108109,0.8571428571428571,0.8657469190968423,0.9594594594594594,0.9846266471449487,0.7717391304347826,0.855421686746988,0.9205074532071991,0.9804951237809453,0.9626168224299065,0.9969488939740656,0.9886535552193646,0.9997351096721135
5,B_HFS_SMOTE,SVM (Linear),8,0.9659722222222222,0.9765939228255405,0.9659722222222222,0.9881709419853254,0.9688785903363729,0.8625347994151694,0.9949472634289243,0.9937777363424722,0.0022571112400364465,33,0,0,1,73,0,17,31,1285,1.0,0.9872068230277186,0.6470588235294118,0.7857142857142858,0.9533462157459536,0.9864864864864865,0.9773060029282576,0.7019230769230769,0.8202247191011235,0.9026693194379928,0.9639909977494373,1.0,1.0,0.9816653934300993,0.9996296093951781
5,B_HFS_SMOTE,Random Forest,8,0.9965277777777778,0.9966240949596212,0.9965277777777778,0.995922870885369,0.9965532378515887,0.9828588084771318,0.999234571846225,0.9989824318620091,0.0010022171568129306,33,0,0,0,73,1,2,2,1329,1.0,0.9985785358919688,0.9428571428571428,0.9705882352941176,0.9935512792604823,0.9864864864864865,0.9985358711566618,0.9733333333333334,0.9798657718120806,0.9686891927705739,0.9969992498124531,0.9906542056074766,0.9992481203007518,0.9981224183251972,0.9999365110771298
5,B_HFS_SMOTE,AdaBoost,8,0.9777777777777777,0.9836215614886732,0.9777777777777777,0.9922126452031831,0.9793378766921316,0.9268437027126888,0.9907040924153664,0.9895580406759243,0.001839830159173522,33,0,0,0,74,0,3,29,1301,1.0,0.997867803837953,0.9166666666666666,0.9565217391304348,0.9166666666666666,1.0,0.9787701317715959,0.7184466019417476,0.8361581920903954,0.7184466019417476,0.9759939984996249,1.0,1.0,0.9878511769172361,0.9986861165077594
5,B_HFS_SMOTE,Bagging,8,0.9972222222222222,0.9972601220845629,0.9972222222222222,0.9961597815700408,0.9972333529855275,0.9878129657254169,0.9994178802836378,0.9988451841485716,0.0009382633388317321,33,0,0,0,73,1,1,2,1330,1.0,0.9992892679459844,0.9705882352941176,0.9850746268656716,0.997243491060336,0.9864864864864865,0.9985358711566618,0.9733333333333334,0.9798657718120806,0.9795949140730621,0.9977494373593399,0.9906542056074766,0.9992486851990984,0.9984984984984986,0.9999358428503664
5,B_HFS_SMOTE,XGBoost,8,0.9958333333333333,0.9959598931519161,0.9958333333333333,0.9956717386222614,0.9958698775499542,0.98323603322717,0.9989639453512352,0.9986413003612817,0.0009751487347196122,33,0,0,0,73,1,1,4,1328,1.0,0.9992892679459844,0.9705882352941176,0.9850746268656716,0.9896287329487293,0.9864864864864865,0.9970717423133236,0.948051948051948,0.9668874172185431,0.9658413663927525,0.9962490622655664,0.9906542056074766,0.999247554552295,0.9977460555972952,0.9999182108452611
5,B_HFS_SMOTE,Stacking (RF+SVM),8,0.9958333333333333,0.9958646700689407,0.9958333333333333,0.9899363627642432,0.9958417944292145,0.9775217182303496,0.9995835399999312,0.9987663934625152,0.0010906819883303946,32,0,1,0,72,2,2,1,1330,0.9696969696969697,0.9985785358919688,0.9411764705882353,0.955223880597015,0.9896216176474966,0.972972972972973,0.9992679355783309,0.9863013698630136,0.979591836734694,0.9967558835969977,0.9977494373593399,0.9719626168224299,0.9977494373593399,0.9977494373593399,0.9999657962196031
5,NAIVE_majority,DummyClassifier,21,0.9256944444444445,0.8569102044753086,0.9256944444444445,0.6666666666666666,0.8899752574428018,0.32047121048202915,,,,0,0,33,0,0,74,0,0,1333,0.0,1.0,0.0,0.0,,0.0,1.0,0.0,0.0,,1.0,0.0,0.9256944444444445,0.9614136314460874,
6,A_baseline,Logistic Regression,21,0.9618055555555556,0.9584329300084761,0.9618055555555556,0.8631509099665777,0.9572218436889093,0.7949741507439542,0.9756745582877799,0.9755186531214293,0.017151661741302476,26,4,3,0,34,40,5,3,1325,0.7878787878787878,0.9964463397299218,0.8387096774193549,0.8125,0.8091507554527833,0.4594594594594595,0.9948755490483162,0.8292682926829268,0.591304347826087,0.8017479102624601,0.9939984996249063,0.5981308411214953,0.9685672514619883,0.9811181044057756,0.9971672358800896
6,A_baseline,Decision Tree,21,0.9923611111111111,0.9928837498787189,0.9923611111111111,0.9916088310860663,0.9925010952850949,0.9618135237399071,0.9935852704512256,0.9959082601224628,0.005157231680524414,33,0,0,0,72,2,5,4,1324,1.0,0.9964463397299218,0.868421052631579,0.9295774647887324,0.9614924407793678,0.972972972972973,0.9970717423133236,0.9473684210526315,0.9599999999999999,0.9451695241210565,0.9932483120780196,0.9813084112149533,0.9984917043740573,0.9958631064309891,0.9990065895170015
6,A_baseline,KNN,21,0.9513888888888888,0.9486461803077167,0.9513888888888888,0.787673950821691,0.9374826475572482,0.7025559000321254,0.8985872340790405,0.8886732165623611,0.02540597840601565,23,2,8,0,14,60,0,0,1333,0.696969696969697,1.0,1.0,0.8214285714285715,0.936619882419507,0.1891891891891892,0.9985358711566618,0.875,0.3111111111111111,0.4418385175300096,1.0,0.3644859813084112,0.9514632405424697,0.9751280175566935,0.9847179435139235
6,A_baseline,SVM (RBF),21,0.95625,0.9525421655491698,0.95625,0.8152232910514817,0.9462776373940366,0.7413398731747356,0.9943453586344886,0.9919619535263381,0.00474410987854252,23,4,6,0,21,53,0,0,1333,0.696969696969697,1.0,1.0,0.8214285714285715,0.9473641251117666,0.28378378378378377,0.9970717423133236,0.84,0.42424242424242425,0.9078415627171307,1.0,0.4485981308411215,0.9576149425287356,0.9783486238532111,0.9995398936012655
6,A_baseline,SVM (Linear),21,0.9402777777777778,0.9429296316920341,0.9402777777777778,0.7436006438656739,0.9160853122604752,0.5940702682321953,0.9941853240955952,0.9897734001091326,0.00851322581457988,24,0,9,0,1,73,4,0,1329,0.7272727272727273,0.9971570717839374,0.8571428571428571,0.7868852459016394,0.923930698419589,0.013513513513513514,1.0,1.0,0.026666666666666665,0.839279843858222,0.9969992498124531,0.2336448598130841,0.9418851878100638,0.9686588921282798,0.9995424091828022
6,A_baseline,Random Forest,21,0.9930555555555556,0.9934346502584589,0.9930555555555556,0.9947098743051384,0.9931676083718906,0.9640133684997965,0.9994076030445425,0.9996786011929645,0.0004149871488361844,32,1,0,0,73,1,3,5,1325,0.9696969696969697,0.997867803837953,0.9142857142857143,0.9411764705882354,0.9848945033109255,0.9864864864864865,0.9956076134699854,0.9240506329113924,0.954248366013072,0.9973237089764847,0.9939984996249063,0.9906542056074766,0.9992458521870287,0.996615268898082,0.9999473101336328
6,A_baseline,AdaBoost,21,0.9763888888888889,0.9825159328337024,0.9763888888888889,0.9917388238338392,0.9780084428399274,0.9176059079161428,0.989513090371735,0.9898618204952607,0.0023608952510898065,33,0,0,0,74,0,5,29,1299,1.0,0.9964463397299218,0.868421052631579,0.9295774647887324,0.868421052631579,1.0,0.9787701317715959,0.7184466019417476,0.8361581920903954,0.7184466019417476,0.9744936234058514,1.0,1.0,0.9870820668693009,0.9985729945622401
6,A_baseline,Bagging,21,0.9930555555555556,0.9936164591366924,0.9930555555555556,0.994724095883574,0.9932018585439211,0.9642342182562501,0.9995823060901153,0.9997230010522922,0.0003287045687137942,33,0,0,0,73,1,5,4,1324,1.0,0.9964463397299218,0.868421052631579,0.9295774647887324,0.9874535332518951,0.9864864864864865,0.9970717423133236,0.948051948051948,0.9668874172185431,0.9969805968741549,0.9932483120780196,0.9906542056074766,0.999245283018868,0.9962377727614748,0.9999647050486132
6,A_baseline,XGBoost,21,0.9902777777777778,0.9906084498813967,0.9902777777777778,0.9851271692279431,0.9903910756008693,0.9519947279272802,0.9985931390418319,0.9996807137112022,0.0005013324122177204,32,1,0,0,70,4,4,5,1324,0.9696969696969697,0.9971570717839374,0.8888888888888888,0.927536231884058,0.981265446179813,0.9459459459459459,0.9956076134699854,0.9210526315789473,0.9333333333333332,0.9889932048932782,0.9932483120780196,0.9626168224299065,0.9969879518072289,0.9951146185644495,0.9998861270466739
6,A_baseline,Stacking (RF+SVM),21,0.99375,0.9940439703825158,0.99375,0.994953895779028,0.9938394085704457,0.9662317558602389,0.9995854991747232,0.9996466504531767,0.0003229432006724332,32,1,0,0,73,1,3,4,1326,0.9696969696969697,0.997867803837953,0.9142857142857143,0.9411764705882354,0.9869042422798674,0.9864864864864865,0.9963396778916545,0.9358974358974359,0.9605263157894737,0.9958422117929113,0.994748687171793,0.9906542056074766,0.9992464204973625,0.9969924812030077,0.9999658847131903
6,C_HFSonly,Logistic Regression,8,0.9534722222222223,0.9463509661911087,0.9534722222222223,0.8286389757201024,0.9448930579980083,0.7375718553815899,0.9842629865580483,0.9800863512036976,0.013433074398643082,26,5,2,0,22,52,5,3,1325,0.7878787878787878,0.9964463397299218,0.8387096774193549,0.8125,0.8806918724567414,0.2972972972972973,0.9941434846266471,0.7333333333333333,0.42307692307692313,0.7208541500679512,0.9939984996249063,0.4953271028037383,0.9608411892675852,0.9771386430678466,0.998708062210204
6,C_HFSonly,Decision Tree,8,0.9902777777777778,0.9908542497504761,0.9902777777777778,0.9880055233407791,0.9904552939283248,0.9521290057348035,0.987815389537154,0.9960044011623588,0.0044715018222545744,32,0,1,0,72,2,5,6,1322,0.9696969696969697,0.9964463397299218,0.8648648648648649,0.9142857142857143,0.9133504159239454,0.972972972972973,0.9956076134699854,0.9230769230769231,0.9473684210526315,0.9110021880855215,0.991747936984246,0.9719626168224299,0.9977358490566037,0.9947328818660647,0.9981418246797991
6,C_HFSonly,KNN,8,0.9548611111111112,0.9508263709870952,0.9548611111111112,0.8118782263585199,0.9432851020160352,0.748146668073642,0.9437868997454107,0.9231026442533882,0.026688066947578904,29,1,3,0,17,57,2,2,1329,0.8787878787878788,0.9985785358919688,0.9354838709677419,0.90625,0.9077901609058082,0.22972972972972974,0.9978038067349927,0.85,0.3617021276595745,0.6038681273603486,0.9969992498124531,0.4392523364485981,0.9568034557235421,0.9764878765613519,0.9915844888876899
6,C_HFSonly,SVM (RBF),8,0.9680555555555556,0.965864155913595,0.9680555555555556,0.876810744158404,0.9638995036812051,0.8388056423010264,0.9954587610874756,0.9957776436985061,0.00201711647248452,29,3,1,0,36,38,2,2,1329,0.8787878787878788,0.9985785358919688,0.9354838709677419,0.90625,0.8856618040566625,0.4864864864864865,0.9963396778916545,0.8780487804878049,0.6260869565217392,0.8931555721634591,0.9969992498124531,0.6355140186915887,0.9714912280701754,0.9840799703813402,0.9996402543018718
6,C_HFSonly,SVM (Linear),8,0.9395833333333333,0.9421908880670095,0.9395833333333333,0.7404853790681661,0.9152953096539161,0.5872131147540983,0.9929249313274491,0.9931723656172864,0.0025536104552499627,23,0,10,0,1,73,4,0,1329,0.696969696969697,0.9971570717839374,0.8518518518518519,0.7666666666666667,0.9226121846918279,0.013513513513513514,1.0,1.0,0.026666666666666665,0.8027533413693803,0.9969992498124531,0.22429906542056074,0.9412181303116147,0.9683060109289617,0.9994443011233457
6,C_HFSonly,Random Forest,8,0.9916666666666667,0.9923820020786792,0.9916666666666667,0.9942360529357946,0.9918526701816317,0.9597692528375492,0.9984602284985957,0.9990631470395467,0.0008739446876815585,33,0,0,0,73,1,5,6,1322,1.0,0.9964463397299218,0.868421052631579,0.9295774647887324,0.9816549408206449,0.9864864864864865,0.9956076134699854,0.9240506329113924,0.954248366013072,0.9539345657940906,0.991747936984246,0.9906542056074766,0.999244142101285,0.9954819277108434,0.9998757552739691
6,C_HFSonly,AdaBoost,8,0.9763888888888889,0.9825159328337024,0.9763888888888889,0.9917388238338392,0.9780084428399274,0.9176059079161428,0.989513090371735,0.9898618204952607,0.0023608952510898065,33,0,0,0,74,0,5,29,1299,1.0,0.9964463397299218,0.868421052631579,0.9295774647887324,0.868421052631579,1.0,0.9787701317715959,0.7184466019417476,0.8361581920903954,0.7184466019417476,0.9744936234058514,1.0,1.0,0.9870820668693009,0.9985729945622401
6,C_HFSonly,Bagging,8,0.9923611111111111,0.9929913245903964,0.9923611111111111,0.9944800744096843,0.9925252594948448,0.9619879243503066,0.9986654452655669,0.9990423675093172,0.000621559781095701,33,0,0,0,73,1,5,5,1323,1.0,0.9964463397299218,0.868421052631579,0.9295774647887324,0.9859153028261048,0.9864864864864865,0.9963396778916545,0.9358974358974359,0.9605263157894737,0.964982291640601,0.9924981245311327,0.9906542056074766,0.9992447129909365,0.9958599924727135,0.9998830786384426
6,C_HFSonly,XGBoost,8,0.9895833333333334,0.989819854297771,0.9895833333333334,0.9820047936412175,0.9896724341126384,0.9519724223273082,0.9980176614987657,0.9991611873730768,0.0006506071666259472,32,1,0,0,69,5,3,6,1324,0.9696969696969697,0.997867803837953,0.9142857142857143,0.9411764705882354,0.9747996255741309,0.9324324324324325,0.9948755490483162,0.9078947368421053,0.92,0.9561295298582816,0.9932483120780196,0.9532710280373832,0.9962377727614747,0.994740796393689,0.9998422194631658
6,C_HFSonly,Stacking (RF+SVM),8,0.9930555555555556,0.9933538384797382,0.9930555555555556,0.9918315201923025,0.9931427006591529,0.9685709493712822,0.9985981968243395,0.9990149166136767,0.0008092397097706103,32,0,1,0,73,1,2,6,1325,0.9696969696969697,0.9985785358919688,0.9411764705882353,0.955223880597015,0.9845096171872555,0.9864864864864865,0.9956076134699854,0.9240506329113924,0.954248366013072,0.9620163426814872,0.9939984996249063,0.9813084112149533,0.9984928409947249,0.9962406015037595,0.999888688342244
6,D_SMOTEonly,Logistic Regression,21,0.9625,0.9731245997950951,0.9625,0.9754943044782758,0.9656349439097022,0.8455987514251736,0.9911445338033084,0.9888447634387567,0.005108295892139252,33,0,0,1,69,4,21,28,1284,1.0,0.984363894811656,0.6,0.7499999999999999,0.8874209571594176,0.9324324324324325,0.9795021961932651,0.711340206185567,0.8070175438596491,0.9106845409812511,0.9632408102025506,0.9626168224299065,0.9968944099378882,0.9797787104158718,0.9992800474413244
6,D_SMOTEonly,Decision Tree,21,0.9916666666666667,0.9923820020786792,0.9916666666666667,0.9942360529357946,0.9918526701816317,0.9597692528375492,0.9919337748479955,0.9952115764732156,0.004980450887195049,33,0,0,0,73,1,5,6,1322,1.0,0.9964463397299218,0.868421052631579,0.9295774647887324,0.9128958760537708,0.9864864864864865,0.9956076134699854,0.9240506329113924,0.954248366013072,0.9122579066408181,0.991747936984246,0.9906542056074766,0.999244142101285,0.9954819277108434,0.9988406135802484
6,D_SMOTEonly,KNN,21,0.8798611111111111,0.940095189617441,0.8798611111111111,0.9004589695937693,0.90241365867725,0.7069035046351889,0.9201824097615159,0.9058154711498567,0.023225894818937314,31,2,0,2,52,20,12,137,1184,0.9393939393939394,0.9900497512437811,0.6888888888888889,0.7948717948717948,0.7875855682258122,0.7027027027027027,0.8982430453879942,0.27225130890052357,0.3924528301886793,0.3786223728052372,0.8882220555138785,0.8130841121495327,0.9833887043189369,0.9333858888450927,0.9897379964336218
6,D_SMOTEonly,SVM (RBF),21,0.9791666666666666,0.9809205225929764,0.9791666666666666,0.9726446496209428,0.9797972514040371,0.8958907681437257,0.9904320550782834,0.9856365891247943,0.008775005283644628,30,1,2,2,67,5,7,13,1313,0.9090909090909091,0.9936034115138592,0.7692307692307693,0.8333333333333333,0.9361786338340956,0.9054054054054054,0.9897510980966325,0.8271604938271605,0.864516129032258,0.9421384770060924,0.9849962490622656,0.9345794392523364,0.9946969696969697,0.9898228420655861,0.9991236369576562
6,D_SMOTEonly,SVM (Linear),21,0.9597222222222223,0.9737210075770721,0.9597222222222223,0.985974748720318,0.9635981389867119,0.8482051658950628,0.9944715380655339,0.993516534287181,0.002907175899314428,33,0,0,1,73,0,17,40,1276,1.0,0.9872068230277186,0.6470588235294118,0.7857142857142858,0.9642329072786722,0.9864864864864865,0.9707174231332357,0.6460176991150443,0.7807486631016042,0.9135771455104544,0.9572393098274569,1.0,1.0,0.9781525488692985,0.9995549585404195
6,D_SMOTEonly,Random Forest,21,0.9930555555555556,0.9936164591366924,0.9930555555555556,0.994724095883574,0.9932018585439211,0.9642342182562501,0.999205490477314,0.9995101868805373,0.0006415188647099409,33,0,0,0,73,1,5,4,1324,1.0,0.9964463397299218,0.868421052631579,0.9295774647887324,0.9869042422798676,0.9864864864864865,0.9970717423133236,0.948051948051948,0.9668874172185431,0.9937056362290362,0.9932483120780196,0.9906542056074766,0.999245283018868,0.9962377727614748,0.9999280429725522
6,D_SMOTEonly,AdaBoost,21,0.9763888888888889,0.9825159328337024,0.9763888888888889,0.9917388238338392,0.9780084428399274,0.9176059079161428,0.989513090371735,0.9898573785295065,0.002365295608625012,33,0,0,0,74,0,5,29,1299,1.0,0.9964463397299218,0.868421052631579,0.9295774647887324,0.868421052631579,1.0,0.9787701317715959,0.7184466019417476,0.8361581920903954,0.7184466019417476,0.9744936234058514,1.0,1.0,0.9870820668693009,0.9985729945622401
6,D_SMOTEonly,Bagging,21,0.9923611111111111,0.9929913245903964,0.9923611111111111,0.9944800744096843,0.9925252594948448,0.9619879243503066,0.9985209028450666,0.9993598020098048,0.0004568808667185179,33,0,0,0,73,1,5,5,1323,1.0,0.9964463397299218,0.868421052631579,0.9295774647887324,0.95419483051062,0.9864864864864865,0.9963396778916545,0.9358974358974359,0.9605263157894737,0.9703628480143047,0.9924981245311327,0.9906542056074766,0.9992447129909365,0.9958599924727135,0.9998080497303059
6,D_SMOTEonly,XGBoost,21,0.9895833333333334,0.9898731830024154,0.9895833333333334,0.9820119044304353,0.9896553939632451,0.9521722860565837,0.9989035598805762,0.9996480894016486,0.0004067880096554213,33,0,0,1,68,5,3,6,1324,1.0,0.9971570717839374,0.8918918918918919,0.9428571428571428,0.9859813690072476,0.918918918918919,0.9956076134699854,0.918918918918919,0.918918918918919,0.9875538274350137,0.9932483120780196,0.9532710280373832,0.9962377727614747,0.994740796393689,0.9999101789008115
6,D_SMOTEonly,Stacking (RF+SVM),21,0.99375,0.993972043476938,0.99375,0.9920826524554099,0.9938194700942464,0.96822723355303,0.9991180755942604,0.999621031559594,0.00031717161301442486,32,0,1,0,73,1,3,4,1326,0.9696969696969697,0.997867803837953,0.9142857142857143,0.9411764705882354,0.9794819252039146,0.9864864864864865,0.9970717423133236,0.948051948051948,0.9668874172185431,0.9917491049307149,0.994748687171793,0.9813084112149533,0.9984939759036144,0.9966178128523112,0.9999275302966587
6,B_HFS_SMOTE,Logistic Regression,8,0.9652777777777778,0.9756287739130877,0.9652777777777778,0.9850627879770354,0.9682409289184098,0.8539219897998525,0.9921412426962737,0.9900737023452383,0.005407299432178419,32,1,0,1,72,1,18,29,1286,0.9696969696969697,0.9864960909737029,0.6274509803921569,0.761904761904762,0.8812779799390118,0.972972972972973,0.9780380673499268,0.7058823529411765,0.8181818181818183,0.9029290367614087,0.9647411852963241,0.9906542056074766,0.9992229992229992,0.9816793893129772,0.9993647844064475
6,B_HFS_SMOTE,Decision Tree,8,0.9888888888888889,0.9903343223254214,0.9888888888888889,0.9961312103638539,0.989241845552701,0.9514524463341895,0.9941741000732989,0.995275743091295,0.003573501092767999,33,0,0,0,74,0,5,11,1317,1.0,0.9964463397299218,0.868421052631579,0.9295774647887324,0.868421052631579,1.0,0.9919472913616398,0.8705882352941177,0.9308176100628931,0.8705882352941177,0.9879969992498124,1.0,1.0,0.9939622641509434,0.9992857262401668
6,B_HFS_SMOTE,KNN,8,0.9263888888888889,0.954329054713133,0.9263888888888889,0.9398067980901953,0.9358372386722156,0.7723087688284904,0.957320087889352,0.9445149536514965,0.02499567960658229,33,0,0,2,60,12,16,76,1241,1.0,0.9872068230277186,0.6470588235294118,0.7857142857142858,0.7704124579124579,0.8108108108108109,0.9443631039531479,0.4411764705882353,0.5714285714285715,0.6455507290317191,0.9309827456864216,0.8878504672897196,0.9904229848363927,0.9597834493426141,0.9943100902998483
6,B_HFS_SMOTE,SVM (RBF),8,0.9729166666666667,0.9790801993691509,0.9729166666666667,0.9848260053416794,0.9746520278977587,0.8862788014523737,0.9955045860879997,0.9951023764562812,0.002155298544462508,32,0,1,1,72,1,11,25,1297,0.9696969696969697,0.9914712153518124,0.7272727272727273,0.8311688311688312,0.9135009263448381,0.972972972972973,0.9816983894582724,0.7422680412371134,0.8421052631578948,0.9103350476624247,0.972993248312078,0.9813084112149533,0.9984603541185527,0.9855623100303952,0.9996375814096123
6,B_HFS_SMOTE,SVM (Linear),8,0.9638888888888889,0.975747853648797,0.9638888888888889,0.9874602099313098,0.9671841485701582,0.8504996069669649,0.9948722599132139,0.994154593150651,0.002413848596084193,32,1,0,0,74,0,21,30,1282,0.9696969696969697,0.9850746268656716,0.6037735849056604,0.7441860465116279,0.9526608770150214,1.0,0.9773060029282576,0.7047619047619048,0.8268156424581006,0.8857860987026763,0.9617404351087772,1.0,1.0,0.9804971319311663,0.9995881600851568
6,B_HFS_SMOTE,Random Forest,8,0.9916666666666667,0.9923820020786792,0.9916666666666667,0.9942360529357946,0.9918526701816317,0.9597692528375492,0.9987528526081636,0.9988485277378629,0.0007600862437249123,33,0,0,0,73,1,5,6,1322,1.0,0.9964463397299218,0.868421052631579,0.9295774647887324,0.9904752802286009,0.9864864864864865,0.9956076134699854,0.9240506329113924,0.954248366013072,0.974760249582225,0.991747936984246,0.9906542056074766,0.999244142101285,0.9954819277108434,0.9998935668802749
6,B_HFS_SMOTE,AdaBoost,8,0.9763888888888889,0.9825159328337024,0.9763888888888889,0.9917388238338392,0.9780084428399274,0.9176059079161428,0.989513090371735,0.9898618204952607,0.0023608952510898065,33,0,0,0,74,0,5,29,1299,1.0,0.9964463397299218,0.868421052631579,0.9295774647887324,0.868421052631579,1.0,0.9787701317715959,0.7184466019417476,0.8361581920903954,0.7184466019417476,0.9744936234058514,1.0,1.0,0.9870820668693009,0.9985729945622401
6,B_HFS_SMOTE,Bagging,8,0.9916666666666667,0.9923820020786792,0.9916666666666667,0.9942360529357946,0.9918526701816317,0.9597692528375492,0.9977651900211513,0.9987219742238104,0.0007732646607202155,33,0,0,0,73,1,5,6,1322,1.0,0.9964463397299218,0.868421052631579,0.9295774647887324,0.9638541112331436,0.9864864864864865,0.9956076134699854,0.9240506329113924,0.954248366013072,0.9413362217370977,0.991747936984246,0.9906542056074766,0.999244142101285,0.9954819277108434,0.9997428624202139
6,B_HFS_SMOTE,XGBoost,8,0.9881944444444445,0.9887609097845167,0.9881944444444445,0.9815309722718738,0.9883567218782167,0.947728027939481,0.9975313022897419,0.9988251784554795,0.0009581085670459707,33,0,0,0,69,5,5,7,1321,1.0,0.9964463397299218,0.868421052631579,0.9295774647887324,0.9795226292527339,0.9324324324324325,0.9948755490483162,0.9078947368421053,0.92,0.9651183178882842,0.9909977494373593,0.9532710280373832,0.9962292609351433,0.9936066190297103,0.9997997201976347
6,B_HFS_SMOTE,Stacking (RF+SVM),8,0.9916666666666667,0.9925436340336439,0.9916666666666667,0.9971072962594126,0.991879855550043,0.9599648991501087,0.9978681770990071,0.9987119959835725,0.0011585583905907343,33,0,0,0,74,0,5,7,1321,1.0,0.9964463397299218,0.868421052631579,0.9295774647887324,0.9815818009668921,1.0,0.9948755490483162,0.9135802469135802,0.9548387096774192,0.9481291497367883,0.9909977494373593,1.0,1.0,0.9954785229841747,0.999829544192481
6,NAIVE_majority,DummyClassifier,21,0.9256944444444445,0.8569102044753086,0.9256944444444445,0.6666666666666666,0.8899752574428018,0.32047121048202915,,,,0,0,33,0,0,74,0,0,1333,0.0,1.0,0.0,0.0,,0.0,1.0,0.0,0.0,,1.0,0.0,0.9256944444444445,0.9614136314460874,
7,A_baseline,Logistic Regression,21,0.9506944444444444,0.9449422147331155,0.9506944444444444,0.8248200896577967,0.9426315145376091,0.7212813251515092,0.975166465478094,0.975462277951468,0.018218012377507743,25,4,4,0,23,51,9,3,1321,0.7575757575757576,0.9936034115138592,0.7352941176470589,0.746268656716418,0.8690293174139031,0.3108108108108108,0.9948755490483162,0.7666666666666667,0.4423076923076923,0.6641871381211967,0.9909977494373593,0.48598130841121495,0.9600290697674418,0.9752676264304172,0.9971756960294333
7,A_baseline,Decision Tree,21,0.9888888888888889,0.9906649317030182,0.9888888888888889,0.9961027672069825,0.9893398228117044,0.9623374503797715,0.9955203242268809,0.996114103286522,0.00229039478319979,33,0,0,0,74,0,1,15,1317,1.0,0.9992892679459844,0.9705882352941176,0.9850746268656716,0.9705882352941176,1.0,0.9890190336749634,0.8314606741573034,0.9079754601226994,0.8314606741573034,0.9879969992498124,1.0,1.0,0.9939622641509434,0.9993520035710682
7,A_baseline,KNN,21,0.9451388888888889,0.9384333511142722,0.9451388888888889,0.7653932758697928,0.9271493241134965,0.6447645217461324,0.8926517749804977,0.8865828508550517,0.0144578344687728,22,2,9,0,8,66,2,0,1331,0.6666666666666666,0.9985785358919688,0.9166666666666666,0.7719298245614035,0.8374035686535686,0.10810810810810811,0.9985358711566618,0.8,0.19047619047619047,0.43435977130196196,0.9984996249062266,0.29906542056074764,0.9466571834992887,0.9718875502008032,0.9838477308245779
7,A_baseline,SVM (RBF),21,0.9534722222222223,0.9508583876638567,0.9534722222222223,0.7998909885378325,0.9426613926459277,0.722110221118581,0.9890295706849905,0.992595387666762,0.003902284364993873,21,2,10,0,20,54,0,1,1332,0.6363636363636364,1.0,1.0,0.7777777777777778,0.8955868489919676,0.2702702702702703,0.9978038067349927,0.8695652173913043,0.41237113402061853,0.847556507010529,0.9992498124531133,0.40186915887850466,0.9541547277936963,0.976181751557347,0.9990899777833383
7,A_baseline,SVM (Linear),21,0.9416666666666667,0.8933959118016321,0.9416666666666667,0.7411961111221816,0.9162392916935238,0.5922749154929279,0.9925869590710505,0.9894384111646579,0.008851156456615527,23,0,10,1,0,73,0,0,1333,0.696969696969697,0.9992892679459844,0.9583333333333334,0.8070175438596493,0.9583021860079521,0.0,1.0,0.0,0.0,0.7776461775929626,1.0,0.22429906542056074,0.9413841807909604,0.9698072026191342,0.9994100223091145
7,A_baseline,Random Forest,21,0.9979166666666667,0.9979978354978355,0.9979166666666667,0.9992679355783309,0.9979361885423583,0.9930019671087479,0.9997620933165483,0.9996452446401346,0.00034046839573734797,33,0,0,0,74,0,0,3,1330,1.0,1.0,1.0,1.0,1.0,1.0,0.9978038067349927,0.961038961038961,0.9801324503311257,0.9996372047723397,0.9977494373593399,1.0,1.0,0.9988734509951183,0.9999790713865742
7,A_baseline,AdaBoost,21,0.9770833333333333,0.9838123535577754,0.9770833333333333,0.9919544021508576,0.9789202144459092,0.9315878723444011,0.9911182595087371,0.9894577831090636,0.0028276328056943594,33,0,0,0,74,0,1,32,1300,1.0,0.9992892679459844,0.9705882352941176,0.9850746268656716,0.9705882352941176,1.0,0.9765739385065886,0.6981132075471698,0.8222222222222222,0.6981132075471698,0.9752438109527382,1.0,1.0,0.9874667679453095,0.99868078313438
7,A_baseline,Bagging,21,0.9972222222222222,0.9972346025801083,0.9972222222222222,0.990410184133587,0.9971759905441976,0.9813900975367224,0.999903642376618,0.9998637005923108,0.0002002986790541367,30,0,3,0,74,0,0,1,1332,0.9090909090909091,1.0,1.0,0.9523809523809523,0.997243491060336,1.0,0.9992679355783309,0.9866666666666667,0.9932885906040269,0.9996372047723399,0.9992498124531133,0.9719626168224299,0.9977528089887641,0.9985007496251875,0.9999915960428213
7,A_baseline,XGBoost,21,0.9951388888888889,0.995098247486341,0.9951388888888889,0.9868139871775176,0.9950970478302514,0.9694080324702513,0.9997957849082563,0.9997835318355415,0.00034125343962776374,30,1,2,0,72,2,1,1,1331,0.9090909090909091,0.9992892679459844,0.967741935483871,0.9374999999999999,0.9908978249843099,0.972972972972973,0.9985358711566618,0.972972972972973,0.972972972972973,0.9984198819815258,0.9984996249062266,0.9626168224299065,0.997003745318352,0.9977511244377811,0.9999831445173109
7,A_baseline,Stacking (RF+SVM),21,0.9951388888888889,0.9951832355026788,0.9951388888888889,0.9839356330646817,0.9950085759432263,0.9673589161396347,0.9997627964936926,0.9997863254348165,0.00015788412389447425,28,0,5,0,74,0,0,2,1331,0.8484848484848485,1.0,1.0,0.9180327868852458,1.0,1.0,0.9985358711566618,0.9736842105263158,0.9866666666666666,0.9987055804953914,0.9984996249062266,0.9532710280373832,0.9962574850299402,0.9973772948669914,0.99998000644996
7,C_HFSonly,Logistic Regression,8,0.9506944444444444,0.9434593656179656,0.9506944444444444,0.8219346247557432,0.9418915289772373,0.7295482962074948,0.9836322634310259,0.9804227212520529,0.009704193789107075,27,3,3,0,21,53,7,5,1321,0.8181818181818182,0.9950248756218906,0.7941176470588235,0.8059701492537314,0.9156721932716376,0.28378378378378377,0.9941434846266471,0.7241379310344828,0.4077669902912622,0.6637570083207925,0.9909977494373593,0.4766355140186916,0.9593318809005084,0.9749077490774908,0.9986747535718428
7,C_HFSonly,Decision Tree,8,0.9888888888888889,0.9906649317030182,0.9888888888888889,0.9961027672069825,0.9893398228117044,0.9623374503797715,0.9955203242268809,0.996114103286522,0.00229039478319979,33,0,0,0,74,0,1,15,1317,1.0,0.9992892679459844,0.9705882352941176,0.9850746268656716,0.9705882352941176,1.0,0.9890190336749634,0.8314606741573034,0.9079754601226994,0.8314606741573034,0.9879969992498124,1.0,1.0,0.9939622641509434,0.9993520035710682
7,C_HFSonly,KNN,8,0.9548611111111112,0.9526585733670865,0.9548611111111112,0.8090069830349017,0.9435094384871682,0.7374394912475507,0.9363727497040756,0.9331972417101447,0.026811224070638483,26,2,5,0,18,56,2,0,1331,0.7878787878787878,0.9985785358919688,0.9285714285714286,0.8524590163934426,0.9234621006345606,0.24324324324324326,0.9985358711566618,0.9,0.3829787234042553,0.6061517210785964,0.9984996249062266,0.42990654205607476,0.9561781609195402,0.976880733944954,0.9904327334116951
7,C_HFSonly,SVM (RBF),8,0.9645833333333333,0.9625254905202821,0.9645833333333333,0.855484822734411,0.9591364924288421,0.8163254093867894,0.9967981044948666,0.9954653559525374,0.001398449243439029,27,2,4,0,32,42,1,2,1330,0.8181818181818182,0.9992892679459844,0.9642857142857143,0.8852459016393442,0.9567538538126772,0.43243243243243246,0.9970717423133236,0.8888888888888888,0.5818181818181818,0.9364356626539287,0.9977494373593399,0.5700934579439252,0.9665697674418605,0.9819121447028424,0.9997430317991122
7,C_HFSonly,SVM (Linear),8,0.9409722222222222,0.8927394108462118,0.9409722222222222,0.738080846324674,0.9154246392496391,0.5850562770562769,0.9922023524830198,0.9929537690912035,0.0021620305694882874,22,0,11,1,0,73,0,0,1333,0.6666666666666666,0.9992892679459844,0.9565217391304348,0.7857142857142856,0.9555400841064998,0.0,1.0,0.0,0.0,0.761069373296221,1.0,0.21495327102803738,0.9407198306280875,0.9694545454545455,0.9993818515691804
7,C_HFSonly,Random Forest,8,0.9951388888888889,0.9954487742637216,0.9951388888888889,0.9954206063591541,0.9952101488431816,0.9810079185501959,0.9991522486844886,0.9989437242100525,0.0009515644352180953,32,0,1,0,74,0,0,6,1327,0.9696969696969697,1.0,1.0,0.9846153846153847,0.9999999999999999,1.0,0.9956076134699854,0.925,0.961038961038961,0.9864904836231169,0.9954988747186797,0.9906542056074766,0.9992469879518072,0.997369409996242,0.9999310855899588
7,C_HFSonly,AdaBoost,8,0.9770833333333333,0.9838123535577754,0.9770833333333333,0.9919544021508576,0.9789202144459092,0.9315878723444011,0.9911182595087371,0.9894577831090636,0.0028276328056943594,33,0,0,0,74,0,1,32,1300,1.0,0.9992892679459844,0.9705882352941176,0.9850746268656716,0.9705882352941176,1.0,0.9765739385065886,0.6981132075471698,0.8222222222222222,0.6981132075471698,0.9752438109527382,1.0,1.0,0.9874667679453095,0.99868078313438
7,C_HFSonly,Bagging,8,0.9958333333333333,0.9960510041072304,0.9958333333333333,0.9956646278330438,0.9958815966318801,0.9832272338835294,0.9991535436659263,0.9990509577092153,0.0008831358438466545,32,0,1,0,74,0,0,5,1328,0.9696969696969697,1.0,1.0,0.9846153846153847,0.9991087344028521,1.0,0.9963396778916545,0.9367088607594937,0.9673202614379084,0.9722583702368041,0.9962490622655664,0.9906542056074766,0.999247554552295,0.9977460555972952,0.9999171835470506
7,C_HFSonly,XGBoost,8,0.9944444444444445,0.9944505208333333,0.9944444444444445,0.9865699657036279,0.9944400705558424,0.9724294522262471,0.9988686751778875,0.99909193629594,0.0009117437808176285,31,0,2,0,72,2,1,3,1329,0.9393939393939394,0.9992892679459844,0.96875,0.9538461538461539,0.9972434910603358,0.972972972972973,0.9978038067349927,0.96,0.9664429530201343,0.9458008216049159,0.9969992498124531,0.9626168224299065,0.9969992498124531,0.9969992498124531,0.9999117926250545
7,C_HFSonly,Stacking (RF+SVM),8,0.9951388888888889,0.9953555169569493,0.9951388888888889,0.9925493630355359,0.9951711850172835,0.9778138823643948,0.9992120662537306,0.9988743105544102,0.0010195543175590663,31,0,2,0,74,0,0,5,1328,0.9393939393939394,1.0,1.0,0.96875,0.9999999999999998,1.0,0.9963396778916545,0.9367088607594937,0.9673202614379084,0.9847253782025313,0.9962490622655664,0.9813084112149533,0.9984962406015038,0.997371385655276,0.9999364559684578
7,D_SMOTEonly,Logistic Regression,21,0.9680555555555556,0.9771115947024304,0.9680555555555556,0.9860388738725941,0.9706557023393116,0.8607819238491389,0.9922285537401794,0.9865034491652821,0.01187443514013877,32,1,0,1,72,1,18,25,1290,0.9696969696969697,0.9864960909737029,0.6274509803921569,0.761904761904762,0.8238525172025393,0.972972972972973,0.9809663250366032,0.7346938775510204,0.8372093023255813,0.8243327832694255,0.967741935483871,0.9906542056074766,0.9992254066615027,0.9832317073170732,0.9993865472152457
7,D_SMOTEonly,Decision Tree,21,0.9888888888888889,0.9906649317030182,0.9888888888888889,0.9961027672069825,0.9893398228117044,0.9623374503797715,0.9955203242268809,0.996114103286522,0.00229039478319979,33,0,0,0,74,0,1,15,1317,1.0,0.9992892679459844,0.9705882352941176,0.9850746268656716,0.9705882352941176,1.0,0.9890190336749634,0.8314606741573034,0.9079754601226994,0.8314606741573034,0.9879969992498124,1.0,1.0,0.9939622641509434,0.9993520035710682
7,D_SMOTEonly,KNN,21,0.88125,0.9395996561004785,0.88125,0.895183193526659,0.90319789621684,0.7003026499748121,0.909931640425018,0.9124688084977308,0.01462897331653948,27,3,3,1,54,19,10,135,1188,0.8181818181818182,0.992181947405828,0.7105263157894737,0.7605633802816901,0.7410501071243073,0.7297297297297297,0.8989751098096632,0.28125,0.40601503759398494,0.4267501485842813,0.8912228057014253,0.794392523364486,0.9818181818181818,0.9343295320487612,0.987657185037689
7,D_SMOTEonly,SVM (RBF),21,0.9604166666666667,0.968116699046078,0.9604166666666667,0.9574707830119378,0.9630372325182492,0.8377143377989754,0.9827980568729481,0.98804601252123,0.004789437127801799,30,1,2,2,64,8,11,33,1289,0.9090909090909091,0.9907604832977968,0.6976744186046512,0.7894736842105263,0.8821988633353787,0.8648648648648649,0.9751098096632503,0.6530612244897959,0.7441860465116279,0.8664376251551562,0.9669917479369843,0.9065420560747663,0.9923017705927637,0.979483282674772,0.9984564059412344
7,D_SMOTEonly,SVM (Linear),21,0.9673611111111111,0.9768019929195201,0.9673611111111111,0.9857664092418332,0.9699180876007666,0.8723691489754133,0.9942391727195983,0.992803397627888,0.007730568022063459,33,0,0,0,73,1,15,31,1287,1.0,0.9893390191897654,0.6875,0.8148148148148148,0.9468574081219823,0.9864864864864865,0.9773060029282576,0.7019230769230769,0.8202247191011235,0.8897317683391195,0.9654913728432108,0.9906542056074766,0.9992236024844721,0.9820679130103014,0.9995358486544453
7,D_SMOTEonly,Random Forest,21,0.9986111111111111,0.9986476608187134,0.9986111111111111,0.9995119570522206,0.9986198490156823,0.9953053053053053,0.9998609110857207,0.999786443491027,0.0002293522984726474,33,0,0,0,74,0,0,2,1331,1.0,1.0,1.0,1.0,0.9999999999999999,1.0,0.9985358711566618,0.9736842105263158,0.9866666666666666,0.9988836625804415,0.9984996249062266,1.0,1.0,0.9992492492492493,0.9999882720611541
7,D_SMOTEonly,AdaBoost,21,0.9604166666666667,0.9746084996024,0.9604166666666667,0.9862685457187327,0.9643443458481147,0.8418831654554153,0.9911182595087371,0.9894236569073461,0.002874311672504585,33,0,0,0,74,0,25,32,1276,1.0,0.9822316986496091,0.5689655172413793,0.7252747252747253,0.9705882352941176,1.0,0.9765739385065886,0.6981132075471698,0.8222222222222222,0.6981132075471698,0.9572393098274569,1.0,1.0,0.9781525488692985,0.99868078313438
7,D_SMOTEonly,Bagging,21,0.9972222222222222,0.9973238158899924,0.9972222222222222,0.999031024893659,0.9972460130221298,0.9879014825316648,0.9999049059147225,0.9993594454462642,0.0006507740839599626,33,0,0,0,74,0,1,3,1329,1.0,0.9992892679459844,0.9705882352941176,0.9850746268656716,0.9972721871117594,1.0,0.9978038067349927,0.961038961038961,0.9801324503311257,1.0,0.9969992498124531,1.0,1.0,0.9984973703981969,0.9999910169496503
7,D_SMOTEonly,XGBoost,21,0.99375,0.9938604495180554,0.99375,0.9891971875533563,0.9937801781234452,0.9681618449830371,0.9996933491026282,0.9997501309516462,0.0003699026922383275,31,1,1,0,72,2,1,4,1328,0.9393939393939394,0.9992892679459844,0.96875,0.9538461538461539,0.9906304453051655,0.972972972972973,0.9963396778916545,0.935064935064935,0.9536423841059603,0.9968663721265172,0.9962490622655664,0.9719626168224299,0.9977460555972952,0.9969969969969971,0.9999747186662742
7,D_SMOTEonly,Stacking (RF+SVM),21,0.9958333333333333,0.9958560133166875,0.9958333333333333,0.9870508978621895,0.9957922829293246,0.9766659495436046,0.9996309303864563,0.9997218123835848,0.00028344765241352456,30,0,3,0,73,1,0,2,1331,0.9090909090909091,1.0,1.0,0.9523809523809523,0.9953379953379954,0.9864864864864865,0.9985358711566618,0.9733333333333334,0.9798657718120806,0.9965379237016185,0.9984996249062266,0.9626168224299065,0.997003745318352,0.9977511244377811,0.9999693090606718
7,B_HFS_SMOTE,Logistic Regression,8,0.9694444444444444,0.9782016443701227,0.9694444444444444,0.9893626061979027,0.9718123667266922,0.8750646046042778,0.9918097405300192,0.9903454176404439,0.0046887173185277305,32,1,0,0,74,0,14,29,1290,0.9696969696969697,0.9900497512437811,0.6956521739130435,0.810126582278481,0.871916508404331,1.0,0.9780380673499268,0.7115384615384616,0.8314606741573033,0.8300839167992277,0.967741935483871,1.0,1.0,0.9836065573770492,0.9993391827531292
7,B_HFS_SMOTE,Decision Tree,8,0.9888888888888889,0.9906649317030182,0.9888888888888889,0.9961027672069825,0.9893398228117044,0.9623374503797715,0.9955203242268809,0.996114103286522,0.00229039478319979,33,0,0,0,74,0,1,15,1317,1.0,0.9992892679459844,0.9705882352941176,0.9850746268656716,0.9705882352941176,1.0,0.9890190336749634,0.8314606741573034,0.9079754601226994,0.8314606741573034,0.9879969992498124,1.0,1.0,0.9939622641509434,0.9993520035710682
7,B_HFS_SMOTE,KNN,8,0.9166666666666666,0.9519579627799737,0.9166666666666666,0.9335050325536858,0.9286857122025745,0.7552919118825563,0.9548493208184059,0.954795228185516,0.021015968019782706,30,1,2,0,63,11,16,90,1227,0.9090909090909091,0.9886282871357498,0.6521739130434783,0.759493670886076,0.8238827563938429,0.8513513513513513,0.9333821376281113,0.4090909090909091,0.5526315789473684,0.630202575402953,0.9204801200300075,0.8785046728971962,0.989516129032258,0.9537504858142246,0.9940055134784332
7,B_HFS_SMOTE,SVM (RBF),8,0.9791666666666666,0.9834007873645088,0.9791666666666666,0.9898578879842156,0.9802761466814002,0.9160349574923896,0.9968811512534262,0.9954162713479136,0.0009642022138487773,32,0,1,0,74,0,7,22,1304,0.9696969696969697,0.9950248756218906,0.8205128205128205,0.8888888888888888,0.9465038424444123,1.0,0.9838945827232797,0.7708333333333334,0.8705882352941177,0.9521629025480219,0.978244561140285,0.9906542056074766,0.9992337164750957,0.9886277482941622,0.9997462579064487
7,B_HFS_SMOTE,SVM (Linear),8,0.9652777777777778,0.976393921095008,0.9652777777777778,0.9878913665653467,0.9682581885465189,0.8721099627091963,0.9935261485591929,0.9948158991946909,0.0016548238246962346,33,0,0,0,74,0,13,37,1283,1.0,0.9907604832977968,0.717391304347826,0.8354430379746834,0.9589679848288168,1.0,0.972913616398243,0.6666666666666666,0.8,0.8703431187903746,0.9624906226556639,1.0,1.0,0.9808868501529052,0.9994782993371537
7,B_HFS_SMOTE,Random Forest,8,0.9951388888888889,0.9954718137254902,0.9951388888888889,0.99829896047199,0.9952188415369643,0.9811603397566024,0.9992577662018738,0.9989884290298112,0.0009829757584453548,33,0,0,0,74,0,1,6,1326,1.0,0.9992892679459844,0.9705882352941176,0.9850746268656716,0.9991087344028521,1.0,0.9956076134699854,0.925,0.961038961038961,0.9793177198903342,0.994748687171793,1.0,1.0,0.9973674313651749,0.9999374000769748
7,B_HFS_SMOTE,AdaBoost,8,0.9770833333333333,0.9838123535577754,0.9770833333333333,0.9919544021508576,0.9789202144459092,0.9315878723444011,0.9911182595087371,0.9893721879002442,0.002776082227180292,33,0,0,0,74,0,1,32,1300,1.0,0.9992892679459844,0.9705882352941176,0.9850746268656716,0.9705882352941176,1.0,0.9765739385065886,0.6981132075471698,0.8222222222222222,0.6981132075471698,0.9752438109527382,1.0,1.0,0.9874667679453095,0.99868078313438
7,B_HFS_SMOTE,Bagging,8,0.9944444444444445,0.9948849653029938,0.9944444444444445,0.9980549389981003,0.9945510333857868,0.9789678515840903,0.9988417720858727,0.9987068741313552,0.0010410080948851565,33,0,0,0,74,0,1,7,1325,1.0,0.9992892679459844,0.9705882352941176,0.9850746268656716,0.9962965213633663,1.0,0.9948755490483162,0.9135802469135802,0.9548387096774192,0.9638105320974844,0.9939984996249063,1.0,1.0,0.9969902182091799,0.9998644174715802
7,B_HFS_SMOTE,XGBoost,8,0.99375,0.9939788707999418,0.99375,0.9920684308769744,0.9938224099837449,0.9763536202568716,0.9989281624055588,0.998936594098357,0.001053730460114565,33,0,0,0,72,2,1,6,1326,1.0,0.9992892679459844,0.9705882352941176,0.9850746268656716,0.9931286897820195,0.972972972972973,0.9956076134699854,0.9230769230769231,0.9473684210526315,0.9624612827106864,0.994748687171793,0.9813084112149533,0.9984939759036144,0.9966178128523112,0.999915371195162
7,B_HFS_SMOTE,Stacking (RF+SVM),8,0.9944444444444445,0.9947538045298501,0.9944444444444445,0.9951836956744821,0.994519347611453,0.9759094706463128,0.9996503711631524,0.9986908093575005,0.0012183791615419874,32,0,1,0,74,0,1,6,1326,0.9696969696969697,0.9992892679459844,0.9696969696969697,0.9696969696969697,0.9965564738292011,1.0,0.9956076134699854,0.925,0.961038961038961,0.996324778650952,0.994748687171793,0.9906542056074766,0.9992464204973625,0.9969924812030077,0.9999709772889471
7,NAIVE_majority,DummyClassifier,21,0.9256944444444445,0.8569102044753086,0.9256944444444445,0.6666666666666666,0.8899752574428018,0.32047121048202915,,,,0,0,33,0,0,74,0,0,1333,0.0,1.0,0.0,0.0,,0.0,1.0,0.0,0.0,,1.0,0.0,0.9256944444444445,0.9614136314460874,
8,A_baseline,Logistic Regression,21,0.9590277777777778,0.9563247059957587,0.9590277777777778,0.8564536697914362,0.9538643165033084,0.794043858536075,0.9905897915776999,0.9809734336484415,0.011625281204463865,30,1,2,0,31,43,8,5,1320,0.9090909090909091,0.994314143567875,0.7894736842105263,0.8450704225352113,0.8356694533985789,0.4189189189189189,0.9956076134699854,0.8378378378378378,0.5585585585585585,0.7571123870504598,0.9902475618904726,0.5794392523364486,0.967032967032967,0.9785025945144552,0.9992521637676745
8,A_baseline,Decision Tree,21,0.9979166666666667,0.9980902777777778,0.9979166666666667,0.9992892679459843,0.9979607830331922,0.985131730041851,0.9989339019189766,0.9956335056064314,0.005292130945288139,33,0,0,0,74,0,3,0,1330,1.0,0.997867803837953,0.9166666666666666,0.9565217391304348,0.9166666666666666,1.0,1.0,1.0,1.0,1.0,0.9977494373593399,1.0,1.0,0.9988734509951183,0.9998327706926732
8,A_baseline,KNN,21,0.95,0.9480489276669832,0.95,0.7785721779030573,0.9328908245931634,0.6899002784606841,0.9038204762156512,0.8794411755093737,0.03044291432067535,26,1,6,0,9,65,0,0,1333,0.7878787878787878,1.0,1.0,0.8813559322033898,0.944056637806638,0.12162162162162163,0.9992679355783309,0.9,0.2142857142857143,0.42103657832316377,1.0,0.3364485981308411,0.9494301994301995,0.9740591888929485,0.9857262837914087
8,A_baseline,SVM (RBF),21,0.9347222222222222,0.8866028295376123,0.9347222222222222,0.7100434631471039,0.9071685658883841,0.5064945413977209,0.9963943544530871,0.9912615656452319,0.00460404572251674,13,0,20,1,0,73,0,0,1333,0.3939393939393939,0.9992892679459844,0.9285714285714286,0.5531914893617021,0.9672877301590628,0.0,1.0,0.0,0.0,0.9398103843411537,1.0,0.1308411214953271,0.9347826086956522,0.9662921348314606,0.9997096510005915
8,A_baseline,SVM (Linear),21,0.9402777777777778,0.9429802286158442,0.9402777777777778,0.7407222897528379,0.9159408875959051,0.5916698008265403,0.9932493201245893,0.9932590336414618,0.0027527009521040122,23,0,10,0,1,73,3,0,1330,0.696969696969697,0.997867803837953,0.8846153846153846,0.7796610169491526,0.9177613957427834,0.013513513513513514,1.0,1.0,0.026666666666666665,0.7844453639136175,0.9977494373593399,0.22429906542056074,0.9412597310686482,0.9686817188638019,0.9994711827672007
8,A_baseline,Random Forest,21,0.9958333333333333,0.996474358974359,0.9958333333333333,0.9985785358919688,0.9960022451963242,0.971470342522974,0.9990543522743797,0.9997085262836538,0.0003748044494343876,33,0,0,0,74,0,6,0,1327,1.0,0.9957356076759062,0.8461538461538461,0.9166666666666666,0.9698489122643065,1.0,1.0,1.0,1.0,0.9999999999999999,0.9954988747186797,1.0,1.0,0.9977443609022557,0.9999205411504529
8,A_baseline,AdaBoost,21,0.9715277777777778,0.9799733396063671,0.9715277777777778,0.9900377843058292,0.9738033361523116,0.9032635961488421,0.987363919449398,0.9904051446758448,0.001730013290412105,33,0,0,0,74,0,6,35,1292,1.0,0.9957356076759062,0.8461538461538461,0.9166666666666666,0.8461538461538461,1.0,0.9743777452415813,0.6788990825688074,0.8087431693989072,0.6788990825688074,0.9692423105776444,1.0,1.0,0.9843809523809524,0.9982786850352845
8,A_baseline,Bagging,21,0.9951388888888889,0.9957891737891738,0.9951388888888889,0.9983345144180791,0.995308431746164,0.9691075628786229,0.9991340720739871,0.9998178091611611,0.00018019480099152764,33,0,0,0,74,0,6,1,1326,1.0,0.9957356076759062,0.8461538461538461,0.9166666666666666,0.9228856014660949,1.0,0.9992679355783309,0.9866666666666667,0.9932885906040269,1.0,0.994748687171793,1.0,1.0,0.9973674313651749,0.9998862630896668
8,A_baseline,XGBoost,21,0.9951388888888889,0.9959895833333333,0.9951388888888889,0.9983416252072969,0.995365557255649,0.9671590068020902,0.9984422430570777,0.999771655318258,0.0002682010951786365,33,0,0,0,74,0,7,0,1326,1.0,0.9950248756218906,0.825,0.9041095890410958,0.8995836313716844,1.0,1.0,1.0,1.0,1.0,0.994748687171793,1.0,1.0,0.9973674313651749,0.9998755608986282
8,A_baseline,Stacking (RF+SVM),21,0.9965277777777778,0.996984649122807,0.9965277777777778,0.9988154465766406,0.9966467769832491,0.9758994906429684,0.9995013943411558,0.9997030345662534,0.0003256198382058144,33,0,0,0,74,0,5,0,1328,1.0,0.9964463397299218,0.868421052631579,0.9295774647887324,0.9749508401954547,1.0,1.0,1.0,1.0,0.9999999999999999,0.9962490622655664,1.0,1.0,0.9981210071401729,0.9999589978375818
8,C_HFSonly,Logistic Regression,8,0.9465277777777777,0.9351152204775589,0.9465277777777777,0.8118496551523329,0.9365760287394354,0.7184509236824858,0.979772580806069,0.9747529402547486,0.010908823116911302,29,2,2,0,17,57,6,10,1317,0.8787878787878788,0.9957356076759062,0.8285714285714286,0.8529411764705883,0.9167943862722844,0.22972972972972974,0.9912152269399708,0.5862068965517241,0.3300970873786408,0.5934845042163802,0.9879969992498124,0.4485981308411215,0.9571220930232558,0.9723145071982281,0.9983742742767221
8,C_HFSonly,Decision Tree,8,0.9826388888888888,0.9861628733997155,0.9826388888888888,0.9939279063096288,0.9835421479517905,0.936376892168696,0.9936595391202104,0.9937919627698587,0.004207123049424606,33,0,0,0,74,0,4,21,1308,1.0,0.9971570717839374,0.8918918918918919,0.9428571428571428,0.9025686843868663,1.0,0.9846266471449487,0.7789473684210526,0.8757396449704142,0.8351569956833115,0.981245311327832,1.0,1.0,0.990533888678531,0.9993568157317191
8,C_HFSonly,KNN,8,0.9673611111111111,0.9653432647410273,0.9673611111111111,0.8736954793608961,0.963510946981597,0.8478647001918711,0.9750750920409432,0.9657255138482135,0.016376780522921675,30,0,3,0,37,37,2,5,1326,0.9090909090909091,0.9985785358919688,0.9375,0.923076923076923,0.9116169055649814,0.5,0.9963396778916545,0.8809523809523809,0.6379310344827586,0.753422673182286,0.994748687171793,0.6261682242990654,0.9707174231332357,0.9825861430159318,0.9966094623219877
8,C_HFSonly,SVM (RBF),8,0.9618055555555556,0.9587394113347093,0.9618055555555556,0.8574013125301237,0.9567321545776871,0.8155293769687555,0.9906469506108214,0.9890147327138902,0.0042683812035223985,30,0,3,0,32,42,4,6,1323,0.9090909090909091,0.9971570717839374,0.8823529411764706,0.8955223880597014,0.964491534829601,0.43243243243243246,0.9956076134699854,0.8421052631578947,0.5714285714285715,0.7940729501055209,0.9924981245311327,0.5794392523364486,0.9671052631578947,0.9796371714179932,0.9992480011134632
8,C_HFSonly,SVM (Linear),8,0.9465277777777777,0.9342723026947772,0.9465277777777777,0.7917367303085706,0.9328992921772644,0.7028513250727569,0.9854776279945491,0.9836870953779429,0.005826403079504279,29,0,4,0,12,62,4,7,1322,0.8787878787878788,0.9971570717839374,0.8787878787878788,0.8787878787878788,0.9268557365962851,0.16216216216216217,0.9948755490483162,0.631578947368421,0.25806451612903225,0.6590284842206446,0.991747936984246,0.38317757009345793,0.952449567723343,0.9717015803013598,0.9988471033159687
8,C_HFSonly,Random Forest,8,0.9826388888888888,0.9856650894370009,0.9826388888888888,0.9910637737752285,0.9834386220718948,0.9332121963043084,0.9949306755585657,0.9964232525166885,0.0015710594173408434,33,0,0,0,73,1,5,19,1309,1.0,0.9964463397299218,0.868421052631579,0.9295774647887324,0.9713386646793333,0.9864864864864865,0.986090775988287,0.7934782608695652,0.8795180722891566,0.9081290675738183,0.9819954988747187,0.9906542056074766,0.999236641221374,0.9905410518350359,0.9995911038924072
8,C_HFSonly,AdaBoost,8,0.9715277777777778,0.9799733396063671,0.9715277777777778,0.9900377843058292,0.9738033361523116,0.9032635961488421,0.987363919449398,0.9904051446758448,0.001730013290412105,33,0,0,0,74,0,6,35,1292,1.0,0.9957356076759062,0.8461538461538461,0.9166666666666666,0.8461538461538461,1.0,0.9743777452415813,0.6788990825688074,0.8087431693989072,0.6788990825688074,0.9692423105776444,1.0,1.0,0.9843809523809524,0.9982786850352845
8,C_HFSonly,Bagging,8,0.9833333333333333,0.9861137159835672,0.9833333333333333,0.9913077952491182,0.9840659690991294,0.9351162646042362,0.9953663383753301,0.9962382075364757,0.001898758594533899,33,0,0,0,73,1,5,18,1310,1.0,0.9964463397299218,0.868421052631579,0.9295774647887324,0.9662772901164167,0.9864864864864865,0.986822840409956,0.8021978021978022,0.8848484848484848,0.8996832895538577,0.9827456864216054,0.9906542056074766,0.9992372234935164,0.9909228441754917,0.99962299375729
8,C_HFSonly,XGBoost,8,0.9819444444444444,0.9848429049444495,0.9819444444444444,0.9879485089777207,0.9827428507497253,0.930823717346485,0.9949943231260652,0.9961952403692299,0.0018794271022307741,33,0,0,0,72,2,5,19,1309,1.0,0.9964463397299218,0.868421052631579,0.9295774647887324,0.9855566107089264,0.972972972972973,0.986090775988287,0.7912087912087912,0.8727272727272727,0.9001594497532672,0.9819954988747187,0.9813084112149533,0.9984744469870328,0.9901664145234494,0.9995954119441174
8,C_HFSonly,Stacking (RF+SVM),8,0.9805555555555555,0.982872038777457,0.9805555555555555,0.978846736059087,0.9812686664529424,0.9226364090076745,0.9952947502762685,0.9964787398470631,0.0014621740959028504,32,0,1,0,70,4,5,18,1310,0.9696969696969697,0.9964463397299218,0.8648648648648649,0.9142857142857143,0.9713386646793334,0.9459459459459459,0.986822840409956,0.7954545454545454,0.8641975308641975,0.9131389123670131,0.9827456864216054,0.9532710280373832,0.9961977186311787,0.9894259818731117,0.9996209720698663
8,D_SMOTEonly,Logistic Regression,21,0.9722222222222222,0.9799319727891156,0.9722222222222222,0.990352913671897,0.9742574641425048,0.8833702908665142,0.9914223625792924,0.988476605310523,0.009039765394737923,33,0,0,0,74,0,16,24,1293,1.0,0.9886282871357498,0.673469387755102,0.8048780487804877,0.8093453212871183,1.0,0.9824304538799414,0.7551020408163265,0.8604651162790697,0.8122174101986575,0.9699924981245311,1.0,1.0,0.9847677075399848,0.9993103887840377
8,D_SMOTEonly,Decision Tree,21,0.9902777777777778,0.9914047976547977,0.9902777777777778,0.9966121425224155,0.990551241783092,0.9580956563086124,0.9950285460785349,0.9960849861970674,0.0012230180598964578,33,0,0,0,74,0,4,10,1319,1.0,0.9971570717839374,0.8918918918918919,0.9428571428571428,0.8918918918918919,1.0,0.9926793557833089,0.8809523809523809,0.9367088607594937,0.8809523809523809,0.9894973743435859,1.0,1.0,0.9947209653092005,0.9993813477722008
8,D_SMOTEonly,KNN,21,0.86875,0.9395492073309454,0.86875,0.89943298012437,0.8949648331853055,0.7006727918326113,0.9198690378554224,0.9053123476676788,0.0243959896524347,32,1,0,2,53,19,13,154,1166,0.9696969696969697,0.9893390191897654,0.6808510638297872,0.7999999999999999,0.8182031182761352,0.7162162162162162,0.8865300146412884,0.2548076923076923,0.375886524822695,0.40043761530190086,0.8747186796699175,0.822429906542056,0.9839662447257383,0.926131850675139,0.990155693394363
8,D_SMOTEonly,SVM (RBF),21,0.9819444444444444,0.9826385746606334,0.9819444444444444,0.967849805712394,0.9822117405707073,0.9131288313564222,0.9954736971689366,0.9876083446615747,0.0039308509394429866,29,1,3,0,68,6,5,11,1317,0.8787878787878788,0.9964463397299218,0.8529411764705882,0.8656716417910447,0.9499731548657698,0.918918918918919,0.9912152269399708,0.85,0.8831168831168831,0.9576678201750827,0.9879969992498124,0.9158878504672897,0.9932126696832579,0.9905979691613388,0.9996233498410998
8,D_SMOTEonly,SVM (Linear),21,0.9694444444444444,0.978470709570957,0.9694444444444444,0.9893839385655561,0.9718434980341256,0.874704641821071,0.9937651142395266,0.9929019740663227,0.005778279822233119,33,0,0,0,74,0,17,27,1289,1.0,0.9879175550817342,0.66,0.7951807228915663,0.8980875153943029,1.0,0.9802342606149341,0.7326732673267327,0.8457142857142858,0.8667868895847207,0.9669917479369843,1.0,1.0,0.9832189168573608,0.9995006934159124
8,D_SMOTEonly,Random Forest,21,0.9958333333333333,0.996474358974359,0.9958333333333333,0.9985785358919688,0.9960022451963242,0.971470342522974,0.9993743062428548,0.9996378020077898,0.0005116418698272203,33,0,0,0,74,0,6,0,1327,1.0,0.9957356076759062,0.8461538461538461,0.9166666666666666,0.9768642976407964,1.0,1.0,1.0,1.0,1.0,0.9954988747186797,1.0,1.0,0.9977443609022557,0.9999464569175163
8,D_SMOTEonly,AdaBoost,21,0.9715277777777778,0.9799733396063671,0.9715277777777778,0.9900377843058292,0.9738033361523116,0.9032635961488421,0.987363919449398,0.9904051446758448,0.001730013290412105,33,0,0,0,74,0,6,35,1292,1.0,0.9957356076759062,0.8461538461538461,0.9166666666666666,0.8461538461538461,1.0,0.9743777452415813,0.6788990825688074,0.8087431693989072,0.6788990825688074,0.9692423105776444,1.0,1.0,0.9843809523809524,0.9982786850352845
8,D_SMOTEonly,Bagging,21,0.9958333333333333,0.996474358974359,0.9958333333333333,0.9985785358919688,0.9960022451963242,0.971470342522974,0.9988942207631182,0.9994333045546545,0.0007114469391496668,33,0,0,0,74,0,6,0,1327,1.0,0.9957356076759062,0.8461538461538461,0.9166666666666666,0.9143578643578644,1.0,1.0,1.0,1.0,1.0,0.9954988747186797,1.0,1.0,0.9977443609022557,0.9998327706926732
8,D_SMOTEonly,XGBoost,21,0.9916666666666667,0.9927371220112517,0.9916666666666667,0.9971215178378484,0.991937629807407,0.9556361244877264,0.9983554034825133,0.9996212360468002,0.0003586234503563587,33,0,0,0,74,0,7,5,1321,1.0,0.9950248756218906,0.825,0.9041095890410958,0.8467373860655036,1.0,0.9963396778916545,0.9367088607594937,0.9673202614379084,0.9999999999999998,0.9909977494373593,1.0,1.0,0.9954785229841747,0.9998677919164656
8,D_SMOTEonly,Stacking (RF+SVM),21,0.9979166666666667,0.9980902777777778,0.9979166666666667,0.9992892679459843,0.9979607830331922,0.985131730041851,0.9994733857415193,0.9994471742305562,0.00045182207596202004,33,0,0,0,74,0,3,0,1330,1.0,0.997867803837953,0.9166666666666666,0.9565217391304348,0.9851732061810154,1.0,1.0,1.0,1.0,1.0,0.9977494373593399,1.0,1.0,0.9988734509951183,0.9999562391010541
8,B_HFS_SMOTE,Logistic Regression,8,0.9583333333333334,0.9733054428668019,0.9583333333333334,0.9854867057725386,0.9624166409404172,0.8472126209614598,0.9854331985120726,0.9865128946908428,0.0027971472442696716,33,0,0,0,74,0,18,42,1273,1.0,0.9872068230277186,0.6470588235294118,0.7857142857142858,0.8938685851789033,1.0,0.9692532942898975,0.6379310344827587,0.7789473684210527,0.6639119371797293,0.9549887471867967,1.0,1.0,0.9769762087490408,0.9988317828599107
8,B_HFS_SMOTE,Decision Tree,8,0.9784722222222222,0.9837848987601463,0.9784722222222222,0.9924637774662904,0.9798713818860877,0.9256022408963586,0.9906264813603911,0.9922144433424863,0.00151440712090001,33,0,0,0,74,0,4,27,1302,1.0,0.9971570717839374,0.8918918918918919,0.9428571428571428,0.8918918918918919,1.0,0.9802342606149341,0.7326732673267327,0.8457142857142858,0.7326732673267327,0.9767441860465116,1.0,1.0,0.988235294117647,0.9987086920815498
8,B_HFS_SMOTE,KNN,8,0.9576388888888889,0.9693488265333807,0.9576388888888889,0.9650728731411441,0.9614145267781691,0.8517260530131684,0.9823160844842257,0.9741982126193587,0.013828043629656225,31,1,1,1,67,6,7,45,1281,0.9393939393939394,0.994314143567875,0.7948717948717948,0.8611111111111112,0.8266746843002823,0.9054054054054054,0.9663250366032211,0.5929203539823009,0.7165775401069518,0.7534220083559104,0.9609902475618904,0.9345794392523364,0.9945652173913043,0.9774895078214422,0.9977712339164235
8,B_HFS_SMOTE,SVM (RBF),8,0.9569444444444445,0.9733041666666666,0.9569444444444445,0.9849488873002344,0.9615158298104278,0.8590173087660524,0.9899435214402582,0.9853318721789515,0.0069027741466486225,33,0,0,0,74,0,11,51,1271,1.0,0.992181947405828,0.75,0.8571428571428571,0.9128795410399128,1.0,0.9626647144948756,0.592,0.743718592964824,0.7931319799104068,0.9534883720930233,1.0,1.0,0.9761904761904763,0.9991951746816946
8,B_HFS_SMOTE,SVM (Linear),8,0.94375,0.9681320366488082,0.94375,0.9803764763992907,0.9506655854490109,0.8147470696443325,0.9858345789999134,0.9871059941629129,0.0030246540705752864,33,0,0,0,74,0,20,61,1252,1.0,0.9857853589196873,0.6226415094339622,0.7674418604651162,0.9012923563716175,1.0,0.9553440702781845,0.5481481481481482,0.708133971291866,0.7007830929102197,0.9392348087021756,1.0,1.0,0.9686653771760155,0.9988623142406033
8,B_HFS_SMOTE,Random Forest,8,0.9784722222222222,0.9836235380116959,0.9784722222222222,0.9924708882555083,0.9798168278697804,0.9227958238500191,0.9950118933460652,0.9957429969075516,0.0014517153908576187,33,0,0,0,74,0,5,26,1302,1.0,0.9964463397299218,0.868421052631579,0.9295774647887324,0.9783352055162905,1.0,0.9809663250366032,0.74,0.8505747126436781,0.8973867824560269,0.9767441860465116,1.0,1.0,0.988235294117647,0.9995973223532268
8,B_HFS_SMOTE,AdaBoost,8,0.9715277777777778,0.9799733396063671,0.9715277777777778,0.9900377843058292,0.9738033361523116,0.9032635961488421,0.987363919449398,0.9904051446758448,0.001730013290412105,33,0,0,0,74,0,6,35,1292,1.0,0.9957356076759062,0.8461538461538461,0.9166666666666666,0.8461538461538461,1.0,0.9743777452415813,0.6788990825688074,0.8087431693989072,0.6788990825688074,0.9692423105776444,1.0,1.0,0.9843809523809524,0.9982786850352845
8,B_HFS_SMOTE,Bagging,8,0.9805555555555555,0.9840809821410573,0.9805555555555555,0.9874533552407234,0.9815386671953669,0.9298006560686348,0.9953177065385325,0.9959037702339215,0.002194093549806984,33,0,0,0,72,2,4,22,1307,1.0,0.9971570717839374,0.8918918918918919,0.9428571428571428,0.9329305144920981,0.972972972972973,0.9838945827232797,0.7659574468085106,0.8571428571428571,0.8896641840950291,0.9804951237809453,0.9813084112149533,0.998472116119175,0.9894019682059048,0.9995918277548328
8,B_HFS_SMOTE,XGBoost,8,0.9770833333333333,0.9828778953101709,0.9770833333333333,0.991982845307729,0.9786087019002767,0.9193177745477109,0.9939041462323056,0.995845183146535,0.00154545949248206,33,0,0,0,74,0,5,28,1300,1.0,0.9964463397299218,0.868421052631579,0.9295774647887324,0.9379581866279726,1.0,0.9795021961932651,0.7254901960784313,0.8409090909090908,0.8945559893309489,0.9752438109527382,1.0,1.0,0.9874667679453095,0.9995123802940082
8,B_HFS_SMOTE,Stacking (RF+SVM),8,0.9791666666666666,0.9835605280886316,0.9791666666666666,0.9898436664057799,0.9803459245582319,0.9240021275578459,0.9946348380916032,0.9956521379458338,0.0012761529960431779,33,0,0,0,73,1,5,24,1304,1.0,0.9964463397299218,0.868421052631579,0.9295774647887324,0.9705485146330987,0.9864864864864865,0.9824304538799414,0.7525773195876289,0.8538011695906433,0.8971786443802874,0.978244561140285,0.9906542056074766,0.9992337164750957,0.9886277482941622,0.9995710920848286
8,NAIVE_majority,DummyClassifier,21,0.9256944444444445,0.8569102044753086,0.9256944444444445,0.6666666666666666,0.8899752574428018,0.32047121048202915,,,,0,0,33,0,0,74,0,0,1333,0.0,1.0,0.0,0.0,,0.0,1.0,0.0,0.0,,1.0,0.0,0.9256944444444445,0.9614136314460874,
9,A_baseline,Logistic Regression,21,0.9520833333333333,0.9423787091500725,0.9520833333333333,0.8252654678702692,0.9428062059691895,0.719494869771113,0.9896057538061258,0.9821390334118612,0.011682016116168413,24,8,1,0,20,54,3,3,1327,0.7272727272727273,0.997867803837953,0.8888888888888888,0.7999999999999999,0.9197490139075242,0.2702702702702703,0.9919472913616398,0.6451612903225806,0.380952380952381,0.6795329128138976,0.9954988747186797,0.48598130841121495,0.9602026049204052,0.9775322283609578,0.9991800368218304
9,A_baseline,Decision Tree,21,0.9958333333333333,0.9960551485551485,0.9958333333333333,0.9985500927350975,0.9958856086294168,0.9806722689075631,0.9983687190445034,0.9958205385404335,0.004387289372528669,33,0,0,0,74,0,2,4,1327,1.0,0.9985785358919688,0.9428571428571428,0.9705882352941176,0.9705882352941176,1.0,0.9970717423133236,0.9487179487179487,0.9736842105263158,0.9487179487179487,0.9954988747186797,1.0,1.0,0.9977443609022557,0.9997863226771605
9,A_baseline,KNN,21,0.9465277777777777,0.9322527896486229,0.9465277777777777,0.7802375354356625,0.9295166664213325,0.6635102682833481,0.8928207506844292,0.8955166854170479,0.023824013484298585,25,4,4,0,8,66,2,1,1330,0.7575757575757576,0.9985785358919688,0.9259259259259259,0.8333333333333334,0.9056866559839706,0.10810810810810811,0.9963396778916545,0.6153846153846154,0.1839080459770115,0.3393346981582276,0.9977494373593399,0.34579439252336447,0.95,0.9732894255396999,0.98396141398289
9,A_baseline,SVM (RBF),21,0.9381944444444444,0.9420627246444757,0.9381944444444444,0.7227414330218068,0.9127436815218123,0.5581205888283928,0.995445706452981,0.991922764363198,0.003675531930864861,17,0,16,0,1,73,0,0,1333,0.5151515151515151,1.0,1.0,0.6799999999999999,0.9597166829630583,0.013513513513513514,1.0,1.0,0.026666666666666665,0.893467821557449,1.0,0.16822429906542055,0.9374120956399438,0.9676950998185119,0.9996402228537717
9,A_baseline,SVM (Linear),21,0.9402777777777778,0.917962700475103,0.9402777777777778,0.743593533076456,0.9163678275194788,0.5983248938673214,0.994688827677912,0.9927936428020514,0.001731346125406007,24,0,9,0,1,73,3,1,1329,0.7272727272727273,0.997867803837953,0.8888888888888888,0.7999999999999999,0.9361182668803466,0.013513513513513514,0.9992679355783309,0.5,0.026315789473684213,0.7786802400248607,0.9969992498124531,0.2336448598130841,0.9418851878100638,0.9686588921282798,0.9995933443057816
9,A_baseline,Random Forest,21,0.9965277777777778,0.9966497962821492,0.9965277777777778,0.9987941142089872,0.9965619334201399,0.9779512337754458,0.9996905657555696,0.9993296073495701,0.0006634020044455165,32,1,0,0,74,0,2,2,1329,0.9696969696969697,0.9985785358919688,0.9411764705882353,0.955223880597015,0.9788936924487441,1.0,0.9978038067349927,0.961038961038961,0.9801324503311257,0.9996443812233285,0.9969992498124531,1.0,1.0,0.9984973703981969,0.9999744501342727
9,A_baseline,AdaBoost,21,0.9465277777777777,0.8979112258626148,0.9465277777777777,0.768759672930408,0.9215721795964763,0.6427962489343564,0.9909630373987867,0.9894836661564697,0.0014580104464748285,33,0,0,0,0,74,3,0,1330,1.0,0.997867803837953,0.9166666666666666,0.9565217391304348,0.9166666666666666,0.0,1.0,0.0,0.0,0.7254901960784313,0.9977494373593399,0.308411214953271,0.9472934472934473,0.9718670076726343,0.9987256563072392
9,A_baseline,Bagging,21,0.9965277777777778,0.9966014607597425,0.9965277777777778,0.9959157600961511,0.9965495229032789,0.985510126174734,0.9994960606684281,0.999671545080161,0.0004050791656602233,33,0,0,0,73,1,1,3,1329,1.0,0.9992892679459844,0.9705882352941176,0.9850746268656716,0.9972721871117594,0.9864864864864865,0.9978038067349927,0.9605263157894737,0.9733333333333333,0.9831721708837042,0.9969992498124531,0.9906542056074766,0.9992481203007518,0.9981224183251972,0.9999347228052439
9,A_baseline,XGBoost,21,0.9944444444444445,0.9945781594136858,0.9944444444444445,0.9951908064637,0.9944907778134229,0.9637195806083656,0.9998101270901022,0.9995123179450273,0.0006009610182618781,31,2,0,1,72,1,1,3,1329,0.9393939393939394,0.9985785358919688,0.9393939393939394,0.9393939393939394,0.9937677294769325,0.972972972972973,0.9963396778916545,0.935064935064935,0.9536423841059603,0.9964027717662987,0.9969992498124531,0.9906542056074766,0.9992481203007518,0.9981224183251972,0.9999848934569118
9,A_baseline,Stacking (RF+SVM),21,0.9951388888888889,0.9952792489050954,0.9951388888888889,0.9954348279375896,0.995172308118154,0.9702747351725168,0.9996295830219749,0.9995819872705859,0.0003563271333231014,31,1,1,0,74,0,2,3,1328,0.9393939393939394,0.9985785358919688,0.9393939393939394,0.9393939393939394,0.981215646393416,1.0,0.9970717423133236,0.9487179487179487,0.9736842105263158,0.9983698901542447,0.9962490622655664,0.9906542056074766,0.999247554552295,0.9977460555972952,0.9999695903173487
9,C_HFSonly,Logistic Regression,8,0.9493055555555555,0.9378289847970172,0.9493055555555555,0.8156827627930742,0.9388104728737003,0.7051615014701147,0.9884636418185716,0.9853730323308133,0.009280281006079888,25,7,1,0,17,57,4,4,1325,0.7575757575757576,0.9971570717839374,0.8620689655172413,0.8064516129032258,0.9099121977115097,0.22972972972972974,0.9919472913616398,0.6071428571428571,0.33333333333333337,0.6611062461314319,0.9939984996249063,0.45794392523364486,0.958062183658713,0.975699558173785,0.9990876698629167
9,C_HFSonly,Decision Tree,8,0.99375,0.994249461101313,0.99375,0.9978180283134283,0.9938696066151724,0.9740132220285251,0.996996383072427,0.9955179151077326,0.0009095246116539677,33,0,0,0,74,0,2,7,1324,1.0,0.9985785358919688,0.9428571428571428,0.9705882352941176,0.9428571428571428,1.0,0.9948755490483162,0.9135802469135802,0.9548387096774192,0.9135802469135802,0.9932483120780196,1.0,1.0,0.9966127211140384,0.9996119321941992
9,C_HFSonly,KNN,8,0.9680555555555556,0.966209772581183,0.9680555555555556,0.8768178549476219,0.9635879545533818,0.8320775591351959,0.975269856468471,0.9798877446982429,0.011694374279969765,29,3,1,1,35,38,2,1,1330,0.8787878787878788,0.997867803837953,0.90625,0.8923076923076922,0.9254619932039286,0.47297297297297297,0.9970717423133236,0.8974358974358975,0.6194690265486726,0.7925028056758343,0.9977494373593399,0.6355140186915887,0.9715120525931337,0.9844559585492227,0.9963420046082624
9,C_HFSonly,SVM (RBF),8,0.9722222222222222,0.9705532395214838,0.9722222222222222,0.8955023329434507,0.9692550538086253,0.8642270427984714,0.9967527993232368,0.9965527784941199,0.0013663097381685935,30,3,0,0,41,33,2,2,1329,0.9090909090909091,0.9985785358919688,0.9375,0.923076923076923,0.8779007842701804,0.5540540540540541,0.9963396778916545,0.8913043478260869,0.6833333333333333,0.928990703266893,0.9969992498124531,0.6915887850467289,0.9757709251101322,0.9862708719851577,0.9997473147320485
9,C_HFSonly,SVM (Linear),8,0.9402777777777778,0.917962700475103,0.9402777777777778,0.743593533076456,0.9163678275194788,0.5983248938673214,0.9938177018884378,0.9933054336499868,0.0016338429505145095,24,0,9,0,1,73,3,1,1329,0.7272727272727273,0.997867803837953,0.8888888888888888,0.7999999999999999,0.9311771339118913,0.013513513513513514,0.9992679355783309,0.5,0.026315789473684213,0.7548929277546448,0.9969992498124531,0.2336448598130841,0.9418851878100638,0.9686588921282798,0.9995244269163983
9,C_HFSonly,Random Forest,8,0.9958333333333333,0.9960335497835499,0.9958333333333333,0.9985572035243152,0.9958916162303928,0.973143309353178,0.9990768266768024,0.9988297454981611,0.0007718268084515287,32,1,0,0,74,0,3,2,1328,0.9696969696969697,0.997867803837953,0.9142857142857143,0.9411764705882354,0.9819566726786622,1.0,0.9978038067349927,0.961038961038961,0.9801324503311257,0.9532869757199574,0.9962490622655664,1.0,1.0,0.9981210071401729,0.9999268347817709
9,C_HFSonly,AdaBoost,8,0.9465277777777777,0.8979112258626148,0.9465277777777777,0.768759672930408,0.9215721795964763,0.6427962489343564,0.9909630373987867,0.9894836661564697,0.0014580104464748285,33,0,0,0,0,74,3,0,1330,1.0,0.997867803837953,0.9166666666666666,0.9565217391304348,0.9166666666666666,0.0,1.0,0.0,0.0,0.7254901960784313,0.9977494373593399,0.308411214953271,0.9472934472934473,0.9718670076726343,0.9987256563072392
9,C_HFSonly,Bagging,8,0.9965277777777778,0.9966240949596212,0.9965277777777778,0.995922870885369,0.9965532378515887,0.9828588084771318,0.9994091618372867,0.9990690658668161,0.000842217588824866,33,0,0,0,73,1,2,2,1329,1.0,0.9985785358919688,0.9428571428571428,0.9705882352941176,0.9973501246228519,0.9864864864864865,0.9985358711566618,0.9733333333333334,0.9798657718120806,0.9798031828254355,0.9969992498124531,0.9906542056074766,0.9992481203007518,0.9981224183251972,0.999938074730042
9,C_HFSonly,XGBoost,8,0.9944444444444445,0.9946345013524532,0.9944444444444445,0.9951979172529177,0.9945099414170877,0.9663075087285101,0.9990641100847347,0.9988705932160299,0.0007948145119622211,32,1,0,1,72,1,2,3,1328,0.9696969696969697,0.997867803837953,0.9142857142857143,0.9411764705882354,0.9914527973351502,0.972972972972973,0.9970717423133236,0.9473684210526315,0.9599999999999999,0.9578522624866329,0.9962490622655664,0.9906542056074766,0.999247554552295,0.9977460555972952,0.9999279663720906
9,C_HFSonly,Stacking (RF+SVM),8,0.9944444444444445,0.9947569444444445,0.9944444444444445,0.9980620497873179,0.9945209140274931,0.9660590871117187,0.9984883243014369,0.9987463796128278,0.0005767204283860282,31,2,0,0,74,0,2,4,1327,0.9393939393939394,0.9985785358919688,0.9393939393939394,0.9393939393939394,0.9653353637602538,1.0,0.9956076134699854,0.925,0.961038961038961,0.971093878042041,0.9954988747186797,1.0,1.0,0.9977443609022557,0.9998797967184054
9,D_SMOTEonly,Logistic Regression,21,0.975,0.9801694842543084,0.975,0.9884150915085308,0.9765476833001796,0.8786350118755365,0.9942130127644216,0.9881801038803605,0.009083495541040017,29,4,0,1,72,1,9,21,1303,0.8787878787878788,0.9928926794598436,0.7435897435897436,0.8055555555555556,0.8563426700497005,0.972972972972973,0.9816983894582724,0.7422680412371134,0.8421052631578948,0.893297653016169,0.9774943735933983,0.9906542056074766,0.9992331288343558,0.9882442169131589,0.999541265347825
9,D_SMOTEonly,Decision Tree,21,0.9958333333333333,0.9960551485551485,0.9958333333333333,0.9985500927350975,0.9958856086294168,0.9806722689075631,0.9977732180226876,0.9959255091629708,0.004650389197706282,33,0,0,0,74,0,2,4,1327,1.0,0.9985785358919688,0.9428571428571428,0.9705882352941176,0.9428571428571428,1.0,0.9970717423133236,0.9487179487179487,0.9736842105263158,0.9487179487179487,0.9954988747186797,1.0,1.0,0.9977443609022557,0.9997304671660204
9,D_SMOTEonly,KNN,21,0.8756944444444444,0.9344439537287846,0.8756944444444444,0.8817531592302869,0.898951000012469,0.690737129228881,0.9238179858347562,0.910072323133873,0.019619117617155252,30,2,1,5,44,25,7,139,1187,0.9090909090909091,0.9914712153518124,0.7142857142857143,0.8,0.7866030286484833,0.5945945945945946,0.8967789165446559,0.23783783783783785,0.3397683397683398,0.35143213893104397,0.8904726181545386,0.7570093457943925,0.9785655399835119,0.9324430479183032,0.9911480015269393
9,D_SMOTEonly,SVM (RBF),21,0.9770833333333333,0.9786547541356432,0.9770833333333333,0.9690271202972198,0.9776450331047388,0.8734921973169495,0.9880659439675936,0.9867221113567638,0.009599763118293412,26,3,4,3,67,4,4,15,1314,0.7878787878787878,0.9950248756218906,0.7878787878787878,0.7878787878787878,0.8994363578413904,0.9054054054054054,0.986822840409956,0.788235294117647,0.8427672955974842,0.9271462566175085,0.9857464366091523,0.9252336448598131,0.9939485627836612,0.9898305084745763,0.9988860582636672
9,D_SMOTEonly,SVM (Linear),21,0.975,0.981021023729357,0.975,0.9912934456213668,0.9766435788321395,0.8897466876719121,0.9963593174723422,0.9926947861175279,0.007190905126982503,31,2,0,0,74,0,11,23,1299,0.9393939393939394,0.992181947405828,0.7380952380952381,0.8266666666666667,0.9489222250075096,1.0,0.9816983894582724,0.7474747474747475,0.8554913294797689,0.906214892229156,0.9744936234058514,1.0,1.0,0.9870820668693009,0.999710404324706
9,D_SMOTEonly,Random Forest,21,0.9951388888888889,0.9954549501424501,0.9951388888888889,0.9983131820504255,0.9952143298472431,0.9758577936739751,0.9998617030143456,0.9994552148229501,0.0006673860605291865,33,0,0,0,74,0,3,4,1326,1.0,0.997867803837953,0.9166666666666666,0.9565217391304348,0.9900408312937385,1.0,0.9970717423133236,0.9487179487179487,0.9736842105263158,0.9985638922606714,0.994748687171793,1.0,1.0,0.9973674313651749,0.9999882651653637
9,D_SMOTEonly,AdaBoost,21,0.9694444444444444,0.9784102529900849,0.9694444444444444,0.9893768277763383,0.9718187947971464,0.8763353521823131,0.9909630373987867,0.9894858390742549,0.0014577109463102713,33,0,0,0,74,0,16,28,1289,1.0,0.9886282871357498,0.673469387755102,0.8048780487804877,0.9166666666666666,1.0,0.9795021961932651,0.7254901960784313,0.8409090909090908,0.7254901960784313,0.9669917479369843,1.0,1.0,0.9832189168573608,0.9987256563072392
9,D_SMOTEonly,Bagging,21,0.9958333333333333,0.9960551485551485,0.9958333333333333,0.9985500927350975,0.9958856086294168,0.9806722689075631,0.9995459960553648,0.9990956807763597,0.0007982191856608647,33,0,0,0,74,0,2,4,1327,1.0,0.9985785358919688,0.9428571428571428,0.9705882352941176,0.9671298064680418,1.0,0.9970717423133236,0.9487179487179487,0.9736842105263158,0.9989400713084924,0.9954988747186797,1.0,1.0,0.9977443609022557,0.9999375073162713
9,D_SMOTEonly,XGBoost,21,0.9916666666666667,0.9921981880802635,0.9916666666666667,0.994221831357359,0.9918323470939326,0.9574930594715484,0.9998675657245774,0.9994714379580101,0.000661201969249715,32,1,0,1,72,1,2,7,1324,0.9696969696969697,0.997867803837953,0.9142857142857143,0.9411764705882354,0.9887786960514231,0.972972972972973,0.9941434846266471,0.9,0.935064935064935,0.9955240108445846,0.9932483120780196,0.9906542056074766,0.999245283018868,0.9962377727614748,0.999990429602127
9,D_SMOTEonly,Stacking (RF+SVM),21,0.9916666666666667,0.9919568119764124,0.9916666666666667,0.9913576988229588,0.9917701711777748,0.9465028739882148,0.9993654612093545,0.9994033561553876,0.0005111833201102797,30,2,1,1,72,1,3,4,1326,0.9090909090909091,0.9971570717839374,0.8823529411764706,0.8955223880597014,0.9692606742788653,0.972972972972973,0.9956076134699854,0.9230769230769231,0.9473684210526315,0.9967239385482477,0.994748687171793,0.9813084112149533,0.9984939759036144,0.9966178128523112,0.9999485576389686
9,B_HFS_SMOTE,Logistic Regression,8,0.9798611111111111,0.983909943853428,0.9798611111111111,0.992987374360159,0.9809581617712229,0.9066787670944497,0.9936616491733634,0.9897336497273377,0.005486109481235477,31,2,0,0,74,0,9,18,1306,0.9393939393939394,0.9936034115138592,0.775,0.8493150684931509,0.8817107117382506,1.0,0.9853587115666179,0.7872340425531915,0.880952380952381,0.8787171466057364,0.9797449362340586,1.0,1.0,0.9897688518378175,0.9994942406525864
9,B_HFS_SMOTE,Decision Tree,8,0.99375,0.994249461101313,0.99375,0.9978180283134283,0.9938696066151724,0.9740132220285251,0.996996383072427,0.9957477299342947,0.0007256172546118644,33,0,0,0,74,0,2,7,1324,1.0,0.9985785358919688,0.9428571428571428,0.9705882352941176,0.9428571428571428,1.0,0.9948755490483162,0.9135802469135802,0.9548387096774192,0.9135802469135802,0.9932483120780196,1.0,1.0,0.9966127211140384,0.9996119321941992
9,B_HFS_SMOTE,KNN,8,0.9645833333333333,0.9721246458101078,0.9645833333333333,0.9733195716302377,0.9671239371311657,0.8360456873938577,0.9732672328788725,0.9845993646986528,0.00874624806533726,31,2,0,6,63,5,11,27,1295,0.9393939393939394,0.9879175550817342,0.6458333333333334,0.7654320987654321,0.8726289409243955,0.8513513513513513,0.9787701317715959,0.6847826086956522,0.7590361445783131,0.7553523162417195,0.9714928732183046,0.9532710280373832,0.9961538461538462,0.9836688188378276,0.9961594691000847
9,B_HFS_SMOTE,SVM (RBF),8,0.9701388888888889,0.978960326953748,0.9701388888888889,0.9895568521472676,0.9725822569879827,0.8873227383625423,0.9964857052367879,0.9963095851072387,0.0008771752293061867,31,2,0,0,74,0,7,34,1292,0.9393939393939394,0.9950248756218906,0.8157894736842105,0.8732394366197183,0.8904636054545185,1.0,0.9736456808199122,0.6727272727272727,0.8043478260869564,0.9228107090655875,0.9692423105776444,1.0,1.0,0.9843809523809524,0.9997213999360216
9,B_HFS_SMOTE,SVM (Linear),8,0.9694444444444444,0.9782363731656185,0.9694444444444444,0.989348384619467,0.9718198311504324,0.8789992035893676,0.9951690990554042,0.9935127215649423,0.001540438995162409,32,1,0,0,74,0,12,31,1290,0.9696969696969697,0.9914712153518124,0.7272727272727273,0.8311688311688312,0.940373255274279,1.0,0.9765739385065886,0.6981132075471698,0.8222222222222222,0.8818751215034588,0.967741935483871,1.0,1.0,0.9836065573770492,0.9996157484846487
9,B_HFS_SMOTE,Random Forest,8,0.9958333333333333,0.9960551485551485,0.9958333333333333,0.9985500927350975,0.9958856086294168,0.9806722689075631,0.9991353069039886,0.998857788548609,0.0007706766295559102,33,0,0,0,74,0,2,4,1327,1.0,0.9985785358919688,0.9428571428571428,0.9705882352941176,0.9946493197830096,1.0,0.9970717423133236,0.9487179487179487,0.9736842105263158,0.9609167057990168,0.9954988747186797,1.0,1.0,0.9977443609022557,0.999926412663797
9,B_HFS_SMOTE,AdaBoost,8,0.9784722222222222,0.9839835239651417,0.9784722222222222,0.9924566666770728,0.9799375952620837,0.9285553747190575,0.9906690998500395,0.9894967180649781,0.001501329194240786,33,0,0,0,74,0,3,28,1302,1.0,0.997867803837953,0.9166666666666666,0.9565217391304348,0.9166666666666666,1.0,0.9795021961932651,0.7254901960784313,0.8409090909090908,0.7175089528030704,0.9767441860465116,1.0,1.0,0.988235294117647,0.9987256563072392
9,B_HFS_SMOTE,Bagging,8,0.9958333333333333,0.9960551485551485,0.9958333333333333,0.9985500927350975,0.9958856086294168,0.9806722689075631,0.9991295052653787,0.9985895692910078,0.0007849902483378964,33,0,0,0,74,0,2,4,1327,1.0,0.9985785358919688,0.9428571428571428,0.9705882352941176,0.9991087344028521,1.0,0.9970717423133236,0.9487179487179487,0.9736842105263158,0.9676955703555988,0.9954988747186797,1.0,1.0,0.9977443609022557,0.9998879505912515
9,B_HFS_SMOTE,XGBoost,8,0.99375,0.9940017143791616,0.99375,0.994953895779028,0.9938345718598913,0.9640627548968125,0.9992384158583187,0.9986739648287106,0.0008512185943132136,32,1,0,1,72,1,2,4,1327,0.9696969696969697,0.997867803837953,0.9142857142857143,0.9411764705882354,0.9896120293847567,0.972972972972973,0.9963396778916545,0.935064935064935,0.9536423841059603,0.9667207932176365,0.9954988747186797,0.9906542056074766,0.9992469879518072,0.997369409996242,0.9999416173641125
9,B_HFS_SMOTE,Stacking (RF+SVM),8,0.99375,0.9942361111111111,0.99375,0.9978251391026461,0.9938658734397227,0.9713911404278114,0.9981860861178838,0.9987313908807067,0.0005977272230708473,33,0,0,0,74,0,3,6,1324,1.0,0.997867803837953,0.9166666666666666,0.9565217391304348,0.9775258641658573,1.0,0.9956076134699854,0.925,0.961038961038961,0.9616801784986626,0.9932483120780196,1.0,1.0,0.9966127211140384,0.9998558512667481
9,NAIVE_majority,DummyClassifier,21,0.9256944444444445,0.8569102044753086,0.9256944444444445,0.6666666666666666,0.8899752574428018,0.32047121048202915,,,,0,0,33,0,0,74,0,0,1333,0.0,1.0,0.0,0.0,,0.0,1.0,0.0,0.0,,1.0,0.0,0.9256944444444445,0.9614136314460874,
